{"type": "FeatureCollection", "features": [{"type": "Feature", "properties": {"levels": 5.0, "addr": "улица Акана-серэ 116", "name": "", "type": "yes", "tagged": true}, "geometry": {"type": "Polygon", "coordinates": [[[69.3872578, 53.2810379], [69.387447, 53.2810535], [69.3876002, 53.2804001], [69.3874028, 53.2803809], [69.3872578, 53.2810379]]]}}, {"type": "Feature", "properties": {"levels": 5.0, "addr": "улица Малика Габдуллина 109", "name": "", "type": "apartments", "tagged": true}, "geometry": {"type": "Polygon", "coordinates": [[[69.3987151, 53.2811535], [69.398921, 53.2811693], [69.398971, 53.2809359], [69.398765, 53.2809201], [69.3987151, 53.2811535]]]}}, {"type": "Feature", "properties": {"levels": 4.0, "addr": "улица Абая 145", "name": "", "type": "apartments", "tagged": true}, "geometry": {"type": "Polygon", "coordinates": [[[69.4047791, 53.2875039], [69.4052851, 53.2875375], [69.4053053, 53.2874287], [69.4047993, 53.2873951], [69.4047791, 53.2875039]]]}}, {"type": "Feature", "properties": {"levels": 3.0, "addr": "улица Пушкина 16", "name": "", "type": "yes", "tagged": true}, "geometry": {"type": "Polygon", "coordinates": [[[69.4042391, 53.2861266], [69.4044619, 53.2861479], [69.4045681, 53.2857502], [69.4043453, 53.2857289], [69.4042391, 53.2861266]]]}}, {"type": "Feature", "properties": {"levels": 5.0, "addr": "улица Ауельбекова 164", "name": "", "type": "apartments", "tagged": true}, "geometry": {"type": "Polygon", "coordinates": [[[69.4018743, 53.2847324], [69.4020685, 53.284749], [69.4022762, 53.2838795], [69.402082, 53.2838629], [69.4018743, 53.2847324]]]}}, {"type": "Feature", "properties": {"levels": 9.0, "addr": "Сункар микрорайон 5", "name": "", "type": "yes", "tagged": true}, "geometry": {"type": "Polygon", "coordinates": [[[69.4024395, 53.2775333], [69.4024633, 53.2774173], [69.4017512, 53.277365], [69.4017258, 53.2774887], [69.4024296, 53.2775404], [69.4030929, 53.2780487], [69.4032527, 53.2779742], [69.4025874, 53.2774643], [69.4024395, 53.2775333]]]}}, {"type": "Feature", "properties": {"levels": 5.0, "addr": "улица Малика Габдуллина 79", "name": "", "type": "apartments", "tagged": true}, "geometry": {"type": "Polygon", "coordinates": [[[69.3979121, 53.28403], [69.3981025, 53.2840469], [69.3982438, 53.2834765], [69.3980535, 53.2834596], [69.3979121, 53.28403]]]}}, {"type": "Feature", "properties": {"levels": 6.0, "addr": "улица Сабатаева 196", "name": "", "type": "yes", "tagged": true}, "geometry": {"type": "Polygon", "coordinates": [[[69.4040391, 53.2813143], [69.4041742, 53.2807985], [69.4040021, 53.2807824], [69.4038638, 53.2813106], [69.4040221, 53.2813247], [69.4039942, 53.2814368], [69.4048814, 53.2815193], [69.4049135, 53.2813956], [69.4040391, 53.2813143]]]}}, {"type": "Feature", "properties": {"levels": 5.0, "addr": "Сункар микрорайон 7", "name": "", "type": "yes", "tagged": true}, "geometry": {"type": "Polygon", "coordinates": [[[69.3992589, 53.2783462], [69.3999391, 53.2784017], [69.399966, 53.2782838], [69.3992858, 53.2782284], [69.3992589, 53.2783462]]]}}, {"type": "Feature", "properties": {"levels": 6.0, "addr": "улица Малика Габдуллина 70", "name": "", "type": "apartments", "tagged": true}, "geometry": {"type": "Polygon", "coordinates": [[[69.3978262, 53.2808946], [69.3980544, 53.2809103], [69.3981384, 53.2804745], [69.3979102, 53.2804588], [69.3978262, 53.2808946]]]}}, {"type": "Feature", "properties": {"levels": 4.0, "addr": "улица Абая 138", "name": "", "type": "yes", "tagged": true}, "geometry": {"type": "Polygon", "coordinates": [[[69.4034619, 53.2868441], [69.4042761, 53.2869186], [69.4043062, 53.2868012], [69.403492, 53.2867268], [69.4034619, 53.2868441]]]}}, {"type": "Feature", "properties": {"levels": 4.0, "addr": "улица Пушкина 9", "name": "", "type": "apartments", "tagged": true}, "geometry": {"type": "Polygon", "coordinates": [[[69.4044893, 53.2888112], [69.4046709, 53.2888281], [69.4047924, 53.2883607], [69.4046108, 53.2883438], [69.4044893, 53.2888112]]]}}, {"type": "Feature", "properties": {"levels": 5.0, "addr": "улица Пушкина 24", "name": "", "type": "apartments", "tagged": true}, "geometry": {"type": "Polygon", "coordinates": [[[69.4044821, 53.2838654], [69.4046689, 53.2838843], [69.4049094, 53.2830309], [69.4047226, 53.2830121], [69.4044821, 53.2838654]]]}}, {"type": "Feature", "properties": {"levels": 4.0, "addr": "улица Пушкина 11", "name": "", "type": "apartments", "tagged": true}, "geometry": {"type": "Polygon", "coordinates": [[[69.4046598, 53.2881815], [69.404842, 53.2881973], [69.4049763, 53.2876447], [69.4047941, 53.2876289], [69.4046598, 53.2881815]]]}}, {"type": "Feature", "properties": {"levels": 4.0, "addr": "улица Абая 136A", "name": "", "type": "yes", "tagged": true}, "geometry": {"type": "Polygon", "coordinates": [[[69.4032208, 53.2862405], [69.4037206, 53.2862835], [69.4037484, 53.2861679], [69.4032486, 53.286125], [69.4032208, 53.2862405]]]}}, {"type": "Feature", "properties": {"levels": 2, "addr": "улица Пушкина 7", "name": "", "type": "yes", "tagged": false}, "geometry": {"type": "Polygon", "coordinates": [[[69.4043298, 53.2892923], [69.4045344, 53.2893132], [69.4046218, 53.289007], [69.4044173, 53.2889861], [69.4043298, 53.2892923]]]}}, {"type": "Feature", "properties": {"levels": 4.0, "addr": "улица Алимжана Баймуканова 141А", "name": "", "type": "apartments", "tagged": true}, "geometry": {"type": "Polygon", "coordinates": [[[69.3999793, 53.2840907], [69.4001977, 53.2841093], [69.400286, 53.2837369], [69.4000677, 53.2837184], [69.3999793, 53.2840907]]]}}, {"type": "Feature", "properties": {"levels": 5.0, "addr": "улица Елемесова 67", "name": "", "type": "apartments", "tagged": true}, "geometry": {"type": "Polygon", "coordinates": [[[69.3927509, 53.2803509], [69.3927484, 53.2803616], [69.39283, 53.2803688], [69.3928324, 53.2803608], [69.3929531, 53.2803729], [69.3931334, 53.2797322], [69.3929227, 53.2797067], [69.3927509, 53.2803509]]]}}, {"type": "Feature", "properties": {"levels": 3.0, "addr": "улица Пушкина 14", "name": "", "type": "yes", "tagged": true}, "geometry": {"type": "Polygon", "coordinates": [[[69.404157, 53.2865848], [69.404331, 53.2865993], [69.4044185, 53.2862259], [69.4042445, 53.2862113], [69.404157, 53.2865848]]]}}, {"type": "Feature", "properties": {"levels": 5.0, "addr": "улица Акана-серэ 140", "name": "", "type": "apartments", "tagged": true}, "geometry": {"type": "Polygon", "coordinates": [[[69.3930956, 53.2815684], [69.3939221, 53.28164], [69.3939497, 53.2815279], [69.3931225, 53.2814545], [69.3930956, 53.2815684]]]}}, {"type": "Feature", "properties": {"levels": 2.0, "addr": "улица Ауельбекова 157", "name": "", "type": "apartments", "tagged": true}, "geometry": {"type": "Polygon", "coordinates": [[[69.4023447, 53.2852501], [69.4027555, 53.2852845], [69.4027816, 53.2851727], [69.4023708, 53.2851384], [69.4023447, 53.2852501]]]}}, {"type": "Feature", "properties": {"levels": 5.0, "addr": "улица Малика Габдуллина 111", "name": "", "type": "apartments", "tagged": true}, "geometry": {"type": "Polygon", "coordinates": [[[69.3987026, 53.2809052], [69.3988872, 53.2809206], [69.3990184, 53.2803585], [69.3988338, 53.2803431], [69.3987026, 53.2809052]]]}}, {"type": "Feature", "properties": {"levels": 5.0, "addr": "улица Садвакасова 48", "name": "", "type": "apartments", "tagged": true}, "geometry": {"type": "Polygon", "coordinates": [[[69.393791, 53.2813529], [69.3939798, 53.2813709], [69.3941454, 53.2808234], [69.3939423, 53.2808068], [69.393791, 53.2813529]]]}}, {"type": "Feature", "properties": {"levels": 3.0, "addr": "улица Жумабека Ташенова 55", "name": "", "type": "apartments", "tagged": true}, "geometry": {"type": "Polygon", "coordinates": [[[69.4013171, 53.285864], [69.4014964, 53.2858827], [69.401587, 53.2855727], [69.4014077, 53.285554], [69.4013171, 53.285864]]]}}, {"type": "Feature", "properties": {"levels": 6.0, "addr": "улица Ашимова 201", "name": "", "type": "yes", "tagged": true}, "geometry": {"type": "Polygon", "coordinates": [[[69.3999421, 53.2804822], [69.400122, 53.2804965], [69.4001719, 53.2802705], [69.4000007, 53.280257], [69.400024, 53.2801519], [69.3988434, 53.2800586], [69.3988185, 53.280171], [69.3999904, 53.2802637], [69.3999421, 53.2804822]]]}}, {"type": "Feature", "properties": {"levels": 5.0, "addr": "улица Ашимова 217", "name": "", "type": "yes", "tagged": true}, "geometry": {"type": "Polygon", "coordinates": [[[69.4029628, 53.280531], [69.4047473, 53.2806789], [69.4047765, 53.2805527], [69.402992, 53.2804048], [69.4029628, 53.280531]]]}}, {"type": "Feature", "properties": {"levels": 5.0, "addr": "улица Янко 79", "name": "", "type": "apartments", "tagged": true}, "geometry": {"type": "Polygon", "coordinates": [[[69.396285, 53.281342], [69.39727, 53.2814291], [69.3973009, 53.2813043], [69.3963159, 53.2812172], [69.396285, 53.281342]]]}}, {"type": "Feature", "properties": {"levels": 5.0, "addr": "улица Янко 73", "name": "", "type": "apartments", "tagged": true}, "geometry": {"type": "Polygon", "coordinates": [[[69.3956802, 53.2830079], [69.3958884, 53.2830256], [69.3960289, 53.2824355], [69.3958208, 53.2824178], [69.3956802, 53.2830079]]]}}, {"type": "Feature", "properties": {"levels": 5.0, "addr": "улица Акана-серэ 154", "name": "", "type": "apartments", "tagged": true}, "geometry": {"type": "Polygon", "coordinates": [[[69.3961524, 53.2818543], [69.3971286, 53.2819388], [69.3971588, 53.2818142], [69.3961826, 53.2817297], [69.3961524, 53.2818543]]]}}, {"type": "Feature", "properties": {"levels": 2, "addr": "улица Мухтара Ауэзова 282", "name": "", "type": "yes", "tagged": false}, "geometry": {"type": "Polygon", "coordinates": [[[69.4042054, 53.2896362], [69.4049987, 53.2897128], [69.4050281, 53.2896039], [69.4042348, 53.2895273], [69.4042054, 53.2896362]]]}}, {"type": "Feature", "properties": {"levels": 5.0, "addr": "улица Алимжана Баймуканова 158", "name": "", "type": "apartments", "tagged": true}, "geometry": {"type": "Polygon", "coordinates": [[[69.402369, 53.2833725], [69.4041246, 53.2835224], [69.4041491, 53.28342], [69.4023935, 53.2832701], [69.402369, 53.2833725]]]}}, {"type": "Feature", "properties": {"levels": 5.0, "addr": "улица Акана-серэ 114", "name": "", "type": "yes", "tagged": true}, "geometry": {"type": "Polygon", "coordinates": [[[69.3865019, 53.2809716], [69.3867006, 53.2809946], [69.3868752, 53.2803371], [69.3866825, 53.2803115], [69.3865019, 53.2809716]]]}}, {"type": "Feature", "properties": {"levels": 5.0, "addr": "улица Ауельбекова 166", "name": "", "type": "apartments", "tagged": true}, "geometry": {"type": "Polygon", "coordinates": [[[69.4024573, 53.284714], [69.4041536, 53.2848588], [69.40418, 53.2847483], [69.4024837, 53.2846034], [69.4024573, 53.284714]]]}}, {"type": "Feature", "properties": {"levels": 5.0, "addr": "улица Малика Габдуллина 81", "name": "", "type": "apartments", "tagged": true}, "geometry": {"type": "Polygon", "coordinates": [[[69.3981114, 53.2833264], [69.3983315, 53.2833456], [69.3984905, 53.2826933], [69.3982704, 53.2826741], [69.3981114, 53.2833264]]]}}, {"type": "Feature", "properties": {"levels": 5.0, "addr": "улица Ауельбекова 160", "name": "", "type": "apartments", "tagged": true}, "geometry": {"type": "Polygon", "coordinates": [[[69.4005491, 53.2846136], [69.4007409, 53.28463], [69.4009467, 53.2837686], [69.400755, 53.2837522], [69.4005491, 53.2846136]]]}}, {"type": "Feature", "properties": {"levels": 5.0, "addr": "улица 8 Марта 89", "name": "", "type": "yes", "tagged": true}, "geometry": {"type": "Polygon", "coordinates": [[[69.400675, 53.28099], [69.402031, 53.2810903], [69.4020568, 53.2809658], [69.4007007, 53.2808654], [69.400675, 53.28099]]]}}, {"type": "Feature", "properties": {"levels": 4.0, "addr": "улица Абая 134", "name": "", "type": "yes", "tagged": true}, "geometry": {"type": "Polygon", "coordinates": [[[69.4011336, 53.2865997], [69.4019269, 53.2866707], [69.4019556, 53.286556], [69.4011623, 53.286485], [69.4011336, 53.2865997]]]}}, {"type": "Feature", "properties": {"levels": 5.0, "addr": "улица Буденного 60", "name": "", "type": "yes", "tagged": true}, "geometry": {"type": "Polygon", "coordinates": [[[69.4032675, 53.2814078], [69.403488, 53.2814272], [69.4036161, 53.2809069], [69.4033956, 53.2808875], [69.4032675, 53.2814078]]]}}, {"type": "Feature", "properties": {"levels": 4.0, "addr": "улица Абая 140", "name": "", "type": "yes", "tagged": true}, "geometry": {"type": "Polygon", "coordinates": [[[69.4049345, 53.2869649], [69.4057251, 53.2870285], [69.4057499, 53.2869178], [69.4049593, 53.2868543], [69.4049345, 53.2869649]]]}}, {"type": "Feature", "properties": {"levels": 5.0, "addr": "улица Сабатаева 157", "name": "", "type": "apartments", "tagged": true}, "geometry": {"type": "Polygon", "coordinates": [[[69.3927152, 53.2808187], [69.3936869, 53.2809002], [69.3937165, 53.2807891], [69.3927438, 53.2807014], [69.3927152, 53.2808187]]]}}, {"type": "Feature", "properties": {"levels": 4.0, "addr": "улица Садвакасова 42", "name": "", "type": "apartments", "tagged": true}, "geometry": {"type": "Polygon", "coordinates": [[[69.3931287, 53.2836671], [69.3933237, 53.2836823], [69.3934562, 53.2830749], [69.3932612, 53.2830597], [69.3931287, 53.2836671]]]}}, {"type": "Feature", "properties": {"levels": 3.0, "addr": "улица Жумабека Ташенова 53", "name": "", "type": "yes", "tagged": true}, "geometry": {"type": "Polygon", "coordinates": [[[69.401165, 53.2863422], [69.4013415, 53.2863587], [69.4014164, 53.2860711], [69.40124, 53.2860547], [69.401165, 53.2863422]]]}}, {"type": "Feature", "properties": {"levels": 5.0, "addr": "улица Алимжана Баймуканова 118", "name": "", "type": "apartments", "tagged": true}, "geometry": {"type": "Polygon", "coordinates": [[[69.3940225, 53.2830988], [69.3973957, 53.2833864], [69.3974241, 53.2832671], [69.3940509, 53.2829796], [69.3940225, 53.2830988]]]}}, {"type": "Feature", "properties": {"levels": 5.0, "addr": "улица Акана-серэ 168", "name": "", "type": "apartments", "tagged": true}, "geometry": {"type": "Polygon", "coordinates": [[[69.3999548, 53.2821931], [69.3999821, 53.2820765], [69.3993189, 53.282021], [69.3992916, 53.2821376], [69.3999548, 53.2821931]]]}}, {"type": "Feature", "properties": {"levels": 2, "addr": "улица Абая 134A", "name": "", "type": "yes", "tagged": false}, "geometry": {"type": "Polygon", "coordinates": [[[69.4019203, 53.2861406], [69.402445, 53.2861911], [69.4024758, 53.2860766], [69.401951, 53.2860262], [69.4019203, 53.2861406]]]}}, {"type": "Feature", "properties": {"levels": 5.0, "addr": "улица Акана-серэ 170", "name": "", "type": "apartments", "tagged": true}, "geometry": {"type": "Polygon", "coordinates": [[[69.4001829, 53.2818588], [69.4003611, 53.2818739], [69.4005639, 53.2810158], [69.4003857, 53.2810007], [69.4001829, 53.2818588]]]}}, {"type": "Feature", "properties": {"levels": 5.0, "addr": "улица Малика Габдуллина 85", "name": "", "type": "apartments", "tagged": true}, "geometry": {"type": "Polygon", "coordinates": [[[69.3984085, 53.2818068], [69.3986094, 53.281823], [69.3987219, 53.2813225], [69.398521, 53.2813064], [69.3984085, 53.2818068]]]}}, {"type": "Feature", "properties": {"levels": 5.0, "addr": "улица Ауельбекова 148", "name": "", "type": "apartments", "tagged": true}, "geometry": {"type": "Polygon", "coordinates": [[[69.3981109, 53.284368], [69.4000898, 53.2845529], [69.4001211, 53.2844329], [69.3981423, 53.2842481], [69.3981109, 53.284368]]]}}, {"type": "Feature", "properties": {"levels": 5.0, "addr": "улица 8 Марта 82", "name": "", "type": "yes", "tagged": true}, "geometry": {"type": "Polygon", "coordinates": [[[69.3994678, 53.2816353], [69.3996673, 53.2816521], [69.3998055, 53.2810644], [69.399606, 53.2810476], [69.3994678, 53.2816353]]]}}, {"type": "Feature", "properties": {"levels": 5.0, "addr": "улица Садвакасова 50", "name": "", "type": "apartments", "tagged": true}, "geometry": {"type": "Polygon", "coordinates": [[[69.3940389, 53.2806303], [69.3942087, 53.2806423], [69.3943426, 53.2800856], [69.3941765, 53.280072], [69.3940389, 53.2806303]]]}}, {"type": "Feature", "properties": {"levels": 5.0, "addr": "проспект Нурсултана Назарбаева 76", "name": "", "type": "yes", "tagged": true}, "geometry": {"type": "Polygon", "coordinates": [[[69.387918, 53.2810958], [69.3881534, 53.2811171], [69.3883915, 53.2801396], [69.3881667, 53.2801151], [69.387918, 53.2810958]]]}}, {"type": "Feature", "properties": {"levels": 5.0, "addr": "улица 8 Марта 84", "name": "", "type": "yes", "tagged": true}, "geometry": {"type": "Polygon", "coordinates": [[[69.3993866, 53.2810265], [69.3995862, 53.2810445], [69.399733, 53.2804619], [69.3995334, 53.2804439], [69.3993866, 53.2810265]]]}}, {"type": "Feature", "properties": {"levels": 5.0, "addr": "улица Ауельбекова 162", "name": "", "type": "apartments", "tagged": true}, "geometry": {"type": "Polygon", "coordinates": [[[69.4011764, 53.2846664], [69.4013805, 53.2846839], [69.4015342, 53.2840406], [69.4013301, 53.2840231], [69.4011764, 53.2846664]]]}}, {"type": "Feature", "properties": {"levels": 5.0, "addr": "улица Малика Габдуллина 64", "name": "", "type": "apartments", "tagged": true}, "geometry": {"type": "Polygon", "coordinates": [[[69.3972576, 53.2831573], [69.3974534, 53.2831727], [69.3975815, 53.282592], [69.3973856, 53.2825765], [69.3972576, 53.2831573]]]}}, {"type": "Feature", "properties": {"levels": 6.0, "addr": "улица Малика Габдуллина 68", "name": "", "type": "apartments", "tagged": true}, "geometry": {"type": "Polygon", "coordinates": [[[69.3974823, 53.2819731], [69.397729, 53.2819943], [69.3979366, 53.2811308], [69.3976899, 53.2811096], [69.3974823, 53.2819731]]]}}, {"type": "Feature", "properties": {"levels": 5.0, "addr": "улица Пушкина 22", "name": "", "type": "apartments", "tagged": true}, "geometry": {"type": "Polygon", "coordinates": [[[69.404379, 53.284448], [69.4045655, 53.2844668], [69.4047249, 53.283902], [69.4045384, 53.2838832], [69.404379, 53.284448]]]}}, {"type": "Feature", "properties": {"levels": 5.0, "addr": "улица Янко 69", "name": "", "type": "apartments", "tagged": true}, "geometry": {"type": "Polygon", "coordinates": [[[69.395161, 53.2838215], [69.3953528, 53.283842], [69.3954676, 53.2834583], [69.3952759, 53.2834378], [69.395161, 53.2838215]]]}}, {"type": "Feature", "properties": {"levels": 5.0, "addr": "улица Садвакасова 53", "name": "", "type": "apartments", "tagged": true}, "geometry": {"type": "Polygon", "coordinates": [[[69.3939226, 53.283786], [69.3941166, 53.2838022], [69.3942541, 53.2832159], [69.39406, 53.2831996], [69.3939226, 53.283786]]]}}, {"type": "Feature", "properties": {"levels": 5.0, "addr": "улица Акана-серэ 159", "name": "", "type": "apartments", "tagged": true}, "geometry": {"type": "Polygon", "coordinates": [[[69.404433, 53.2829856], [69.402404, 53.282822], [69.4023675, 53.2829837], [69.4025565, 53.2829989], [69.4025672, 53.2829513], [69.4044072, 53.2830997], [69.404433, 53.2829856]]]}}, {"type": "Feature", "properties": {"levels": 5.0, "addr": "улица Алимжана Баймуканова 139", "name": "", "type": "apartments", "tagged": true}, "geometry": {"type": "Polygon", "coordinates": [[[69.3984572, 53.2836188], [69.3984311, 53.2837278], [69.3993347, 53.283805], [69.3992857, 53.2840104], [69.3994799, 53.284027], [69.399555, 53.2837125], [69.3984572, 53.2836188]]]}}, {"type": "Feature", "properties": {"levels": 5.0, "addr": "улица Ашимова 215", "name": "", "type": "apartments", "tagged": true}, "geometry": {"type": "Polygon", "coordinates": [[[69.4006092, 53.2802148], [69.4005441, 53.2805036], [69.4007487, 53.2805201], [69.4007877, 53.2803474], [69.4024013, 53.2804774], [69.4026223, 53.2803771], [69.4023863, 53.2803578], [69.4006092, 53.2802148]]]}}, {"type": "Feature", "properties": {"levels": 4.0, "addr": "улица Жумабека Ташенова 56", "name": "", "type": "apartments", "tagged": true}, "geometry": {"type": "Polygon", "coordinates": [[[69.4007353, 53.2855534], [69.4008981, 53.2855688], [69.4010262, 53.2850856], [69.4008634, 53.2850701], [69.4007353, 53.2855534]]]}}, {"type": "Feature", "properties": {"levels": 6.0, "addr": "улица Кудайбердиева 91", "name": "", "type": "apartments", "tagged": true}, "geometry": {"type": "Polygon", "coordinates": [[[69.38952, 53.2873561], [69.3904785, 53.2874327], [69.3905061, 53.2873094], [69.3895476, 53.2872328], [69.38952, 53.2873561]]]}}, {"type": "Feature", "properties": {"levels": 5.0, "addr": "улица Ильяса Есенберлина 56", "name": "", "type": "yes", "tagged": true}, "geometry": {"type": "Polygon", "coordinates": [[[69.3855808, 53.2820895], [69.385752, 53.2821043], [69.385836, 53.2817584], [69.3856647, 53.2817435], [69.3855808, 53.2820895]]]}}, {"type": "Feature", "properties": {"levels": 5.0, "addr": "улица Ауельбекова 127", "name": "", "type": "apartments", "tagged": true}, "geometry": {"type": "Polygon", "coordinates": [[[69.3901916, 53.2841323], [69.3916221, 53.2842646], [69.3916472, 53.2841675], [69.3902167, 53.2840352], [69.3901916, 53.2841323]]]}}, {"type": "Feature", "properties": {"levels": 5.0, "addr": "улица Ауельбекова 147", "name": "", "type": "apartments", "tagged": true}, "geometry": {"type": "Polygon", "coordinates": [[[69.3977526, 53.2848717], [69.3982606, 53.2849166], [69.3982871, 53.2848095], [69.3977791, 53.2847646], [69.3977526, 53.2848717]]]}}, {"type": "Feature", "properties": {"levels": 4.0, "addr": "улица Акана-серэ 69", "name": "", "type": "yes", "tagged": true}, "geometry": {"type": "Polygon", "coordinates": [[[69.3741727, 53.2808247], [69.3743502, 53.2808428], [69.3745268, 53.2802248], [69.3743494, 53.2802067], [69.3741727, 53.2808247]]]}}, {"type": "Feature", "properties": {"levels": 5.0, "addr": "улица Кудайбердиева 72", "name": "", "type": "apartments", "tagged": true}, "geometry": {"type": "Polygon", "coordinates": [[[69.3903713, 53.2869024], [69.3922751, 53.287074], [69.3923056, 53.2869533], [69.3904018, 53.2867817], [69.3903713, 53.2869024]]]}}, {"type": "Feature", "properties": {"levels": 2, "addr": "улица Пушкина 4", "name": "", "type": "yes", "tagged": false}, "geometry": {"type": "Polygon", "coordinates": [[[69.4034434, 53.2892723], [69.4036144, 53.2892888], [69.4036988, 53.2889751], [69.4035278, 53.2889587], [69.4034434, 53.2892723]]]}}, {"type": "Feature", "properties": {"levels": 4.0, "addr": "улица Жумабека Ташенова 54", "name": "", "type": "apartments", "tagged": true}, "geometry": {"type": "Polygon", "coordinates": [[[69.4005525, 53.2862341], [69.4007309, 53.2862495], [69.4008457, 53.2857728], [69.4006674, 53.2857574], [69.4005525, 53.2862341]]]}}, {"type": "Feature", "properties": {"levels": 5.0, "addr": "улица Акана-серэ 91", "name": "", "type": "apartments", "tagged": true}, "geometry": {"type": "Polygon", "coordinates": [[[69.3808682, 53.2808967], [69.3819328, 53.2810024], [69.3819638, 53.2808906], [69.3808993, 53.2807849], [69.3808682, 53.2808967]]]}}, {"type": "Feature", "properties": {"levels": 4.0, "addr": "улица Абая 122", "name": "", "type": "apartments", "tagged": true}, "geometry": {"type": "Polygon", "coordinates": [[[69.39339, 53.2858588], [69.3941943, 53.2859293], [69.3942201, 53.2858244], [69.3934158, 53.2857538], [69.39339, 53.2858588]]]}}, {"type": "Feature", "properties": {"levels": 3.0, "addr": "улица Абая 128", "name": "", "type": "yes", "tagged": true}, "geometry": {"type": "Polygon", "coordinates": [[[69.3973756, 53.2862834], [69.3984931, 53.2863837], [69.3985216, 53.2862705], [69.3974041, 53.2861701], [69.3973756, 53.2862834]]]}}, {"type": "Feature", "properties": {"levels": 2, "addr": "улица Мухтара Ауэзова 276", "name": "", "type": "yes", "tagged": false}, "geometry": {"type": "Polygon", "coordinates": [[[69.4019376, 53.2890566], [69.402353, 53.2890958], [69.4023809, 53.2889902], [69.4019655, 53.288951], [69.4019376, 53.2890566]]]}}, {"type": "Feature", "properties": {"levels": 5.0, "addr": "улица Малика Габдуллина 61", "name": "", "type": "yes", "tagged": true}, "geometry": {"type": "Polygon", "coordinates": [[[69.3971917, 53.2877226], [69.3986622, 53.2878538], [69.3986902, 53.2877417], [69.3972197, 53.2876105], [69.3971917, 53.2877226]]]}}, {"type": "Feature", "properties": {"levels": 4.0, "addr": "улица Абая 130", "name": "", "type": "yes", "tagged": true}, "geometry": {"type": "Polygon", "coordinates": [[[69.3987189, 53.2863717], [69.3995449, 53.2864377], [69.3995695, 53.2863281], [69.3987435, 53.2862621], [69.3987189, 53.2863717]]]}}, {"type": "Feature", "properties": {"levels": 5.0, "addr": "улица Ауельбекова 112", "name": "", "type": "apartments", "tagged": true}, "geometry": {"type": "Polygon", "coordinates": [[[69.3858591, 53.2833043], [69.3860505, 53.2833226], [69.3862802, 53.2824643], [69.3860888, 53.282446], [69.3858591, 53.2833043]]]}}, {"type": "Feature", "properties": {"levels": 1.0, "addr": "улица Алимжана Баймуканова 63а", "name": "", "type": "yes", "tagged": true}, "geometry": {"type": "Polygon", "coordinates": [[[69.3752593, 53.2812261], [69.3748574, 53.2811971], [69.3748335, 53.2813152], [69.3752354, 53.2813443], [69.3752593, 53.2812261]]]}}, {"type": "Feature", "properties": {"levels": 6.0, "addr": "проспект Нурсултана Назарбаева 13", "name": "", "type": "yes", "tagged": true}, "geometry": {"type": "Polygon", "coordinates": [[[69.3847021, 53.3000217], [69.3847427, 53.2998781], [69.3841276, 53.2998158], [69.3840869, 53.2999594], [69.3847021, 53.3000217]]]}}, {"type": "Feature", "properties": {"levels": 5.0, "addr": "Сагдиева 50", "name": "", "type": "apartments", "tagged": true}, "geometry": {"type": "Polygon", "coordinates": [[[69.3760058, 53.2809911], [69.3761977, 53.2810092], [69.3763656, 53.2803727], [69.3761737, 53.2803546], [69.3760058, 53.2809911]]]}}, {"type": "Feature", "properties": {"levels": 4.0, "addr": "улица Дзержинского 77", "name": "", "type": "apartments", "tagged": true}, "geometry": {"type": "Polygon", "coordinates": [[[69.3727553, 53.2834197], [69.3731749, 53.2834513], [69.373198, 53.2833422], [69.3727784, 53.2833105], [69.3727553, 53.2834197]]]}}, {"type": "Feature", "properties": {"levels": 5.0, "addr": "улица Елемесова 47", "name": "", "type": "yes", "tagged": true}, "geometry": {"type": "Polygon", "coordinates": [[[69.3924598, 53.2824056], [69.3925857, 53.2818325], [69.3923968, 53.2818163], [69.3923524, 53.2820069], [69.3922637, 53.2823882], [69.3924598, 53.2824056]]]}}, {"type": "Feature", "properties": {"levels": 9.0, "addr": "проспект Нурсултана Назарбаева 17", "name": "", "type": "yes", "tagged": true}, "geometry": {"type": "Polygon", "coordinates": [[[69.3853365, 53.2989553], [69.385416, 53.2985144], [69.3852133, 53.2985014], [69.3851338, 53.2989422], [69.3853365, 53.2989553]]]}}, {"type": "Feature", "properties": {"levels": 5.0, "addr": "улица Потанина 56", "name": "", "type": "yes", "tagged": true}, "geometry": {"type": "Polygon", "coordinates": [[[69.3883673, 53.2868683], [69.3885524, 53.2868856], [69.3886982, 53.2863284], [69.388513, 53.2863111], [69.3883673, 53.2868683]]]}}, {"type": "Feature", "properties": {"levels": 2.0, "addr": "улица Зарапа Темирбекова 53", "name": "", "type": "yes", "tagged": true}, "geometry": {"type": "Polygon", "coordinates": [[[69.3728167, 53.2811839], [69.3730193, 53.2812044], [69.3730679, 53.2810327], [69.3728653, 53.2810122], [69.3728167, 53.2811839]]]}}, {"type": "Feature", "properties": {"levels": 5.0, "addr": "улица Калинина 59", "name": "", "type": "apartments", "tagged": true}, "geometry": {"type": "Polygon", "coordinates": [[[69.3847504, 53.2820129], [69.3849308, 53.282029], [69.385081, 53.2814269], [69.3849006, 53.2814108], [69.3847504, 53.2820129]]]}}, {"type": "Feature", "properties": {"levels": 5.0, "addr": "улица Абая 114", "name": "", "type": "apartments", "tagged": true}, "geometry": {"type": "Polygon", "coordinates": [[[69.3878573, 53.2853008], [69.3878816, 53.285303], [69.3883516, 53.2853459], [69.3889412, 53.2853991], [69.388971, 53.2852827], [69.3878872, 53.2851837], [69.3878802, 53.2852111], [69.3878573, 53.2853008]]]}}, {"type": "Feature", "properties": {"levels": 3.0, "addr": "улица Зарапа Темирбекова 28", "name": "общежитие №2 КГУ им.Ш.Уалиханова", "type": "dormitory", "tagged": true}, "geometry": {"type": "Polygon", "coordinates": [[[69.3707588, 53.2859884], [69.3708899, 53.2854798], [69.3706711, 53.2854596], [69.37054, 53.2859683], [69.3707588, 53.2859884]]]}}, {"type": "Feature", "properties": {"levels": 5.0, "addr": "улица Ауельбекова 128", "name": "", "type": "apartments", "tagged": true}, "geometry": {"type": "Polygon", "coordinates": [[[69.3940264, 53.2839666], [69.3950991, 53.2840702], [69.3951264, 53.2839691], [69.395131, 53.2839544], [69.3940577, 53.2838507], [69.3940264, 53.2839666]]]}}, {"type": "Feature", "properties": {"levels": 5.0, "addr": "улица Акана-серэ 67", "name": "", "type": "yes", "tagged": true}, "geometry": {"type": "Polygon", "coordinates": [[[69.3735676, 53.2806689], [69.373744, 53.2806859], [69.3738809, 53.2801788], [69.3737045, 53.2801618], [69.3735676, 53.2806689]]]}}, {"type": "Feature", "properties": {"levels": 5.0, "addr": "улица Кудайбердиева 113", "name": "", "type": "apartments", "tagged": true}, "geometry": {"type": "Polygon", "coordinates": [[[69.3951155, 53.2875386], [69.3963055, 53.2876469], [69.3963347, 53.2875322], [69.3951447, 53.287424], [69.3951155, 53.2875386]]]}}, {"type": "Feature", "properties": {"levels": 6.0, "addr": "проспект Абылай-хана 8", "name": "", "type": "residential", "tagged": true}, "geometry": {"type": "Polygon", "coordinates": [[[69.3865335, 53.2984793], [69.3865405, 53.2983564], [69.3856305, 53.298338], [69.3856235, 53.2984608], [69.3865335, 53.2984793]]]}}, {"type": "Feature", "properties": {"levels": 5.0, "addr": "Сагдиева 29", "name": "", "type": "apartments", "tagged": true}, "geometry": {"type": "Polygon", "coordinates": [[[69.3762279, 53.2833596], [69.3764219, 53.2833771], [69.3765718, 53.2827833], [69.3763779, 53.2827657], [69.3762279, 53.2833596]]]}}, {"type": "Feature", "properties": {"levels": 3.0, "addr": "улица Пушкина 8", "name": "", "type": "yes", "tagged": true}, "geometry": {"type": "Polygon", "coordinates": [[[69.4039882, 53.2878852], [69.4040695, 53.2875772], [69.4038861, 53.2875599], [69.4038049, 53.287868], [69.4039882, 53.2878852]]]}}, {"type": "Feature", "properties": {"levels": 5.0, "addr": "улица Алимжана Баймуканова 102А", "name": "", "type": "yes", "tagged": true}, "geometry": {"type": "Polygon", "coordinates": [[[69.3867425, 53.2822057], [69.3873521, 53.2822611], [69.3873862, 53.2821269], [69.3867767, 53.2820715], [69.3867425, 53.2822057]]]}}, {"type": "Feature", "properties": {"levels": 5.0, "addr": "улица Мухтара Ауэзова 238А", "name": "", "type": "apartments", "tagged": true}, "geometry": {"type": "Polygon", "coordinates": [[[69.3913554, 53.2880394], [69.3915542, 53.2880578], [69.3917044, 53.2874769], [69.3915056, 53.2874585], [69.3913554, 53.2880394]]]}}, {"type": "Feature", "properties": {"levels": 9.0, "addr": "проспект Нурсултана Назарбаева 15А", "name": "", "type": "apartments", "tagged": true}, "geometry": {"type": "Polygon", "coordinates": [[[69.3842259, 53.299797], [69.3844024, 53.2991463], [69.3842017, 53.2991269], [69.3840252, 53.2997775], [69.3842259, 53.299797]]]}}, {"type": "Feature", "properties": {"levels": 5.0, "addr": "улица Каныша Сатпаева 16", "name": "", "type": "apartments", "tagged": true}, "geometry": {"type": "Polygon", "coordinates": [[[69.3819704, 53.2814655], [69.3821845, 53.2814835], [69.382264, 53.2811455], [69.3820499, 53.2811275], [69.3819704, 53.2814655]]]}}, {"type": "Feature", "properties": {"levels": 2.0, "addr": "улица Мухтара Ауэзова 230", "name": "", "type": "yes", "tagged": true}, "geometry": {"type": "Polygon", "coordinates": [[[69.3873889, 53.2877633], [69.3882276, 53.2878644], [69.3882629, 53.2877594], [69.3874243, 53.2876584], [69.3873889, 53.2877633]]]}}, {"type": "Feature", "properties": {"levels": 4.0, "addr": "улица Акана-серэ 111", "name": "", "type": "apartments", "tagged": true}, "geometry": {"type": "Polygon", "coordinates": [[[69.3862345, 53.2819839], [69.3864132, 53.2819975], [69.3865806, 53.2813642], [69.386398, 53.2813474], [69.3862345, 53.2819839]]]}}, {"type": "Feature", "properties": {"levels": 5.0, "addr": "улица Елемесова 45", "name": "", "type": "apartments", "tagged": true}, "geometry": {"type": "Polygon", "coordinates": [[[69.3917734, 53.2835401], [69.3919683, 53.2835584], [69.3922589, 53.2823977], [69.3920694, 53.2823807], [69.3917734, 53.2835401]]]}}, {"type": "Feature", "properties": {"levels": 2.0, "addr": "улица Ауельбекова 66", "name": "", "type": "yes", "tagged": true}, "geometry": {"type": "Polygon", "coordinates": [[[69.3729315, 53.2821214], [69.3734483, 53.2821716], [69.3734856, 53.2820344], [69.3729688, 53.2819842], [69.3729315, 53.2821214]]]}}, {"type": "Feature", "properties": {"levels": 5.0, "addr": "проспект Нурсултана Назарбаева 57", "name": "", "type": "apartments", "tagged": true}, "geometry": {"type": "Polygon", "coordinates": [[[69.3874685, 53.2868446], [69.3876548, 53.2868637], [69.3878281, 53.286259], [69.3876417, 53.2862399], [69.3874685, 53.2868446]]]}}, {"type": "Feature", "properties": {"levels": 4.0, "addr": "улица Абая 136", "name": "", "type": "yes", "tagged": true}, "geometry": {"type": "Polygon", "coordinates": [[[69.4021969, 53.286626], [69.4031926, 53.2867138], [69.4032195, 53.286605], [69.4022238, 53.2865171], [69.4021969, 53.286626]]]}}, {"type": "Feature", "properties": {"levels": 5.0, "addr": "улица Ауельбекова 104", "name": "", "type": "apartments", "tagged": true}, "geometry": {"type": "Polygon", "coordinates": [[[69.3839961, 53.2831674], [69.3841747, 53.2831821], [69.3843184, 53.2825603], [69.3841398, 53.2825455], [69.3839961, 53.2831674]]]}}, {"type": "Feature", "properties": {"levels": 5.0, "addr": "проспект Нурсултана Назарбаева 55", "name": "", "type": "apartments", "tagged": true}, "geometry": {"type": "Polygon", "coordinates": [[[69.3873843, 53.287548], [69.3875714, 53.287569], [69.3877466, 53.2870122], [69.3875616, 53.2869908], [69.3873843, 53.287548]]]}}, {"type": "Feature", "properties": {"levels": 5.0, "addr": "улица Мухтара Ауэзова 244", "name": "", "type": "yes", "tagged": true}, "geometry": {"type": "Polygon", "coordinates": [[[69.3950528, 53.2884087], [69.3952402, 53.2884311], [69.395412, 53.2879157], [69.3952246, 53.2878934], [69.3950528, 53.2884087]]]}}, {"type": "Feature", "properties": {"levels": 2, "addr": "улица Пушкина 8А", "name": "", "type": "yes", "tagged": false}, "geometry": {"type": "Polygon", "coordinates": [[[69.4029807, 53.2880314], [69.4031874, 53.2880425], [69.4032498, 53.2876261], [69.4030432, 53.287615], [69.4029807, 53.2880314]]]}}, {"type": "Feature", "properties": {"levels": 4.0, "addr": "улица Акана-серэ 109", "name": "", "type": "apartments", "tagged": true}, "geometry": {"type": "Polygon", "coordinates": [[[69.3851789, 53.2813263], [69.3860004, 53.2813976], [69.3860265, 53.2812901], [69.385205, 53.2812188], [69.3851789, 53.2813263]]]}}, {"type": "Feature", "properties": {"levels": 5.0, "addr": "улица Садвакасова 47", "name": "Общежитие №1 КГУ им.Ш.Уалиханова", "type": "dormitory", "tagged": true}, "geometry": {"type": "Polygon", "coordinates": [[[69.3935908, 53.2855778], [69.3937623, 53.2855903], [69.3939091, 53.2848752], [69.3937376, 53.2848626], [69.3935908, 53.2855778]]]}}, {"type": "Feature", "properties": {"levels": 5.0, "addr": "улица Ауельбекова 95", "name": "", "type": "apartments", "tagged": true}, "geometry": {"type": "Polygon", "coordinates": [[[69.3803366, 53.2832734], [69.381357, 53.2833632], [69.3813895, 53.283231], [69.3803692, 53.2831412], [69.3803366, 53.2832734]]]}}, {"type": "Feature", "properties": {"levels": 3.0, "addr": "улица Абая 143", "name": "", "type": "yes", "tagged": true}, "geometry": {"type": "Polygon", "coordinates": [[[69.403576, 53.2874093], [69.4041038, 53.2874597], [69.4041366, 53.2873369], [69.4036088, 53.2872865], [69.403576, 53.2874093]]]}}, {"type": "Feature", "properties": {"levels": 5.0, "addr": "улица Малика Габдуллина 46А", "name": "", "type": "yes", "tagged": true}, "geometry": {"type": "Polygon", "coordinates": [[[69.3959552, 53.2856226], [69.3961362, 53.2856361], [69.396205, 53.2853075], [69.396024, 53.2852939], [69.3959552, 53.2856226]]]}}, {"type": "Feature", "properties": {"levels": 3.0, "addr": "улица Ауельбекова 149", "name": "", "type": "yes", "tagged": true}, "geometry": {"type": "Polygon", "coordinates": [[[69.3986045, 53.2849644], [69.3991257, 53.2850093], [69.3991532, 53.2848951], [69.398632, 53.2848502], [69.3986045, 53.2849644]]]}}, {"type": "Feature", "properties": {"levels": 3.0, "addr": "улица Каныша Сатпаева 15", "name": "", "type": "apartments", "tagged": true}, "geometry": {"type": "Polygon", "coordinates": [[[69.3827403, 53.2815584], [69.3829348, 53.2815767], [69.3830319, 53.281207], [69.3828375, 53.2811887], [69.3827403, 53.2815584]]]}}, {"type": "Feature", "properties": {"levels": 3.0, "addr": "улица Ауельбекова 71", "name": "", "type": "apartments", "tagged": true}, "geometry": {"type": "Polygon", "coordinates": [[[69.3724191, 53.2825043], [69.3732672, 53.2825835], [69.3732929, 53.2824852], [69.3724448, 53.282406], [69.3724191, 53.2825043]]]}}, {"type": "Feature", "properties": {"levels": 5.0, "addr": "улица Мухтара Ауэзова 234", "name": "", "type": "yes", "tagged": true}, "geometry": {"type": "Polygon", "coordinates": [[[69.3888473, 53.287789], [69.3890476, 53.287807], [69.3892038, 53.2871871], [69.3890034, 53.2871691], [69.3888473, 53.287789]]]}}, {"type": "Feature", "properties": {"levels": 5.0, "addr": "проспект Нурсултана Назарбаева 19", "name": "", "type": "yes", "tagged": true}, "geometry": {"type": "Polygon", "coordinates": [[[69.3850358, 53.2983743], [69.3850652, 53.2982512], [69.3844778, 53.298201], [69.3844483, 53.2983241], [69.3850358, 53.2983743]]]}}, {"type": "Feature", "properties": {"levels": 2, "addr": "улица Семена Потанина 39", "name": "", "type": "college", "tagged": false}, "geometry": {"type": "Polygon", "coordinates": [[[69.3895499, 53.2866759], [69.3895275, 53.2867806], [69.3893346, 53.2867658], [69.3893119, 53.286872], [69.3897018, 53.2869018], [69.3897251, 53.2867928], [69.3896101, 53.286784], [69.3896313, 53.286685], [69.3897564, 53.2866945], [69.3897802, 53.2865836], [69.3894458, 53.286558], [69.3894672, 53.2864582], [69.3896549, 53.2864725], [69.3896813, 53.286349], [69.3892825, 53.2863164], [69.3892505, 53.2864394], [69.3893766, 53.2864491], [69.3893554, 53.2865482], [69.3892409, 53.2865394], [69.3892171, 53.2866504], [69.3895499, 53.2866759]]]}}, {"type": "Feature", "properties": {"levels": 6.0, "addr": "улица Бауржана Момышулы 58", "name": "", "type": "apartments", "tagged": true}, "geometry": {"type": "Polygon", "coordinates": [[[69.3780347, 53.2821355], [69.3780965, 53.2818371], [69.3779057, 53.281823], [69.3778439, 53.2821214], [69.3780347, 53.2821355]]]}}, {"type": "Feature", "properties": {"levels": 5.0, "addr": "улица Ауельбекова 141", "name": "", "type": "apartments", "tagged": true}, "geometry": {"type": "Polygon", "coordinates": [[[69.3955705, 53.2846658], [69.396635, 53.2847516], [69.3966587, 53.2846466], [69.3955942, 53.2845608], [69.3955705, 53.2846658]]]}}, {"type": "Feature", "properties": {"levels": 4.0, "addr": "улица Акана-серэ 73", "name": "", "type": "yes", "tagged": true}, "geometry": {"type": "Polygon", "coordinates": [[[69.3749394, 53.280596], [69.3757256, 53.2806594], [69.3757517, 53.2805439], [69.3749655, 53.2804805], [69.3749394, 53.280596]]]}}, {"type": "Feature", "properties": {"levels": 4.0, "addr": "улица Ауельбекова 151", "name": "", "type": "apartments", "tagged": true}, "geometry": {"type": "Polygon", "coordinates": [[[69.3994393, 53.2850604], [69.4004773, 53.2851502], [69.4005083, 53.2850223], [69.3994703, 53.2849325], [69.3994393, 53.2850604]]]}}, {"type": "Feature", "properties": {"levels": 6.0, "addr": "проспект Абылай-хана 14", "name": "", "type": "residential", "tagged": true}, "geometry": {"type": "Polygon", "coordinates": [[[69.387426, 53.2997268], [69.387437, 53.2996005], [69.3862444, 53.2995635], [69.3862334, 53.2996898], [69.387426, 53.2997268]]]}}, {"type": "Feature", "properties": {"levels": 6.0, "addr": "улица Бауржана Момышулы 53", "name": "", "type": "yes", "tagged": true}, "geometry": {"type": "Polygon", "coordinates": [[[69.3790506, 53.2817295], [69.3791256, 53.281446], [69.3789433, 53.2814288], [69.3788683, 53.2817122], [69.3790506, 53.2817295]]]}}, {"type": "Feature", "properties": {"levels": 5.0, "addr": "улица Мухтара Ауэзова 238", "name": "", "type": "apartments", "tagged": true}, "geometry": {"type": "Polygon", "coordinates": [[[69.3906597, 53.2879621], [69.3908508, 53.2879784], [69.3909877, 53.2874028], [69.3907966, 53.2873865], [69.3906597, 53.2879621]]]}}, {"type": "Feature", "properties": {"levels": 3.0, "addr": "улица Ауельбекова 74", "name": "", "type": "yes", "tagged": true}, "geometry": {"type": "Polygon", "coordinates": [[[69.3749943, 53.2822904], [69.375188, 53.2823086], [69.3753117, 53.2818386], [69.375118, 53.2818203], [69.3749943, 53.2822904]]]}}, {"type": "Feature", "properties": {"levels": 2.0, "addr": "улица Абая 124", "name": "ДК \"Истоки\"", "type": "public", "tagged": true}, "geometry": {"type": "Polygon", "coordinates": [[[69.3945579, 53.2859675], [69.3952295, 53.2860366], [69.3952893, 53.2858288], [69.3946178, 53.2857597], [69.3945579, 53.2859675]]]}}, {"type": "Feature", "properties": {"levels": 9.0, "addr": "улица Алимжана Баймуканова 84", "name": "ЖК Фантазия", "type": "apartments", "tagged": true}, "geometry": {"type": "Polygon", "coordinates": [[[69.3801858, 53.2815334], [69.3802874, 53.2811373], [69.3800567, 53.2811161], [69.3799551, 53.2815123], [69.3801858, 53.2815334]]]}}, {"type": "Feature", "properties": {"levels": 3.0, "addr": "улица Абая 132", "name": "", "type": "yes", "tagged": true}, "geometry": {"type": "Polygon", "coordinates": [[[69.3997776, 53.2865197], [69.4005992, 53.286591], [69.4006257, 53.286482], [69.3998041, 53.2864107], [69.3997776, 53.2865197]]]}}, {"type": "Feature", "properties": {"levels": 5.0, "addr": "улица Акана-серэ 137", "name": "", "type": "apartments", "tagged": true}, "geometry": {"type": "Polygon", "coordinates": [[[69.3961674, 53.2823632], [69.3976052, 53.2824992], [69.3976368, 53.2823799], [69.3963955, 53.2822613], [69.3961983, 53.2822433], [69.3961674, 53.2823632]]]}}, {"type": "Feature", "properties": {"levels": 5.0, "addr": "улица Акана-серэ 113", "name": "", "type": "apartments", "tagged": true}, "geometry": {"type": "Polygon", "coordinates": [[[69.3869765, 53.281503], [69.3880292, 53.2816021], [69.3880595, 53.2814869], [69.3870067, 53.281388], [69.3869765, 53.281503]]]}}, {"type": "Feature", "properties": {"levels": 2, "addr": "улица Абая 139а", "name": "", "type": "yes", "tagged": false}, "geometry": {"type": "Polygon", "coordinates": [[[69.4014299, 53.2883688], [69.4016754, 53.2883928], [69.4018387, 53.2877941], [69.4015932, 53.2877702], [69.4014299, 53.2883688]]]}}, {"type": "Feature", "properties": {"levels": 5.0, "addr": "проспект Нурсултана Назарбаева 72", "name": "", "type": "apartments", "tagged": true}, "geometry": {"type": "Polygon", "coordinates": [[[69.3876259, 53.2822823], [69.3878105, 53.2823015], [69.3879606, 53.2817865], [69.3878319, 53.281768], [69.3877761, 53.2817673], [69.3876259, 53.2822823]]]}}, {"type": "Feature", "properties": {"levels": 5.0, "addr": "улица Абая 93", "name": "", "type": "residential", "tagged": true}, "geometry": {"type": "Polygon", "coordinates": [[[69.3876783, 53.2859659], [69.3877138, 53.2859689], [69.3887826, 53.2860583], [69.3888118, 53.2859337], [69.3877075, 53.2858412], [69.3876783, 53.2859659]]]}}, {"type": "Feature", "properties": {"levels": 5.0, "addr": "Сагдиева 33", "name": "", "type": "yes", "tagged": true}, "geometry": {"type": "Polygon", "coordinates": [[[69.3766391, 53.2821914], [69.3768196, 53.2822083], [69.3769786, 53.2816009], [69.3767981, 53.281584], [69.3766391, 53.2821914]]]}}, {"type": "Feature", "properties": {"levels": 5.0, "addr": "проспект Нурсултана Назарбаева 65", "name": "", "type": "apartments", "tagged": true}, "geometry": {"type": "Polygon", "coordinates": [[[69.3879134, 53.2850575], [69.3880898, 53.2850763], [69.3881923, 53.2847335], [69.3880159, 53.2847146], [69.3879134, 53.2850575]]]}}, {"type": "Feature", "properties": {"levels": 5.0, "addr": "проспект Нурсултана Назарбаева 64", "name": "", "type": "apartments", "tagged": true}, "geometry": {"type": "Polygon", "coordinates": [[[69.38733, 53.2834495], [69.3875129, 53.283466], [69.3877294, 53.2826077], [69.3875464, 53.2825913], [69.38733, 53.2834495]]]}}, {"type": "Feature", "properties": {"levels": 9.0, "addr": "проспект Нурсултана Назарбаева 19А", "name": "", "type": "apartments", "tagged": true}, "geometry": {"type": "Polygon", "coordinates": [[[69.3846517, 53.2981345], [69.3847842, 53.2974877], [69.3845405, 53.2974699], [69.384408, 53.2981167], [69.3846517, 53.2981345]]]}}, {"type": "Feature", "properties": {"levels": 6.0, "addr": "улица Бауржана Момышулы 60", "name": "", "type": "apartments", "tagged": true}, "geometry": {"type": "Polygon", "coordinates": [[[69.3781628, 53.2817553], [69.3782643, 53.2813195], [69.3780467, 53.2813014], [69.3779451, 53.2817371], [69.3781628, 53.2817553]]]}}, {"type": "Feature", "properties": {"levels": 4.0, "addr": "улица Зарапа Темирбекова 30", "name": "КГУ им. Ш.Уалиханова (корпус 2)", "type": "yes", "tagged": true}, "geometry": {"type": "Polygon", "coordinates": [[[69.3694145, 53.2850291], [69.3708825, 53.285171], [69.3709247, 53.2850151], [69.3694567, 53.2848732], [69.3694145, 53.2850291]]]}}, {"type": "Feature", "properties": {"levels": 5.0, "addr": "улица Абая 113", "name": "", "type": "apartments", "tagged": true}, "geometry": {"type": "Polygon", "coordinates": [[[69.3931722, 53.2864263], [69.3931297, 53.2866065], [69.3933248, 53.286623], [69.3933287, 53.2866064], [69.3933708, 53.2866099], [69.3933768, 53.2865844], [69.3935606, 53.2865999], [69.3935642, 53.2865844], [69.3937524, 53.2866003], [69.3937467, 53.2866248], [69.3940895, 53.2866537], [69.3940938, 53.2866356], [69.3941697, 53.286642], [69.3941654, 53.2866601], [69.3945159, 53.2866896], [69.3945217, 53.2866651], [69.3947128, 53.2866813], [69.3947092, 53.2866968], [69.3948841, 53.2867115], [69.3948781, 53.286737], [69.3949201, 53.2867405], [69.3949162, 53.2867571], [69.3951128, 53.2867737], [69.3951394, 53.2866611], [69.3949583, 53.2866458], [69.3949663, 53.2866119], [69.3947871, 53.2865968], [69.3947895, 53.2865866], [69.3945026, 53.2865624], [69.3945, 53.2865735], [69.3943095, 53.2865574], [69.3943121, 53.2865463], [69.3938355, 53.2865061], [69.3938377, 53.2864968], [69.3934893, 53.2864674], [69.3934964, 53.2864374], [69.3932605, 53.2864175], [69.3932567, 53.2864334], [69.3931722, 53.2864263]]]}}, {"type": "Feature", "properties": {"levels": 4.0, "addr": "улица Жумабека Ташенова 56А", "name": "", "type": "yes", "tagged": true}, "geometry": {"type": "Polygon", "coordinates": [[[69.4000524, 53.2856919], [69.4002485, 53.2857117], [69.4003456, 53.2853684], [69.4001496, 53.2853486], [69.4000524, 53.2856919]]]}}, {"type": "Feature", "properties": {"levels": 6.0, "addr": "проспект Абылай-хана 12", "name": "", "type": "residential", "tagged": true}, "geometry": {"type": "Polygon", "coordinates": [[[69.3869635, 53.2994157], [69.3870121, 53.2987505], [69.386778, 53.2987444], [69.3867295, 53.2994096], [69.3869635, 53.2994157]]]}}, {"type": "Feature", "properties": {"levels": 5.0, "addr": "улица Калинина 48", "name": "", "type": "apartments", "tagged": true}, "geometry": {"type": "Polygon", "coordinates": [[[69.3840967, 53.2819574], [69.3843106, 53.2819755], [69.3844564, 53.2813575], [69.3842424, 53.2813395], [69.3840967, 53.2819574]]]}}, {"type": "Feature", "properties": {"levels": 5.0, "addr": "улица Ауельбекова 139А", "name": "Сармат Бизнес Центр", "type": "commercial", "tagged": true}, "geometry": {"type": "Polygon", "coordinates": [[[69.3949557, 53.2853537], [69.3951792, 53.2853752], [69.3953665, 53.2846801], [69.3953434, 53.2846779], [69.3951616, 53.2846604], [69.395143, 53.2846586], [69.3949557, 53.2853537]]]}}, {"type": "Feature", "properties": {"levels": 5.0, "addr": "проспект Нурсултана Назарбаева 67", "name": "", "type": "apartments", "tagged": true}, "geometry": {"type": "Polygon", "coordinates": [[[69.3880634, 53.2844885], [69.3882468, 53.2845069], [69.3883436, 53.2841614], [69.3881603, 53.284143], [69.3880634, 53.2844885]]]}}, {"type": "Feature", "properties": {"levels": 5.0, "addr": "улица Акана-серэ 65", "name": "", "type": "yes", "tagged": true}, "geometry": {"type": "Polygon", "coordinates": [[[69.3729312, 53.2805929], [69.3731499, 53.2806148], [69.3732948, 53.2800974], [69.3730761, 53.2800755], [69.3729312, 53.2805929]]]}}, {"type": "Feature", "properties": {"levels": 2, "addr": "улица Пушкина 6", "name": "", "type": "yes", "tagged": false}, "geometry": {"type": "Polygon", "coordinates": [[[69.4035836, 53.2886716], [69.4037493, 53.2886866], [69.4038867, 53.2881471], [69.403721, 53.288132], [69.4035836, 53.2886716]]]}}, {"type": "Feature", "properties": {"levels": 5.0, "addr": "улица Ауельбекова 129", "name": "", "type": "apartments", "tagged": true}, "geometry": {"type": "Polygon", "coordinates": [[[69.3920281, 53.2843788], [69.3934711, 53.2845188], [69.3935023, 53.2844039], [69.3920593, 53.2842639], [69.3920281, 53.2843788]]]}}, {"type": "Feature", "properties": {"levels": 5.0, "addr": "улица Малика Габдуллина 73", "name": "", "type": "apartments", "tagged": true}, "geometry": {"type": "Polygon", "coordinates": [[[69.397583, 53.2854899], [69.3977582, 53.285506], [69.3978801, 53.2850308], [69.3977048, 53.2850148], [69.397583, 53.2854899]]]}}, {"type": "Feature", "properties": {"levels": 2, "addr": "улица Пушкина 4А", "name": "", "type": "yes", "tagged": false}, "geometry": {"type": "Polygon", "coordinates": [[[69.4032369, 53.2888826], [69.4034667, 53.2888999], [69.4035136, 53.2886777], [69.4032838, 53.2886604], [69.4032369, 53.2888826]]]}}, {"type": "Feature", "properties": {"levels": 5.0, "addr": "улица Малика Габдуллина 71", "name": "", "type": "apartments", "tagged": true}, "geometry": {"type": "Polygon", "coordinates": [[[69.3974463, 53.285948], [69.3976321, 53.285969], [69.3977337, 53.2856468], [69.3975479, 53.2856259], [69.3974463, 53.285948]]]}}, {"type": "Feature", "properties": {"levels": 5.0, "addr": "улица Алимжана Баймуканова 86", "name": "", "type": "apartments", "tagged": true}, "geometry": {"type": "Polygon", "coordinates": [[[69.3806497, 53.2814814], [69.3819528, 53.2816055], [69.3819818, 53.2814964], [69.3806788, 53.2813723], [69.3806497, 53.2814814]]]}}, {"type": "Feature", "properties": {"levels": 2.0, "addr": "улица Зарапа Темирбекова 51", "name": "", "type": "yes", "tagged": true}, "geometry": {"type": "Polygon", "coordinates": [[[69.3727062, 53.2816091], [69.3729094, 53.2816299], [69.3730065, 53.2812919], [69.3728034, 53.281271], [69.3727062, 53.2816091]]]}}, {"type": "Feature", "properties": {"levels": 6.0, "addr": "проспект Нурсултана Назарбаева 15", "name": "", "type": "yes", "tagged": true}, "geometry": {"type": "Polygon", "coordinates": [[[69.3848892, 53.2991434], [69.3849165, 53.2990389], [69.3844925, 53.2989993], [69.3844651, 53.2991038], [69.3848892, 53.2991434]]]}}, {"type": "Feature", "properties": {"levels": 6.0, "addr": "улица Бауржана Момышулы 51", "name": "", "type": "yes", "tagged": true}, "geometry": {"type": "Polygon", "coordinates": [[[69.3789225, 53.2822412], [69.3789976, 53.281956], [69.3787889, 53.2819363], [69.3787138, 53.2822215], [69.3789225, 53.2822412]]]}}, {"type": "Feature", "properties": {"levels": 5.0, "addr": "улица Ауельбекова 126", "name": "", "type": "apartments", "tagged": true}, "geometry": {"type": "Polygon", "coordinates": [[[69.392049, 53.2838136], [69.3933934, 53.2839224], [69.3934168, 53.2838103], [69.3920727, 53.2837007], [69.392066, 53.2837332], [69.3919241, 53.2837241], [69.3919314, 53.2836962], [69.391968, 53.2835589], [69.3917735, 53.2835405], [69.3917448, 53.2837149], [69.3917272, 53.2838057], [69.3919028, 53.2838213], [69.3919204, 53.2837469], [69.3920604, 53.2837557], [69.392049, 53.2838136]]]}}, {"type": "Feature", "properties": {"levels": 4.0, "addr": "Сагдиева 44", "name": "", "type": "yes", "tagged": true}, "geometry": {"type": "Polygon", "coordinates": [[[69.3757055, 53.2821557], [69.3758852, 53.2821738], [69.3760177, 53.2817038], [69.375838, 53.2816856], [69.3757055, 53.2821557]]]}}, {"type": "Feature", "properties": {"levels": 1.0, "addr": "улица Алимжана Баймуканова 61а", "name": "", "type": "yes", "tagged": true}, "geometry": {"type": "Polygon", "coordinates": [[[69.3741683, 53.2811337], [69.3737664, 53.281102], [69.3737422, 53.2812116], [69.3741441, 53.2812433], [69.3741683, 53.2811337]]]}}, {"type": "Feature", "properties": {"levels": 5.0, "addr": "улица Акана-серэ 97", "name": "", "type": "apartments", "tagged": true}, "geometry": {"type": "Polygon", "coordinates": [[[69.3831557, 53.2811294], [69.3842379, 53.281235], [69.3842692, 53.2811201], [69.3831871, 53.2810145], [69.3831557, 53.2811294]]]}}, {"type": "Feature", "properties": {"levels": 2, "addr": "улица Мухтара Ауэзова 280", "name": "", "type": "yes", "tagged": false}, "geometry": {"type": "Polygon", "coordinates": [[[69.4030048, 53.2894968], [69.4035576, 53.2895491], [69.4035891, 53.2894301], [69.4030363, 53.2893778], [69.4030048, 53.2894968]]]}}, {"type": "Feature", "properties": {"levels": 4.0, "addr": "улица Биржан сала 45", "name": "", "type": "yes", "tagged": true}, "geometry": {"type": "Polygon", "coordinates": [[[69.3795297, 53.2837197], [69.3801923, 53.2837804], [69.3802321, 53.2836252], [69.3795695, 53.2835645], [69.3795297, 53.2837197]]]}}, {"type": "Feature", "properties": {"levels": 2.0, "addr": "улица Зарапа Темирбекова 55", "name": "", "type": "yes", "tagged": true}, "geometry": {"type": "Polygon", "coordinates": [[[69.3728829, 53.2809171], [69.3730842, 53.2809367], [69.3731416, 53.2807254], [69.3729404, 53.2807059], [69.3728829, 53.2809171]]]}}, {"type": "Feature", "properties": {"levels": 5.0, "addr": "улица Садвакасова 24", "name": "", "type": "apartments", "tagged": true}, "geometry": {"type": "Polygon", "coordinates": [[[69.3920263, 53.2880589], [69.3922159, 53.2880754], [69.3924235, 53.2872251], [69.3922339, 53.2872086], [69.3920263, 53.2880589]]]}}, {"type": "Feature", "properties": {"levels": 5.0, "addr": "Центральный микрорайон 13", "name": "", "type": "yes", "tagged": true}, "geometry": {"type": "Polygon", "coordinates": [[[69.3854761, 53.3000829], [69.3856748, 53.29913], [69.3854655, 53.2991144], [69.3852667, 53.3000673], [69.3854761, 53.3000829]]]}}, {"type": "Feature", "properties": {"levels": 2.0, "addr": "улица Мухтара Ауэзова 274", "name": "", "type": "yes", "tagged": true}, "geometry": {"type": "Polygon", "coordinates": [[[69.401416, 53.289303], [69.4019657, 53.2893535], [69.4019994, 53.2892221], [69.4014497, 53.2891717], [69.401416, 53.289303]]]}}, {"type": "Feature", "properties": {"levels": 5.0, "addr": "улица Ауельбекова 116", "name": "", "type": "apartments", "tagged": true}, "geometry": {"type": "Polygon", "coordinates": [[[69.3865961, 53.2833688], [69.386766, 53.2833851], [69.3869115, 53.2828479], [69.3867425, 53.2828316], [69.3865961, 53.2833688]]]}}, {"type": "Feature", "properties": {"levels": 5.0, "addr": "улица Мухтара Ауэзова 236", "name": "", "type": "apartments", "tagged": true}, "geometry": {"type": "Polygon", "coordinates": [[[69.3893714, 53.2878975], [69.3903763, 53.2879833], [69.3904058, 53.2878598], [69.3894009, 53.287774], [69.3893714, 53.2878975]]]}}, {"type": "Feature", "properties": {"levels": 2.0, "addr": "проспект Нурсултана Назарбаева 17А", "name": "ТОО \"КЕЛЕШЕК 2030\" Издательский дом", "type": "office", "tagged": true}, "geometry": {"type": "Polygon", "coordinates": [[[69.3843869, 53.2988268], [69.3846804, 53.2988545], [69.3847599, 53.2985535], [69.3844664, 53.2985258], [69.3843869, 53.2988268]]]}}, {"type": "Feature", "properties": {"levels": 5.0, "addr": "Сагдиева 37", "name": "", "type": "yes", "tagged": true}, "geometry": {"type": "Polygon", "coordinates": [[[69.3769393, 53.2811734], [69.3771291, 53.281189], [69.3772882, 53.2804997], [69.3770983, 53.2804841], [69.3769393, 53.2811734]]]}}, {"type": "Feature", "properties": {"levels": 4.0, "addr": "улица Ауельбекова 125", "name": "", "type": "apartments", "tagged": true}, "geometry": {"type": "Polygon", "coordinates": [[[69.3887443, 53.2840217], [69.3897657, 53.2841094], [69.3897921, 53.2839994], [69.3887708, 53.2839116], [69.3887443, 53.2840217]]]}}, {"type": "Feature", "properties": {"levels": 5.0, "addr": "улица Ауельбекова 82", "name": "", "type": "yes", "tagged": true}, "geometry": {"type": "Polygon", "coordinates": [[[69.3777696, 53.2825502], [69.3777986, 53.2824381], [69.3773127, 53.2823932], [69.3772837, 53.2825053], [69.3777696, 53.2825502]]]}}, {"type": "Feature", "properties": {"levels": 5.0, "addr": "улица Ауельбекова 137", "name": "", "type": "apartments", "tagged": true}, "geometry": {"type": "Polygon", "coordinates": [[[69.3937888, 53.2845065], [69.3948578, 53.2846068], [69.394872, 53.2845625], [69.3948854, 53.284503], [69.3938161, 53.2844025], [69.3937888, 53.2845065]]]}}, {"type": "Feature", "properties": {"levels": 5.0, "addr": "улица Абая 78", "name": "", "type": "apartments", "tagged": true}, "geometry": {"type": "Polygon", "coordinates": [[[69.3720849, 53.2836836], [69.3720744, 53.2837213], [69.3720304, 53.2838787], [69.3734457, 53.284019], [69.3734766, 53.2839075], [69.3722504, 53.2837859], [69.372274, 53.2837023], [69.3722482, 53.2836998], [69.3721096, 53.2836861], [69.3720849, 53.2836836]]]}}, {"type": "Feature", "properties": {"levels": 2, "addr": "улица Мухтара Ауэзова 270", "name": "", "type": "yes", "tagged": false}, "geometry": {"type": "Polygon", "coordinates": [[[69.4011301, 53.2892671], [69.4011667, 53.2891452], [69.4006471, 53.2890896], [69.4007013, 53.2889084], [69.400511, 53.288888], [69.4004202, 53.2891911], [69.4011301, 53.2892671]]]}}, {"type": "Feature", "properties": {"levels": 5.0, "addr": "улица Малика Габдуллина 40", "name": "", "type": "apartments", "tagged": true}, "geometry": {"type": "Polygon", "coordinates": [[[69.3960733, 53.2885616], [69.3963006, 53.2877847], [69.3960399, 53.2877574], [69.3958593, 53.2883746], [69.395524, 53.2883395], [69.3954772, 53.2884993], [69.3960733, 53.2885616]]]}}, {"type": "Feature", "properties": {"levels": 2, "addr": "улица Сакена Жунусова 33", "name": "", "type": "yes", "tagged": false}, "geometry": {"type": "Polygon", "coordinates": [[[69.3877831, 53.2946417], [69.3879809, 53.2940234], [69.3877546, 53.2939975], [69.3875568, 53.2946158], [69.3877831, 53.2946417]]]}}, {"type": "Feature", "properties": {"levels": 2, "addr": "улица Сакена Жунусова 37", "name": "", "type": "yes", "tagged": false}, "geometry": {"type": "Polygon", "coordinates": [[[69.3891967, 53.2948117], [69.3893986, 53.2941934], [69.3891615, 53.2941657], [69.3889595, 53.294784], [69.3891967, 53.2948117]]]}}, {"type": "Feature", "properties": {"levels": 3.0, "addr": "улица Мухтара Ауэзова 169", "name": "", "type": "apartments", "tagged": true}, "geometry": {"type": "Polygon", "coordinates": [[[69.3815422, 53.287817], [69.3821746, 53.2878815], [69.382211, 53.2877539], [69.3815786, 53.2876895], [69.3815422, 53.287817]]]}}, {"type": "Feature", "properties": {"levels": 4.0, "addr": "улица Биржан сала 29", "name": "", "type": "apartments", "tagged": true}, "geometry": {"type": "Polygon", "coordinates": [[[69.3787894, 53.2887962], [69.3790125, 53.2888197], [69.3791568, 53.2883294], [69.3789336, 53.2883059], [69.3787894, 53.2887962]]]}}, {"type": "Feature", "properties": {"levels": 5.0, "addr": "улица Осипенко 34", "name": "", "type": "apartments", "tagged": true}, "geometry": {"type": "Polygon", "coordinates": [[[69.3800924, 53.2882062], [69.3803078, 53.2882255], [69.3804302, 53.2877395], [69.3802148, 53.2877201], [69.3800924, 53.2882062]]]}}, {"type": "Feature", "properties": {"levels": 4.0, "addr": "улица Бауржана Момышулы 19", "name": "", "type": "apartments", "tagged": true}, "geometry": {"type": "Polygon", "coordinates": [[[69.3770176, 53.2889703], [69.377289, 53.2880667], [69.3770675, 53.2880386], [69.3767842, 53.2889487], [69.3770176, 53.2889703]]]}}, {"type": "Feature", "properties": {"levels": 2, "addr": "улица Сакена Жунусова 35", "name": "", "type": "yes", "tagged": false}, "geometry": {"type": "Polygon", "coordinates": [[[69.3884466, 53.2947328], [69.388665, 53.2940751], [69.3884359, 53.2940479], [69.3882174, 53.2947056], [69.3884466, 53.2947328]]]}}, {"type": "Feature", "properties": {"levels": 5.0, "addr": "улица Осипенко 27", "name": "", "type": "apartments", "tagged": true}, "geometry": {"type": "Polygon", "coordinates": [[[69.3809229, 53.2882915], [69.3811343, 53.2883107], [69.3812567, 53.2878281], [69.3810453, 53.287809], [69.3809229, 53.2882915]]]}}, {"type": "Feature", "properties": {"levels": 2, "addr": "проспект Абылай-хана 1а/1", "name": "", "type": "yes", "tagged": false}, "geometry": {"type": "Polygon", "coordinates": [[[69.3908037, 53.2958915], [69.3903491, 53.2952749], [69.390153, 53.2953266], [69.3906076, 53.2959432], [69.3908037, 53.2958915]]]}}, {"type": "Feature", "properties": {"levels": 3.0, "addr": "проспект Нурсултана Назарбаева 21А", "name": "", "type": "yes", "tagged": true}, "geometry": {"type": "Polygon", "coordinates": [[[69.387152, 53.2956437], [69.3875188, 53.2955033], [69.3873805, 53.2953743], [69.3871856, 53.2954489], [69.3870137, 53.2955147], [69.387152, 53.2956437]]]}}, {"type": "Feature", "properties": {"levels": 5.0, "addr": "улица Осипенко 28", "name": "", "type": "apartments", "tagged": true}, "geometry": {"type": "Polygon", "coordinates": [[[69.380015, 53.2884687], [69.3798211, 53.2884492], [69.3796384, 53.2890987], [69.3787606, 53.2890104], [69.3787211, 53.2891509], [69.3797928, 53.2892587], [69.380015, 53.2884687]]]}}, {"type": "Feature", "properties": {"levels": 3.0, "addr": "улица Ашимова 66", "name": "", "type": "school", "tagged": true}, "geometry": {"type": "Polygon", "coordinates": [[[69.3728834, 53.2772073], [69.3740988, 53.2773121], [69.3741241, 53.2772075], [69.3735403, 53.2771571], [69.3735671, 53.2770461], [69.3738436, 53.2770699], [69.3739277, 53.2767215], [69.3736602, 53.2766984], [69.3736809, 53.2766127], [69.374265, 53.2766631], [69.3742961, 53.2765342], [69.3730842, 53.2764297], [69.373054, 53.2765548], [69.3735567, 53.2765982], [69.3735327, 53.2766976], [69.3734464, 53.2766901], [69.3733647, 53.2770289], [69.3734421, 53.2770356], [69.3734211, 53.2771225], [69.3729144, 53.2770788], [69.3728834, 53.2772073]]]}}, {"type": "Feature", "properties": {"levels": 6.0, "addr": "Городок строителей микрорайон 1", "name": "", "type": "apartments", "tagged": true}, "geometry": {"type": "Polygon", "coordinates": [[[69.4039826, 53.2913912], [69.4041847, 53.2914113], [69.4043051, 53.2909769], [69.404103, 53.2909568], [69.4039826, 53.2913912]]]}}, {"type": "Feature", "properties": {"levels": 6.0, "addr": "Городок строителей микрорайон 3", "name": "", "type": "apartments", "tagged": true}, "geometry": {"type": "Polygon", "coordinates": [[[69.404958, 53.2923316], [69.4055899, 53.2924102], [69.4057486, 53.29243], [69.4057747, 53.292355], [69.4057914, 53.2923071], [69.4050008, 53.2922088], [69.404958, 53.2923316]]]}}, {"type": "Feature", "properties": {"levels": 1.0, "addr": "улица 8 Марта 51", "name": "", "type": "yes", "tagged": true}, "geometry": {"type": "Polygon", "coordinates": [[[69.3989474, 53.2886518], [69.3992304, 53.2886797], [69.3993039, 53.2884129], [69.399021, 53.288385], [69.3989474, 53.2886518]]]}}, {"type": "Feature", "properties": {"levels": 2, "addr": "улица Жумабека Ташенова 110", "name": "", "type": "yes", "tagged": false}, "geometry": {"type": "Polygon", "coordinates": [[[69.40335, 53.275569], [69.4036303, 53.2756038], [69.4036968, 53.2754126], [69.4034165, 53.2753778], [69.40335, 53.275569]]]}}, {"type": "Feature", "properties": {"levels": 5.0, "addr": "улица 8 Марта 104", "name": "", "type": "yes", "tagged": true}, "geometry": {"type": "Polygon", "coordinates": [[[69.4016266, 53.2754274], [69.4018229, 53.2754464], [69.401935, 53.2750317], [69.4017388, 53.2750127], [69.4016266, 53.2754274]]]}}, {"type": "Feature", "properties": {"levels": 2, "addr": "улица Валиханова 154", "name": "", "type": "yes", "tagged": false}, "geometry": {"type": "Polygon", "coordinates": [[[69.402723, 53.2754746], [69.4031964, 53.2755168], [69.4032266, 53.2753955], [69.4027532, 53.2753533], [69.402723, 53.2754746]]]}}, {"type": "Feature", "properties": {"levels": 6.0, "addr": "Городок строителей микрорайон 2", "name": "", "type": "apartments", "tagged": true}, "geometry": {"type": "Polygon", "coordinates": [[[69.4047855, 53.2921405], [69.4049602, 53.2920727], [69.4043672, 53.2915269], [69.4041924, 53.2915948], [69.4047855, 53.2921405]]]}}, {"type": "Feature", "properties": {"levels": 4.0, "addr": "улица Валиханова 150", "name": "", "type": "yes", "tagged": true}, "geometry": {"type": "Polygon", "coordinates": [[[69.4010743, 53.2752486], [69.4010443, 53.2753647], [69.4015551, 53.2754119], [69.4015851, 53.2752958], [69.4010743, 53.2752486]]]}}, {"type": "Feature", "properties": {"levels": 2.0, "addr": "улица Потанина 29", "name": "ТОО \"СофтМастер\"", "type": "commercial", "tagged": true}, "geometry": {"type": "Polygon", "coordinates": [[[69.3883175, 53.2902255], [69.3886784, 53.2902583], [69.3886515, 53.2903783], [69.3882864, 53.2903478], [69.3883175, 53.2902255]]]}}, {"type": "Feature", "properties": {"levels": 2.0, "addr": "", "name": "", "type": "hotel", "tagged": true}, "geometry": {"type": "Polygon", "coordinates": [[[69.3738944, 53.2849525], [69.3742482, 53.2849893], [69.3742939, 53.2848369], [69.3743345, 53.2846873], [69.3739818, 53.2846517], [69.3738944, 53.2849525]]]}}, {"type": "Feature", "properties": {"levels": 6.0, "addr": "проспект Абылай-хана 18", "name": "", "type": "residential", "tagged": true}, "geometry": {"type": "Polygon", "coordinates": [[[69.3876321, 53.3006754], [69.3879057, 53.3006834], [69.3879674, 53.2999749], [69.3876857, 53.2999621], [69.3876321, 53.3006754]]]}}, {"type": "Feature", "properties": {"levels": 5.0, "addr": "проспект Абылай-хана 6", "name": "", "type": "residential", "tagged": true}, "geometry": {"type": "Polygon", "coordinates": [[[69.3858892, 53.2974524], [69.3861977, 53.297789], [69.3861199, 53.2981994], [69.3864122, 53.2982171], [69.3864712, 53.2977746], [69.3861387, 53.2973851], [69.3858892, 53.2974524]]]}}, {"type": "Feature", "properties": {"levels": 9.0, "addr": "проспект Абылай-хана 16", "name": "", "type": "residential", "tagged": true}, "geometry": {"type": "Polygon", "coordinates": [[[69.3875144, 53.2998971], [69.3878037, 53.2999078], [69.3878341, 53.299615], [69.3875449, 53.2996043], [69.3875144, 53.2998971]]]}}, {"type": "Feature", "properties": {"levels": 2.0, "addr": "проспект Нурсултана Назарбаева 2И", "name": "\"Аққу\" балабақшасы", "type": "yes", "tagged": true}, "geometry": {"type": "Polygon", "coordinates": [[[69.3821168, 53.2975939], [69.3821175, 53.2973565], [69.3825372, 53.297357], [69.3825368, 53.2974681], [69.3827531, 53.2974683], [69.3827527, 53.2975953], [69.3829375, 53.2975955], [69.3829367, 53.2978428], [69.3825285, 53.2978423], [69.3825282, 53.2979355], [69.382262, 53.2979351], [69.3822624, 53.2978227], [69.3821952, 53.2978226], [69.3821956, 53.2976789], [69.3825208, 53.2976792], [69.3825211, 53.2975944], [69.3821168, 53.2975939]]]}}, {"type": "Feature", "properties": {"levels": 6.0, "addr": "проспект Нурсултана Назарбаева 2Б", "name": "", "type": "apartments", "tagged": true}, "geometry": {"type": "Polygon", "coordinates": [[[69.383311, 53.2958252], [69.3835439, 53.2958537], [69.3834003, 53.2962724], [69.3830607, 53.2962308], [69.3831083, 53.2960921], [69.383215, 53.2961052], [69.383311, 53.2958252]]]}}, {"type": "Feature", "properties": {"levels": 6.0, "addr": "улица Калинина 1", "name": "", "type": "apartments", "tagged": true}, "geometry": {"type": "Polygon", "coordinates": [[[69.3814172, 53.2946897], [69.3812139, 53.2953957], [69.3814354, 53.2954185], [69.3816386, 53.2947125], [69.3814172, 53.2946897]]]}}, {"type": "Feature", "properties": {"levels": 6.0, "addr": "проспект Нурсултана Назарбаева 2Д", "name": "", "type": "apartments", "tagged": true}, "geometry": {"type": "Polygon", "coordinates": [[[69.3818495, 53.2947214], [69.3818583, 53.2946905], [69.3819029, 53.2945339], [69.3823002, 53.2945752], [69.3822875, 53.2946227], [69.3822686, 53.2946887], [69.3821159, 53.2946731], [69.3821007, 53.2947264], [69.3819937, 53.2947155], [69.3819881, 53.2947355], [69.3818495, 53.2947214]]]}}, {"type": "Feature", "properties": {"levels": 6.0, "addr": "проспект Нурсултана Назарбаева 2А", "name": "", "type": "residential", "tagged": true}, "geometry": {"type": "Polygon", "coordinates": [[[69.3833718, 53.2957979], [69.3836422, 53.2948322], [69.3838649, 53.2948545], [69.3835945, 53.2958202], [69.3833718, 53.2957979]]]}}, {"type": "Feature", "properties": {"levels": 6.0, "addr": "проспект Нурсултана Назарбаева 2В", "name": "", "type": "apartments", "tagged": true}, "geometry": {"type": "Polygon", "coordinates": [[[69.3813232, 53.2954151], [69.3811846, 53.2958168], [69.3819319, 53.2959089], [69.3819804, 53.2957686], [69.3814198, 53.2956995], [69.3815099, 53.2954382], [69.3813232, 53.2954151]]]}}, {"type": "Feature", "properties": {"levels": 6.0, "addr": "проспект Нурсултана Назарбаева 2Г", "name": "", "type": "apartments", "tagged": true}, "geometry": {"type": "Polygon", "coordinates": [[[69.3820221, 53.2959416], [69.3819739, 53.2961019], [69.3830253, 53.2962269], [69.3830897, 53.2960538], [69.3820221, 53.2959416]]]}}, {"type": "Feature", "properties": {"levels": 2, "addr": "", "name": "", "type": "yes", "tagged": false}, "geometry": {"type": "Polygon", "coordinates": [[[69.3873041, 53.2958013], [69.387245, 53.2959354], [69.3875809, 53.2959882], [69.38764, 53.2958541], [69.3873041, 53.2958013]]]}}, {"type": "Feature", "properties": {"levels": 5.0, "addr": "проспект Нурсултана Назарбаева 37", "name": "", "type": "public", "tagged": true}, "geometry": {"type": "Polygon", "coordinates": [[[69.3869918, 53.2886321], [69.3869696, 53.2887108], [69.3869558, 53.2887597], [69.3869177, 53.2887559], [69.3868986, 53.2888234], [69.3869323, 53.2888268], [69.386907, 53.2889167], [69.3868788, 53.2890166], [69.386944, 53.2890232], [69.3871829, 53.2890472], [69.3872389, 53.2888485], [69.3872853, 53.2888531], [69.3873025, 53.2887922], [69.3872594, 53.2887879], [69.3872947, 53.2886626], [69.3869918, 53.2886321]]]}}, {"type": "Feature", "properties": {"levels": 5.0, "addr": "проспект Нурсултана Назарбаева 31", "name": "", "type": "yes", "tagged": true}, "geometry": {"type": "Polygon", "coordinates": [[[69.3863589, 53.2908391], [69.3862824, 53.2911041], [69.3866009, 53.2911369], [69.3866774, 53.290872], [69.3863589, 53.2908391]]]}}, {"type": "Feature", "properties": {"levels": 2, "addr": "проспект Нурсултана Назарбаева 35", "name": "", "type": "yes", "tagged": false}, "geometry": {"type": "Polygon", "coordinates": [[[69.3866698, 53.2897995], [69.386599, 53.2900637], [69.3869106, 53.2900935], [69.3869814, 53.2898293], [69.3866698, 53.2897995]]]}}, {"type": "Feature", "properties": {"levels": 2, "addr": "улица Потанина 46", "name": "", "type": "yes", "tagged": false}, "geometry": {"type": "Polygon", "coordinates": [[[69.3877367, 53.2894941], [69.3876746, 53.2897485], [69.3878828, 53.2897667], [69.3878932, 53.2897239], [69.3879851, 53.2897319], [69.3880023, 53.2896614], [69.3879105, 53.2896534], [69.3879449, 53.2895123], [69.3877367, 53.2894941]]]}}, {"type": "Feature", "properties": {"levels": 5.0, "addr": "проспект Нурсултана Назарбаева 29А", "name": "", "type": "yes", "tagged": true}, "geometry": {"type": "Polygon", "coordinates": [[[69.3866884, 53.2915533], [69.3864859, 53.2921609], [69.3867218, 53.292189], [69.3869242, 53.2915813], [69.3866884, 53.2915533]]]}}, {"type": "Feature", "properties": {"levels": 4.0, "addr": "проспект Нурсултана Назарбаева 33", "name": "Halyk Bank", "type": "yes", "tagged": true}, "geometry": {"type": "Polygon", "coordinates": [[[69.3867817, 53.2903748], [69.38707, 53.290405], [69.3869288, 53.2908861], [69.3866405, 53.2908558], [69.3867817, 53.2903748]]]}}, {"type": "Feature", "properties": {"levels": 2, "addr": "улица Потанина 8", "name": "", "type": "yes", "tagged": false}, "geometry": {"type": "Polygon", "coordinates": [[[69.38734, 53.2898421], [69.3872496, 53.2901455], [69.3878486, 53.2902093], [69.387939, 53.2899059], [69.38734, 53.2898421]]]}}, {"type": "Feature", "properties": {"levels": 9.0, "addr": "проспект Нурсултана Назарбаева 23", "name": "", "type": "apartments", "tagged": true}, "geometry": {"type": "Polygon", "coordinates": [[[69.3859256, 53.2932489], [69.3860872, 53.2932679], [69.3860347, 53.2934271], [69.3862419, 53.2934516], [69.386255, 53.2934119], [69.3863898, 53.2934278], [69.3863775, 53.2934652], [69.3865515, 53.2934858], [69.3865069, 53.2936207], [69.3867112, 53.2936448], [69.3867274, 53.2935961], [69.3868552, 53.2936112], [69.386895, 53.2934909], [69.386718, 53.2934699], [69.3867626, 53.2933346], [69.3865602, 53.2933107], [69.3865474, 53.2933494], [69.3864152, 53.2933338], [69.386428, 53.2932951], [69.3862551, 53.2932747], [69.386299, 53.2931416], [69.3861006, 53.2931182], [69.3860971, 53.2931287], [69.3859702, 53.2931137], [69.3859256, 53.2932489]]]}}, {"type": "Feature", "properties": {"levels": 5.0, "addr": "проспект Нурсултана Назарбаева 21", "name": "", "type": "yes", "tagged": true}, "geometry": {"type": "Polygon", "coordinates": [[[69.3865403, 53.2940927], [69.3864499, 53.2942844], [69.386407, 53.294285], [69.3863254, 53.2945674], [69.3866576, 53.294888], [69.386702, 53.2948769], [69.3867794, 53.2949571], [69.3869483, 53.2948987], [69.3868457, 53.2947958], [69.3867885, 53.2948039], [69.3865171, 53.2945363], [69.3865799, 53.2943297], [69.3866386, 53.2943205], [69.3867436, 53.2941245], [69.3865403, 53.2940927]]]}}, {"type": "Feature", "properties": {"levels": 5.0, "addr": "проспект Нурсултана Назарбаева 27", "name": "", "type": "yes", "tagged": true}, "geometry": {"type": "Polygon", "coordinates": [[[69.3862772, 53.2924127], [69.3860939, 53.2930148], [69.3863392, 53.2930414], [69.3865225, 53.2924394], [69.3862772, 53.2924127]]]}}, {"type": "Feature", "properties": {"levels": 7.0, "addr": "проспект Нурсултана Назарбаева 35А", "name": "", "type": "public", "tagged": true}, "geometry": {"type": "Polygon", "coordinates": [[[69.3870224, 53.2892829], [69.3869843, 53.2894601], [69.3870259, 53.2894633], [69.3870178, 53.2895007], [69.3870007, 53.2894994], [69.3869655, 53.2896628], [69.3871115, 53.289674], [69.3871145, 53.28966], [69.3871897, 53.2896658], [69.3871949, 53.2896416], [69.3872126, 53.289643], [69.3872519, 53.2894602], [69.3872337, 53.2894588], [69.3872675, 53.2893017], [69.3870224, 53.2892829]]]}}, {"type": "Feature", "properties": {"levels": 5.0, "addr": "проспект Нурсултана Назарбаева 29", "name": "", "type": "yes", "tagged": true}, "geometry": {"type": "Polygon", "coordinates": [[[69.3859976, 53.2920722], [69.3859286, 53.2923512], [69.3862423, 53.2923789], [69.3863112, 53.2920999], [69.3859976, 53.2920722]]]}}, {"type": "Feature", "properties": {"levels": 2.0, "addr": "", "name": "", "type": "yes", "tagged": true}, "geometry": {"type": "Polygon", "coordinates": [[[69.3868354, 53.2914254], [69.3867966, 53.2915551], [69.3874283, 53.2916225], [69.3874671, 53.2914928], [69.3868354, 53.2914254]]]}}, {"type": "Feature", "properties": {"levels": 2.0, "addr": "улица Потанина 33", "name": "", "type": "yes", "tagged": true}, "geometry": {"type": "Polygon", "coordinates": [[[69.3872197, 53.2909048], [69.3871791, 53.2910558], [69.3875357, 53.2910901], [69.3876983, 53.2904857], [69.3873867, 53.2904557], [69.3873155, 53.2907205], [69.3872287, 53.2907121], [69.3872049, 53.2908004], [69.3869861, 53.2907794], [69.3869591, 53.2908798], [69.3872197, 53.2909048]]]}}, {"type": "Feature", "properties": {"levels": 4.0, "addr": "проспект Нурсултана Назарбаева 29Б", "name": "Бизнес центр Капитал", "type": "yes", "tagged": true}, "geometry": {"type": "Polygon", "coordinates": [[[69.3865815, 53.2911448], [69.3864629, 53.2915341], [69.3866601, 53.2915555], [69.3867787, 53.2911663], [69.3865815, 53.2911448]]]}}, {"type": "Feature", "properties": {"levels": 2.0, "addr": "проспект Абылай-хана 1А", "name": "", "type": "yes", "tagged": true}, "geometry": {"type": "Polygon", "coordinates": [[[69.3882868, 53.2955819], [69.3883342, 53.2956428], [69.3881664, 53.2956911], [69.387907, 53.2953691], [69.3876506, 53.2954429], [69.3880833, 53.2959799], [69.3883397, 53.2959061], [69.3881912, 53.2957217], [69.3883582, 53.2956737], [69.3883843, 53.2957073], [69.388758, 53.2956036], [69.3888122, 53.2956734], [69.389006, 53.2956197], [69.3889518, 53.2955499], [69.3891724, 53.2954887], [69.3892418, 53.2955772], [69.3891363, 53.2956067], [69.3893781, 53.295915], [69.3900436, 53.2957286], [69.3898018, 53.2954203], [69.3893097, 53.2955581], [69.3892404, 53.2954698], [69.3893208, 53.2954475], [69.3892233, 53.295322], [69.3882868, 53.2955819]]]}}, {"type": "Feature", "properties": {"levels": 3.0, "addr": "проспект Абылай-хана 1", "name": "", "type": "yes", "tagged": true}, "geometry": {"type": "Polygon", "coordinates": [[[69.3881451, 53.2968553], [69.3884261, 53.2972267], [69.3885161, 53.2973456], [69.3891251, 53.297181], [69.3887542, 53.2966907], [69.3881451, 53.2968553]]]}}, {"type": "Feature", "properties": {"levels": 3.0, "addr": "проспект Нурсултана Назарбаева 21А", "name": "", "type": "yes", "tagged": true}, "geometry": {"type": "Polygon", "coordinates": [[[69.3871708, 53.2950641], [69.3874106, 53.2952935], [69.3874971, 53.2953763], [69.3877175, 53.295294], [69.3873913, 53.2949818], [69.3871708, 53.2950641]]]}}, {"type": "Feature", "properties": {"levels": 3.0, "addr": "улица Рамазана Елебаева 12", "name": "Торговый Центр \"РИО\"", "type": "public", "tagged": true}, "geometry": {"type": "Polygon", "coordinates": [[[69.3801422, 53.292693], [69.3803354, 53.2927138], [69.3801609, 53.2933329], [69.3803744, 53.2933528], [69.3805521, 53.2927381], [69.3807347, 53.2927577], [69.3808082, 53.2925093], [69.3808434, 53.2924934], [69.3808762, 53.2924662], [69.380892, 53.2924341], [69.3808924, 53.2924334], [69.3808924, 53.2924104], [69.3808846, 53.2923894], [69.3808554, 53.292358], [69.3809335, 53.2920982], [69.3803407, 53.2920343], [69.3802653, 53.2922844], [69.3802415, 53.2922884], [69.3802183, 53.2923026], [69.3802, 53.2923187], [69.380187, 53.2923356], [69.3801786, 53.2923544], [69.3801782, 53.2923572], [69.3801758, 53.2923729], [69.3801791, 53.2923948], [69.3801903, 53.2924172], [69.3802189, 53.2924383], [69.3801422, 53.292693]]]}}, {"type": "Feature", "properties": {"levels": 5.0, "addr": "улица Осипенко 1", "name": "Торгово-развлекательный Центр \"Рио\"", "type": "public", "tagged": true}, "geometry": {"type": "Polygon", "coordinates": [[[69.3798823, 53.291945], [69.3807937, 53.2920361], [69.3808765, 53.29174], [69.3809399, 53.2915133], [69.3804737, 53.2914667], [69.3800285, 53.2914222], [69.379973, 53.2916207], [69.3798823, 53.291945]]]}}, {"type": "Feature", "properties": {"levels": 2, "addr": "улица Сакена Жунусова 12", "name": "", "type": "yes", "tagged": false}, "geometry": {"type": "Polygon", "coordinates": [[[69.3814613, 53.2926399], [69.3814236, 53.2927597], [69.3823269, 53.2928614], [69.3823646, 53.2927416], [69.3814613, 53.2926399]]]}}, {"type": "Feature", "properties": {"levels": 9.0, "addr": "проспект Нурсултана Назарбаева 8", "name": "", "type": "apartments", "tagged": true}, "geometry": {"type": "Polygon", "coordinates": [[[69.3824037, 53.2929037], [69.3823496, 53.2930551], [69.3826935, 53.293099], [69.3827176, 53.2930317], [69.3830703, 53.2930767], [69.3830894, 53.2930233], [69.383452, 53.2930695], [69.3834703, 53.2930182], [69.3838368, 53.2930649], [69.3839052, 53.292873], [69.3836857, 53.292845], [69.3836615, 53.2929128], [69.3834852, 53.2928903], [69.3834604, 53.2929598], [69.3831264, 53.2929172], [69.3831018, 53.2929863], [69.3827506, 53.2929415], [69.382731, 53.2929962], [69.3825497, 53.2929731], [69.382567, 53.2929245], [69.3824037, 53.2929037]]]}}, {"type": "Feature", "properties": {"levels": 6.0, "addr": "проспект Нурсултана Назарбаева 4", "name": "", "type": "apartments", "tagged": true}, "geometry": {"type": "Polygon", "coordinates": [[[69.3840498, 53.2930791], [69.3843618, 53.2931135], [69.3846195, 53.2922769], [69.384329, 53.2922448], [69.3842992, 53.2923412], [69.3843702, 53.292349], [69.3841782, 53.2929708], [69.3840864, 53.2929607], [69.3840498, 53.2930791]]]}}, {"type": "Feature", "properties": {"levels": 9.0, "addr": "улица Ильяса Есенберлина 1", "name": "", "type": "apartments", "tagged": true}, "geometry": {"type": "Polygon", "coordinates": [[[69.3838141, 53.2921999], [69.3840499, 53.292226], [69.3841672, 53.2918475], [69.3839313, 53.2918214], [69.3838141, 53.2921999]]]}}, {"type": "Feature", "properties": {"levels": 6.0, "addr": "проспект Нурсултана Назарбаева 6", "name": "", "type": "apartments", "tagged": true}, "geometry": {"type": "Polygon", "coordinates": [[[69.3844466, 53.2917441], [69.3844159, 53.2918492], [69.3846018, 53.2918681], [69.3846799, 53.291876], [69.3849214, 53.2910322], [69.3846492, 53.2910038], [69.3846186, 53.2911087], [69.3847131, 53.2911186], [69.3845278, 53.2917526], [69.3844466, 53.2917441]]]}}, {"type": "Feature", "properties": {"levels": 2, "addr": "улица Калинина 5", "name": "", "type": "yes", "tagged": false}, "geometry": {"type": "Polygon", "coordinates": [[[69.3815916, 53.2924667], [69.3817142, 53.2920367], [69.3819384, 53.2920595], [69.3818158, 53.2924895], [69.3815916, 53.2924667]]]}}, {"type": "Feature", "properties": {"levels": 6.0, "addr": "улица Тлеулина 58", "name": "", "type": "yes", "tagged": true}, "geometry": {"type": "Polygon", "coordinates": [[[69.3830663, 53.2921398], [69.3830601, 53.2920902], [69.3831826, 53.2920382], [69.3829657, 53.2918559], [69.3828451, 53.2919071], [69.382769, 53.2918835], [69.3827941, 53.2918014], [69.3817263, 53.2916848], [69.3816893, 53.2918056], [69.3827572, 53.2919222], [69.382788, 53.2919314], [69.3830049, 53.2921137], [69.3830183, 53.2921339], [69.382945, 53.2923457], [69.3831486, 53.2923709], [69.3832218, 53.2921591], [69.3830663, 53.2921398]]]}}, {"type": "Feature", "properties": {"levels": 2, "addr": "улица Ильяса Есенберлина", "name": "", "type": "yes", "tagged": false}, "geometry": {"type": "Polygon", "coordinates": [[[69.3825086, 53.2923013], [69.3824709, 53.2924234], [69.3828325, 53.2924634], [69.3828703, 53.2923413], [69.3825086, 53.2923013]]]}}, {"type": "Feature", "properties": {"levels": 6.0, "addr": "проспект Нурсултана Назарбаева 12", "name": "", "type": "apartments", "tagged": true}, "geometry": {"type": "Polygon", "coordinates": [[[69.3847932, 53.290516], [69.3847588, 53.2906214], [69.3849043, 53.2906384], [69.3850515, 53.2906555], [69.385072, 53.2905925], [69.3852975, 53.2899012], [69.3853297, 53.2898023], [69.3850177, 53.2897659], [69.3849807, 53.2898794], [69.3850896, 53.2898921], [69.3848828, 53.2905264], [69.3847932, 53.290516]]]}}, {"type": "Feature", "properties": {"levels": 9.0, "addr": "улица Юрия Гагарина 69", "name": "", "type": "apartments", "tagged": true}, "geometry": {"type": "Polygon", "coordinates": [[[69.3843234, 53.2905687], [69.3843012, 53.2906394], [69.3843205, 53.2906415], [69.384307, 53.2906845], [69.3842878, 53.2906823], [69.3842696, 53.2907404], [69.3842831, 53.290742], [69.3842701, 53.2907837], [69.3842565, 53.2907822], [69.3842379, 53.2908415], [69.3842531, 53.2908432], [69.384239, 53.290888], [69.3842238, 53.2908863], [69.3842014, 53.2909578], [69.3843886, 53.2909788], [69.3844022, 53.2909354], [69.384454, 53.2909412], [69.3844947, 53.2908114], [69.3844631, 53.2908078], [69.3844762, 53.2907661], [69.3845057, 53.2907694], [69.3845439, 53.2906476], [69.384495, 53.2906421], [69.3845114, 53.2905898], [69.3843234, 53.2905687]]]}}, {"type": "Feature", "properties": {"levels": 2.0, "addr": "улица Магзи Абулкасымова 95", "name": "Триумф", "type": "yes", "tagged": true}, "geometry": {"type": "Polygon", "coordinates": [[[69.384615, 53.2892301], [69.3849194, 53.2892634], [69.3849993, 53.2890021], [69.3846948, 53.2889688], [69.384615, 53.2892301]]]}}, {"type": "Feature", "properties": {"levels": 2, "addr": "проспект Нурсултана Назарбаева 44", "name": "", "type": "yes", "tagged": false}, "geometry": {"type": "Polygon", "coordinates": [[[69.3859587, 53.2884644], [69.3862046, 53.2884895], [69.3862454, 53.2883472], [69.386255, 53.2883136], [69.3860846, 53.2882961], [69.3860091, 53.2882884], [69.3859587, 53.2884644]]]}}, {"type": "Feature", "properties": {"levels": 9.0, "addr": "проспект Нурсултана Назарбаева 18", "name": "", "type": "apartments", "tagged": true}, "geometry": {"type": "Polygon", "coordinates": [[[69.3847452, 53.288465], [69.3854017, 53.2885396], [69.3854445, 53.2884054], [69.384788, 53.2883307], [69.3847452, 53.288465]]]}}, {"type": "Feature", "properties": {"levels": 2.0, "addr": "улица Мухтара Ауэзова 175", "name": "", "type": "residential", "tagged": true}, "geometry": {"type": "Polygon", "coordinates": [[[69.3845573, 53.287857], [69.3845105, 53.2880118], [69.3851277, 53.288073], [69.3851066, 53.2881309], [69.385295, 53.2881506], [69.3853525, 53.2879414], [69.3845573, 53.287857]]]}}, {"type": "Feature", "properties": {"levels": 6.0, "addr": "проспект Нурсултана Назарбаева 16", "name": "", "type": "apartments", "tagged": true}, "geometry": {"type": "Polygon", "coordinates": [[[69.3851716, 53.2892797], [69.3851379, 53.2893934], [69.3854136, 53.2894225], [69.385429, 53.2893704], [69.3856416, 53.288652], [69.385664, 53.2885761], [69.3853893, 53.288547], [69.3853569, 53.2886567], [69.3854357, 53.2886651], [69.3852514, 53.2892881], [69.3851716, 53.2892797]]]}}, {"type": "Feature", "properties": {"levels": 9.0, "addr": "улица Юрия Гагарина 68", "name": "", "type": "apartments", "tagged": true}, "geometry": {"type": "Polygon", "coordinates": [[[69.3847196, 53.2893454], [69.3846793, 53.2895059], [69.3847202, 53.2895096], [69.3847079, 53.2895586], [69.3846643, 53.2895547], [69.3846215, 53.2897254], [69.3848224, 53.2897434], [69.3848342, 53.2896962], [69.3848757, 53.2897], [69.3849052, 53.289582], [69.3848775, 53.2895795], [69.3848885, 53.2895355], [69.3849219, 53.2895385], [69.384953, 53.2894143], [69.3849188, 53.2894112], [69.3849306, 53.2893644], [69.3847196, 53.2893454]]]}}, {"type": "Feature", "properties": {"levels": 2.0, "addr": "улица Мухтара Ауэзова 173", "name": "", "type": "residential", "tagged": true}, "geometry": {"type": "Polygon", "coordinates": [[[69.3836498, 53.2877688], [69.3836039, 53.2879157], [69.384219, 53.2879844], [69.384265, 53.2878376], [69.3836498, 53.2877688]]]}}, {"type": "Feature", "properties": {"levels": 5.0, "addr": "проспект Нурсултана Назарбаева 39", "name": "", "type": "public", "tagged": true}, "geometry": {"type": "Polygon", "coordinates": [[[69.3870338, 53.2884869], [69.3870386, 53.2884691], [69.3870132, 53.2884666], [69.3870288, 53.2884092], [69.3870018, 53.2884066], [69.3870193, 53.2883423], [69.3870465, 53.288345], [69.3870706, 53.2882559], [69.3870961, 53.2882584], [69.3871083, 53.2882136], [69.3876699, 53.288268], [69.3876712, 53.2882681], [69.3876333, 53.2884081], [69.387385, 53.2883841], [69.3873934, 53.288353], [69.3873137, 53.2883453], [69.3872405, 53.2886155], [69.3871071, 53.2886025], [69.3870977, 53.2886375], [69.3869956, 53.2886276], [69.3870338, 53.2884869]]]}}, {"type": "Feature", "properties": {"levels": 3.0, "addr": "проспект Нурсултана Назарбаева 177", "name": "", "type": "yes", "tagged": true}, "geometry": {"type": "Polygon", "coordinates": [[[69.3857985, 53.2882184], [69.3860118, 53.2882415], [69.3860719, 53.2880431], [69.3858624, 53.2880185], [69.3858282, 53.2881173], [69.3857985, 53.2882184]]]}}, {"type": "Feature", "properties": {"levels": 1.0, "addr": "улица Мухтара Ауэзова 163", "name": "", "type": "yes", "tagged": true}, "geometry": {"type": "Polygon", "coordinates": [[[69.3793389, 53.287555], [69.3793977, 53.2873481], [69.3799629, 53.2874056], [69.3799106, 53.2875896], [69.3798276, 53.2875811], [69.3798447, 53.287521], [69.3795295, 53.2874889], [69.3795059, 53.287572], [69.3793389, 53.287555]]]}}, {"type": "Feature", "properties": {"levels": 3.0, "addr": "улица Мухтара Ауэзова 216", "name": "", "type": "yes", "tagged": true}, "geometry": {"type": "Polygon", "coordinates": [[[69.3786507, 53.2865009], [69.3786463, 53.2865017], [69.3785866, 53.2866687], [69.3788109, 53.2866996], [69.378862, 53.286733], [69.3789153, 53.2867498], [69.3789837, 53.2867562], [69.3790345, 53.2867516], [69.3790878, 53.2867371], [69.3791362, 53.2867105], [69.3791693, 53.2866724], [69.3791776, 53.2866318], [69.3791629, 53.2865927], [69.3791376, 53.2865663], [69.3791125, 53.2865499], [69.3791742, 53.2863479], [69.3789328, 53.2863174], [69.3788657, 53.2865275], [69.3786507, 53.2865009]]]}}, {"type": "Feature", "properties": {"levels": 2.0, "addr": "улица Мухтара Ауэзова 214", "name": "Национальный банк Республики Казахстан", "type": "yes", "tagged": true}, "geometry": {"type": "Polygon", "coordinates": [[[69.3774857, 53.2865778], [69.3778373, 53.2866205], [69.3778373, 53.2866208], [69.3778518, 53.2866367], [69.3778718, 53.2866503], [69.3778995, 53.286662], [69.3779407, 53.2866705], [69.3779755, 53.2866714], [69.3780114, 53.2866666], [69.3780408, 53.2866575], [69.3780604, 53.2866476], [69.3783224, 53.2866794], [69.3783728, 53.2865311], [69.3781314, 53.2865018], [69.3781663, 53.286399], [69.3781005, 53.286391], [69.3780216, 53.2863814], [69.3779567, 53.2863735], [69.3779219, 53.2864759], [69.3775363, 53.286429], [69.3774857, 53.2865778]]]}}, {"type": "Feature", "properties": {"levels": 2.0, "addr": "улица Мухтара Ауэзова 210", "name": "", "type": "yes", "tagged": true}, "geometry": {"type": "Polygon", "coordinates": [[[69.3769489, 53.2866955], [69.3770081, 53.2867026], [69.3770455, 53.2867351], [69.3770891, 53.2867124], [69.3771626, 53.2867212], [69.3772444, 53.2864775], [69.3770308, 53.2864518], [69.3769489, 53.2866955]]]}}, {"type": "Feature", "properties": {"levels": 2, "addr": "улица Сакена Жунусова 3", "name": "ТД Моя семья", "type": "public", "tagged": false}, "geometry": {"type": "Polygon", "coordinates": [[[69.3771541, 53.2932977], [69.3776501, 53.2933482], [69.3775777, 53.2936202], [69.3780168, 53.2936602], [69.3781345, 53.2931995], [69.3772102, 53.2931039], [69.3771541, 53.2932977]]]}}, {"type": "Feature", "properties": {"levels": 2.0, "addr": "улица Сакена Жунусова 5у", "name": "\"Шайба\"", "type": "yes", "tagged": true}, "geometry": {"type": "Polygon", "coordinates": [[[69.381555, 53.293674], [69.3815446, 53.2937243], [69.3815608, 53.293774], [69.3816021, 53.2938183], [69.3816644, 53.2938527], [69.3817415, 53.2938738], [69.3818258, 53.2938795], [69.3819088, 53.2938693], [69.3819825, 53.2938442], [69.3820394, 53.2938067], [69.382074, 53.2937604], [69.3820828, 53.2937106], [69.3820657, 53.2936616], [69.3820242, 53.2936181], [69.3819623, 53.2935843], [69.3818861, 53.2935636], [69.3818029, 53.2935578], [69.3817207, 53.2935676], [69.3816475, 53.293592], [69.3815905, 53.2936286], [69.381555, 53.293674]]]}}, {"type": "Feature", "properties": {"levels": 5.0, "addr": "улица Сулейменова 4", "name": "", "type": "yes", "tagged": true}, "geometry": {"type": "Polygon", "coordinates": [[[69.4012612, 53.2939987], [69.4020146, 53.2941714], [69.4020795, 53.2940702], [69.4013157, 53.2938951], [69.4012572, 53.2939862], [69.4011861, 53.2938954], [69.4007632, 53.2940136], [69.4008407, 53.2941126], [69.4006717, 53.2940727], [69.4003738, 53.2945235], [69.4005528, 53.2945657], [69.4008507, 53.2941149], [69.4008478, 53.2941142], [69.4012612, 53.2939987]]]}}, {"type": "Feature", "properties": {"levels": 5.0, "addr": "улица Сулейменова 6А", "name": "", "type": "yes", "tagged": true}, "geometry": {"type": "Polygon", "coordinates": [[[69.4014559, 53.2946555], [69.4016467, 53.2946994], [69.4019061, 53.2942965], [69.4017153, 53.2942526], [69.4014559, 53.2946555]]]}}, {"type": "Feature", "properties": {"levels": 5.0, "addr": "улица Сулейменова 8", "name": "", "type": "residential", "tagged": true}, "geometry": {"type": "Polygon", "coordinates": [[[69.4025386, 53.2952419], [69.4030083, 53.2945121], [69.4032023, 53.2945567], [69.4027326, 53.2952865], [69.4025386, 53.2952419]]]}}, {"type": "Feature", "properties": {"levels": 5.0, "addr": "улица Сулейменова 6", "name": "", "type": "residential", "tagged": true}, "geometry": {"type": "Polygon", "coordinates": [[[69.4020476, 53.2941863], [69.4032224, 53.2944585], [69.4032888, 53.2943561], [69.4021141, 53.2940839], [69.4020476, 53.2941863]]]}}, {"type": "Feature", "properties": {"levels": 2.0, "addr": "Мадениет 1", "name": "", "type": "yes", "tagged": true}, "geometry": {"type": "Polygon", "coordinates": [[[69.4007488, 53.2947488], [69.400877, 53.2945542], [69.4012461, 53.294641], [69.4011179, 53.2948356], [69.4007488, 53.2947488]]]}}, {"type": "Feature", "properties": {"levels": 5.0, "addr": "улица Сулейменова 16", "name": "", "type": "yes", "tagged": true}, "geometry": {"type": "Polygon", "coordinates": [[[69.4013745, 53.2974678], [69.4015778, 53.2975181], [69.4013738, 53.2978124], [69.4011705, 53.2977621], [69.4013745, 53.2974678]]]}}, {"type": "Feature", "properties": {"levels": 2, "addr": "улица Сулейменова 18А", "name": "", "type": "yes", "tagged": false}, "geometry": {"type": "Polygon", "coordinates": [[[69.4001563, 53.2982812], [69.4005119, 53.2983577], [69.4005756, 53.2982521], [69.4002199, 53.2981755], [69.4001563, 53.2982812]]]}}, {"type": "Feature", "properties": {"levels": 3.0, "addr": "улица Исмаилова 11а", "name": "", "type": "yes", "tagged": true}, "geometry": {"type": "Polygon", "coordinates": [[[69.3989013, 53.2973325], [69.3993636, 53.2975917], [69.3994985, 53.2975057], [69.3990361, 53.2972465], [69.3989013, 53.2973325]]]}}, {"type": "Feature", "properties": {"levels": 5.0, "addr": "улица Сулейменова 12В", "name": "", "type": "yes", "tagged": true}, "geometry": {"type": "Polygon", "coordinates": [[[69.4004735, 53.2975589], [69.4006538, 53.2976004], [69.4011284, 53.2968634], [69.4009481, 53.2968219], [69.4004735, 53.2975589]]]}}, {"type": "Feature", "properties": {"levels": 5.0, "addr": "улица Сулейменова 12Б", "name": "", "type": "yes", "tagged": true}, "geometry": {"type": "Polygon", "coordinates": [[[69.3995643, 53.2962381], [69.4005842, 53.2964753], [69.4006575, 53.2963627], [69.3996377, 53.2961255], [69.3995643, 53.2962381]]]}}, {"type": "Feature", "properties": {"levels": 5.0, "addr": "улица Сулейменова 12Г", "name": "", "type": "yes", "tagged": true}, "geometry": {"type": "Polygon", "coordinates": [[[69.400504, 53.2968895], [69.3995876, 53.2966893], [69.3996535, 53.2965815], [69.4005699, 53.2967817], [69.400504, 53.2968895]]]}}, {"type": "Feature", "properties": {"levels": 5.0, "addr": "улица Сулейменова 14", "name": "", "type": "yes", "tagged": true}, "geometry": {"type": "Polygon", "coordinates": [[[69.4015055, 53.2973288], [69.4016844, 53.2973687], [69.4018645, 53.2970806], [69.4016857, 53.2970407], [69.4015055, 53.2973288]]]}}, {"type": "Feature", "properties": {"levels": 5.0, "addr": "улица Сулейменова 12А", "name": "", "type": "yes", "tagged": true}, "geometry": {"type": "Polygon", "coordinates": [[[69.4007437, 53.2962517], [69.4015867, 53.2964556], [69.4016667, 53.2963375], [69.4008236, 53.2961336], [69.4007437, 53.2962517]]]}}, {"type": "Feature", "properties": {"levels": 3.0, "addr": "улица Исмаилова 11Б", "name": "", "type": "yes", "tagged": true}, "geometry": {"type": "Polygon", "coordinates": [[[69.3987466, 53.297573], [69.399029, 53.2977356], [69.3991711, 53.2976475], [69.3988886, 53.2974849], [69.3987466, 53.297573]]]}}, {"type": "Feature", "properties": {"levels": 2, "addr": "", "name": "", "type": "yes", "tagged": false}, "geometry": {"type": "Polygon", "coordinates": [[[69.3997042, 53.2979542], [69.4000291, 53.2980259], [69.4002202, 53.2977169], [69.3998953, 53.2976452], [69.3997042, 53.2979542]]]}}, {"type": "Feature", "properties": {"levels": 4.0, "addr": "улица Сулейменова 18", "name": "", "type": "yes", "tagged": true}, "geometry": {"type": "Polygon", "coordinates": [[[69.4007302, 53.2984096], [69.4009071, 53.2984496], [69.4011917, 53.2980001], [69.4010148, 53.2979601], [69.4007302, 53.2984096]]]}}, {"type": "Feature", "properties": {"levels": 5.0, "addr": "улица Сулейменова 12", "name": "", "type": "yes", "tagged": true}, "geometry": {"type": "Polygon", "coordinates": [[[69.4020691, 53.2964372], [69.401789, 53.2968858], [69.4019583, 53.2969236], [69.4022384, 53.296475], [69.4020691, 53.2964372]]]}}, {"type": "Feature", "properties": {"levels": 2.0, "addr": "улица Сулейменова 10", "name": "", "type": "yes", "tagged": true}, "geometry": {"type": "Polygon", "coordinates": [[[69.401554, 53.2953935], [69.4014632, 53.2955265], [69.4015424, 53.2955458], [69.4013547, 53.2958209], [69.4014655, 53.2958479], [69.4013973, 53.2959478], [69.4017173, 53.2960258], [69.4018652, 53.295809], [69.401948, 53.2958292], [69.4020273, 53.2957131], [69.4018889, 53.2956793], [69.4020083, 53.2955043], [69.401554, 53.2953935]]]}}, {"type": "Feature", "properties": {"levels": 1.0, "addr": "Булкышева 10", "name": "", "type": "yes", "tagged": true}, "geometry": {"type": "Polygon", "coordinates": [[[69.3979302, 53.2963599], [69.3980129, 53.2964518], [69.3983754, 53.2963354], [69.3982927, 53.2962434], [69.3979302, 53.2963599]]]}}, {"type": "Feature", "properties": {"levels": 1.0, "addr": "Булкышева 3", "name": "", "type": "yes", "tagged": true}, "geometry": {"type": "Polygon", "coordinates": [[[69.3976335, 53.2969303], [69.3977455, 53.2970483], [69.3982507, 53.296877], [69.3981387, 53.296759], [69.3976335, 53.2969303]]]}}, {"type": "Feature", "properties": {"levels": 1.0, "addr": "Булкышева 7", "name": "", "type": "yes", "tagged": true}, "geometry": {"type": "Polygon", "coordinates": [[[69.3987933, 53.296551], [69.3989131, 53.2966802], [69.3994371, 53.2965066], [69.3993173, 53.2963774], [69.3987933, 53.296551]]]}}, {"type": "Feature", "properties": {"levels": 1.0, "addr": "Булкышева 1", "name": "", "type": "yes", "tagged": true}, "geometry": {"type": "Polygon", "coordinates": [[[69.3969486, 53.2971505], [69.3970644, 53.2972799], [69.3975747, 53.2971167], [69.3974589, 53.2969874], [69.3969486, 53.2971505]]]}}, {"type": "Feature", "properties": {"levels": 4.0, "addr": "улица Исмаилова 23", "name": "", "type": "yes", "tagged": true}, "geometry": {"type": "Polygon", "coordinates": [[[69.3965469, 53.2973054], [69.3969172, 53.2975192], [69.3970594, 53.2974312], [69.3966892, 53.2972174], [69.3965469, 53.2973054]]]}}, {"type": "Feature", "properties": {"levels": 2, "addr": "Булкышева 5А", "name": "", "type": "yes", "tagged": false}, "geometry": {"type": "Polygon", "coordinates": [[[69.3985289, 53.296949], [69.3986488, 53.2970733], [69.399168, 53.2968942], [69.3990481, 53.29677], [69.3985289, 53.296949]]]}}, {"type": "Feature", "properties": {"levels": 1.0, "addr": "Булкышева 5", "name": "", "type": "yes", "tagged": true}, "geometry": {"type": "Polygon", "coordinates": [[[69.3983954, 53.2968054], [69.3987522, 53.2966899], [69.3986651, 53.2965937], [69.3983082, 53.2967093], [69.3983954, 53.2968054]]]}}, {"type": "Feature", "properties": {"levels": 2, "addr": "", "name": "", "type": "yes", "tagged": false}, "geometry": {"type": "Polygon", "coordinates": [[[69.39725, 53.2965642], [69.3973376, 53.2966599], [69.3977406, 53.296528], [69.397653, 53.2964323], [69.39725, 53.2965642]]]}}, {"type": "Feature", "properties": {"levels": 5.0, "addr": "улица Сулейменова 22", "name": "", "type": "yes", "tagged": true}, "geometry": {"type": "Polygon", "coordinates": [[[69.3994063, 53.3000994], [69.3995404, 53.3001828], [69.399932, 53.2999728], [69.4002163, 53.2995208], [69.3992668, 53.2993044], [69.3991997, 53.299423], [69.3999657, 53.2995813], [69.399755, 53.2999183], [69.3994063, 53.3000994]]]}}, {"type": "Feature", "properties": {"levels": 3.0, "addr": "улица Сулейменова 21", "name": "", "type": "yes", "tagged": true}, "geometry": {"type": "Polygon", "coordinates": [[[69.3999215, 53.2992082], [69.4000936, 53.2992453], [69.4002907, 53.2989183], [69.4001186, 53.2988812], [69.3999215, 53.2992082]]]}}, {"type": "Feature", "properties": {"levels": 3.0, "addr": "улица Сулейменова 20", "name": "", "type": "yes", "tagged": true}, "geometry": {"type": "Polygon", "coordinates": [[[69.400494, 53.2989096], [69.4006833, 53.2989537], [69.4008697, 53.2986678], [69.4006803, 53.2986237], [69.400494, 53.2989096]]]}}, {"type": "Feature", "properties": {"levels": 2.0, "addr": "улица Сакена Жунусова 7", "name": "ТД Нурсая", "type": "yes", "tagged": true}, "geometry": {"type": "Polygon", "coordinates": [[[69.3813498, 53.2940847], [69.3816475, 53.2942194], [69.3821759, 53.2941232], [69.3823127, 53.2939196], [69.3821384, 53.2938779], [69.3820284, 53.2940174], [69.3817012, 53.2940767], [69.3814732, 53.2939821], [69.3813498, 53.2940847]]]}}, {"type": "Feature", "properties": {"levels": 6.0, "addr": "улица Осипенко 2А", "name": "", "type": "apartments", "tagged": true}, "geometry": {"type": "Polygon", "coordinates": [[[69.3781473, 53.2925632], [69.3781252, 53.2927081], [69.3790641, 53.2927988], [69.3791132, 53.2926503], [69.3781473, 53.2925632]]]}}, {"type": "Feature", "properties": {"levels": 2.0, "addr": "улица Сакена Жунусова 5", "name": "ТД Континент", "type": "yes", "tagged": true}, "geometry": {"type": "Polygon", "coordinates": [[[69.3781933, 53.2932403], [69.3780883, 53.2936305], [69.3787276, 53.293692], [69.3788327, 53.2933017], [69.3781933, 53.2932403]]]}}, {"type": "Feature", "properties": {"levels": 4.0, "addr": "", "name": "", "type": "yes", "tagged": true}, "geometry": {"type": "Polygon", "coordinates": [[[69.3888889, 53.2989705], [69.3890999, 53.2992262], [69.3894442, 53.2991248], [69.3892332, 53.298869], [69.3888889, 53.2989705]]]}}, {"type": "Feature", "properties": {"levels": 2, "addr": "", "name": "", "type": "yes", "tagged": false}, "geometry": {"type": "Polygon", "coordinates": [[[69.3891858, 53.2983471], [69.3892473, 53.2984267], [69.3889967, 53.2984959], [69.3891156, 53.2986498], [69.3893663, 53.2985806], [69.3897778, 53.2991129], [69.3895324, 53.2991807], [69.3896573, 53.2993423], [69.3899027, 53.2992745], [69.3903464, 53.2998545], [69.3900922, 53.2999273], [69.3902132, 53.3000784], [69.3904675, 53.3000056], [69.3905529, 53.3001155], [69.3925398, 53.2995669], [69.3924602, 53.2994639], [69.3926974, 53.2993984], [69.3925806, 53.2992473], [69.3923433, 53.2993128], [69.3918899, 53.2987263], [69.392125, 53.2986614], [69.3920064, 53.2985079], [69.3917713, 53.2985729], [69.3913549, 53.2980342], [69.3915859, 53.2979704], [69.3914679, 53.2978178], [69.3912369, 53.2978816], [69.3911727, 53.2977985], [69.390667, 53.2979382], [69.3906235, 53.297882], [69.390441, 53.2979324], [69.3904844, 53.2979886], [69.3903404, 53.2980284], [69.3902279, 53.2978828], [69.3899542, 53.2979584], [69.3900667, 53.2981039], [69.3898412, 53.2981662], [69.3897893, 53.298099], [69.3896075, 53.2981493], [69.3896594, 53.2982164], [69.3891858, 53.2983471]]]}}, {"type": "Feature", "properties": {"levels": 4.0, "addr": "", "name": "", "type": "yes", "tagged": true}, "geometry": {"type": "Polygon", "coordinates": [[[69.3895338, 53.2998048], [69.3898838, 53.2997052], [69.3896845, 53.2994552], [69.3893345, 53.2995548], [69.3895338, 53.2998048]]]}}, {"type": "Feature", "properties": {"levels": 2, "addr": "", "name": "", "type": "yes", "tagged": false}, "geometry": {"type": "Polygon", "coordinates": [[[69.3928053, 53.2990503], [69.3934809, 53.2988669], [69.3922967, 53.2973089], [69.3916211, 53.2974923], [69.3928053, 53.2990503]]]}}, {"type": "Feature", "properties": {"levels": 3.0, "addr": "улица Тлеулина 59", "name": "Nazarbaev Intelectual school", "type": "school", "tagged": true}, "geometry": {"type": "Polygon", "coordinates": [[[69.3877831, 53.2935317], [69.3884323, 53.2936075], [69.3884253, 53.2936288], [69.3889469, 53.2936898], [69.3889532, 53.2936707], [69.3896708, 53.2937545], [69.3897314, 53.293569], [69.3889974, 53.2934833], [69.3890641, 53.2932792], [69.3897981, 53.2933649], [69.389856, 53.2931879], [69.389063, 53.2930943], [69.3889705, 53.2931432], [69.3889433, 53.2931273], [69.3888986, 53.2931101], [69.3888485, 53.2930998], [69.3887804, 53.2930973], [69.3887333, 53.293103], [69.3887002, 53.2931111], [69.3886223, 53.2930437], [69.3878621, 53.2929549], [69.387804, 53.2931326], [69.3885156, 53.2932158], [69.3884452, 53.2934311], [69.3878391, 53.2933603], [69.3877831, 53.2935317]]]}}, {"type": "Feature", "properties": {"levels": 2.0, "addr": "улица Тлеулина 61", "name": "", "type": "yes", "tagged": true}, "geometry": {"type": "Polygon", "coordinates": [[[69.3919114, 53.2934754], [69.3917383, 53.2939841], [69.3920334, 53.29402], [69.3921088, 53.2937985], [69.392442, 53.293839], [69.3923655, 53.294064], [69.3926988, 53.2941045], [69.3928731, 53.2935923], [69.3919114, 53.2934754]]]}}, {"type": "Feature", "properties": {"levels": 9.0, "addr": "проспект Абылай-хана 4", "name": "", "type": "residential", "tagged": true}, "geometry": {"type": "Polygon", "coordinates": [[[69.3848598, 53.2971401], [69.3848449, 53.2972106], [69.3848228, 53.2973151], [69.3850124, 53.2973355], [69.3850366, 53.2972682], [69.3851492, 53.2972858], [69.3852573, 53.2972991], [69.3853638, 53.2972986], [69.3853611, 53.297273], [69.3854899, 53.2972666], [69.3855006, 53.2972922], [69.3856347, 53.297273], [69.3857348, 53.297243], [69.3858152, 53.2972158], [69.3858635, 53.2972767], [69.3860424, 53.2972329], [69.3859333, 53.2970715], [69.3858386, 53.2970966], [69.3858225, 53.2970742], [69.3856409, 53.2971212], [69.3856669, 53.2971463], [69.3854961, 53.2971677], [69.3854952, 53.2971447], [69.3853048, 53.2971528], [69.3853048, 53.2971768], [69.3851439, 53.297172], [69.3851492, 53.2971528], [69.3849596, 53.2971308], [69.3849481, 53.2971582], [69.3848598, 53.2971401]]]}}, {"type": "Feature", "properties": {"levels": 2.0, "addr": "улица Юрия Гагарина 66", "name": "", "type": "yes", "tagged": true}, "geometry": {"type": "Polygon", "coordinates": [[[69.3827921, 53.2889359], [69.382623, 53.2893952], [69.3828165, 53.2894206], [69.3828623, 53.2892961], [69.3830413, 53.2893197], [69.3830062, 53.2894148], [69.3831933, 53.2894394], [69.3832287, 53.289343], [69.3834618, 53.2893737], [69.3834243, 53.2894756], [69.3836314, 53.2895028], [69.3837546, 53.289168], [69.383569, 53.2891436], [69.3835046, 53.2893185], [69.3832418, 53.2892839], [69.3832992, 53.289128], [69.3831291, 53.2891057], [69.38307, 53.2892665], [69.3828852, 53.2892422], [69.3829884, 53.2889617], [69.3827921, 53.2889359]]]}}, {"type": "Feature", "properties": {"levels": 2.0, "addr": "улица Акана-серэ 157", "name": "Детский сад имени Ю.А. Гагарина", "type": "yes", "tagged": true}, "geometry": {"type": "Polygon", "coordinates": [[[69.4006921, 53.2830876], [69.4006695, 53.2832173], [69.4008852, 53.2832307], [69.4009091, 53.2830933], [69.4010745, 53.2831036], [69.4010661, 53.2831519], [69.4011548, 53.2831574], [69.4011451, 53.2832131], [69.401045, 53.2832068], [69.4010267, 53.2833122], [69.4012099, 53.2833236], [69.4012335, 53.2831879], [69.4014033, 53.2831985], [69.4014194, 53.283106], [69.4013187, 53.2830998], [69.4013302, 53.2830333], [69.4014419, 53.2830402], [69.4014599, 53.2829369], [69.401277, 53.2829255], [69.4012549, 53.2830532], [69.4011021, 53.2830437], [69.4011133, 53.2829792], [69.4010282, 53.2829739], [69.4010332, 53.282945], [69.4011189, 53.2829503], [69.4011417, 53.2828192], [69.4009352, 53.2828063], [69.4009121, 53.2829392], [69.4007269, 53.2829277], [69.4007078, 53.2830379], [69.4008062, 53.283044], [69.4007975, 53.2830942], [69.4006921, 53.2830876]]]}}, {"type": "Feature", "properties": {"levels": 2.0, "addr": "улица Акана-серэ 123", "name": "", "type": "kindergarten", "tagged": true}, "geometry": {"type": "Polygon", "coordinates": [[[69.394435, 53.2821327], [69.394345, 53.2824772], [69.3945545, 53.2824968], [69.3945838, 53.2823844], [69.3948128, 53.2824058], [69.3947835, 53.282518], [69.3949943, 53.2825377], [69.3950858, 53.2821876], [69.39488, 53.2821683], [69.3948374, 53.2823314], [69.3946039, 53.2823096], [69.394645, 53.2821523], [69.394435, 53.2821327]]]}}, {"type": "Feature", "properties": {"levels": 3.0, "addr": "Булкышева 8", "name": "", "type": "school", "tagged": true}, "geometry": {"type": "Polygon", "coordinates": [[[69.3970821, 53.2967569], [69.3967244, 53.2963563], [69.3966816, 53.29637], [69.3964897, 53.2961551], [69.3966727, 53.2960967], [69.3968227, 53.2962647], [69.3969184, 53.2962342], [69.3969716, 53.2962937], [69.3971273, 53.296244], [69.3970127, 53.2961157], [69.3969323, 53.2961414], [69.3967599, 53.2959483], [69.3969927, 53.295874], [69.397154, 53.2960546], [69.397047, 53.2960887], [69.3972015, 53.2962618], [69.3973974, 53.2961993], [69.3973765, 53.2961759], [69.3974589, 53.2961496], [69.3973863, 53.2960683], [69.3973307, 53.2960861], [69.3972354, 53.2959793], [69.3974558, 53.295909], [69.3976714, 53.2961505], [69.3975501, 53.2961892], [69.397592, 53.2962361], [69.397471, 53.2962747], [69.3974248, 53.2962229], [69.3969855, 53.2963631], [69.3972806, 53.2966936], [69.3970821, 53.2967569]]]}}, {"type": "Feature", "properties": {"levels": 4.0, "addr": "улица Ашимова 191", "name": "Школа-лицей №6", "type": "school", "tagged": true}, "geometry": {"type": "Polygon", "coordinates": [[[69.3949453, 53.2800741], [69.3948825, 53.2803387], [69.3955381, 53.2803943], [69.3955277, 53.2804379], [69.3957168, 53.280456], [69.3957005, 53.28053], [69.3955324, 53.2805159], [69.3955184, 53.2805716], [69.3952382, 53.2805517], [69.3951916, 53.2807158], [69.3960556, 53.2807871], [69.3960795, 53.2806165], [69.3957786, 53.2805885], [69.3958185, 53.2804237], [69.3961892, 53.2804495], [69.3962193, 53.2803227], [69.3957695, 53.2802845], [69.3957987, 53.2801616], [69.3958492, 53.2801659], [69.3958382, 53.2802125], [69.3962252, 53.2802453], [69.3963, 53.27993], [69.3952104, 53.2798375], [69.3951836, 53.2799503], [69.3956325, 53.2799884], [69.3955633, 53.2802797], [69.3952076, 53.2802495], [69.3952234, 53.2801832], [69.3950945, 53.2801722], [69.3951144, 53.2800884], [69.3949453, 53.2800741]]]}}, {"type": "Feature", "properties": {"levels": 5.0, "addr": "улица Пушкина 17", "name": "", "type": "yes", "tagged": true}, "geometry": {"type": "Polygon", "coordinates": [[[69.4049633, 53.2867317], [69.405172, 53.2867513], [69.4053302, 53.2861513], [69.4051215, 53.2861317], [69.4049633, 53.2867317]]]}}, {"type": "Feature", "properties": {"levels": 2, "addr": "улица Сулейменова 2А", "name": "", "type": "yes", "tagged": false}, "geometry": {"type": "Polygon", "coordinates": [[[69.4025564, 53.2914512], [69.4020512, 53.2916336], [69.4025464, 53.2921321], [69.4030583, 53.2919505], [69.4025564, 53.2914512]]]}}, {"type": "Feature", "properties": {"levels": 2, "addr": "улица Магзи Абулкасымова 131", "name": "", "type": "yes", "tagged": false}, "geometry": {"type": "Polygon", "coordinates": [[[69.4019018, 53.2908328], [69.4010235, 53.2908787], [69.4010445, 53.2910225], [69.4019228, 53.2909767], [69.4019018, 53.2908328]]]}}, {"type": "Feature", "properties": {"levels": 2, "addr": "улица Сулейменова", "name": "", "type": "roof", "tagged": false}, "geometry": {"type": "Polygon", "coordinates": [[[69.4040308, 53.2929368], [69.4041258, 53.292937], [69.4041254, 53.2929941], [69.4043688, 53.2929948], [69.4043699, 53.2928442], [69.4041324, 53.2928435], [69.4041321, 53.2928889], [69.4040312, 53.2928886], [69.4040308, 53.2929368]]]}}, {"type": "Feature", "properties": {"levels": 2, "addr": "", "name": "", "type": "yes", "tagged": false}, "geometry": {"type": "Polygon", "coordinates": [[[69.404674, 53.2913155], [69.4048258, 53.2913333], [69.4048062, 53.2913929], [69.4046544, 53.2913751], [69.404674, 53.2913155]]]}}, {"type": "Feature", "properties": {"levels": 1.0, "addr": "улица Ильяса Есенберлина 109", "name": "", "type": "yes", "tagged": true}, "geometry": {"type": "Polygon", "coordinates": [[[69.3877843, 53.2774198], [69.3880255, 53.277437], [69.3880435, 53.2773467], [69.3878023, 53.2773295], [69.3877843, 53.2774198]]]}}, {"type": "Feature", "properties": {"levels": 3.0, "addr": "улица Ашимова 141", "name": "", "type": "yes", "tagged": true}, "geometry": {"type": "Polygon", "coordinates": [[[69.3867234, 53.2791114], [69.3866749, 53.2791048], [69.3866924, 53.2790425], [69.385367, 53.2789094], [69.3852802, 53.2792188], [69.3855428, 53.2792452], [69.3855902, 53.2790764], [69.3864769, 53.2791653], [69.3864276, 53.2793411], [69.3859812, 53.2792963], [69.3859496, 53.279409], [69.3869094, 53.2795053], [69.3869457, 53.2793761], [69.3866083, 53.2793422], [69.3866649, 53.2791405], [69.3867145, 53.2791442], [69.3866992, 53.2792002], [69.3872395, 53.2792529], [69.3872706, 53.2791389], [69.3867303, 53.2790862], [69.3867234, 53.2791114]]]}}, {"type": "Feature", "properties": {"levels": 2, "addr": "улица Буденного 76", "name": "РТИ", "type": "yes", "tagged": false}, "geometry": {"type": "Polygon", "coordinates": [[[69.4045791, 53.2793183], [69.4041525, 53.2792704], [69.4042199, 53.2790555], [69.4046465, 53.2791034], [69.4045791, 53.2793183]]]}}, {"type": "Feature", "properties": {"levels": 1.0, "addr": "улица Акана-серэ 139", "name": "Золотой Телец", "type": "yes", "tagged": true}, "geometry": {"type": "Polygon", "coordinates": [[[69.3985195, 53.2826659], [69.3985063, 53.2827187], [69.3987212, 53.2827379], [69.3987802, 53.2825022], [69.3986506, 53.2824906], [69.3986614, 53.2824475], [69.3983734, 53.2824217], [69.3983145, 53.2826425], [69.3985195, 53.2826659]]]}}, {"type": "Feature", "properties": {"levels": 2.0, "addr": "улица Акана-серэ 146", "name": "\"ДОМИНО\"", "type": "commercial", "tagged": true}, "geometry": {"type": "Polygon", "coordinates": [[[69.3944927, 53.2817105], [69.3949436, 53.2817478], [69.3950093, 53.2814637], [69.3948715, 53.2814523], [69.3948453, 53.2815654], [69.3945322, 53.2815395], [69.3944927, 53.2817105]]]}}, {"type": "Feature", "properties": {"levels": 2, "addr": "проспект Нурсултана Назарбаева 72", "name": "Вита", "type": "yes", "tagged": false}, "geometry": {"type": "Polygon", "coordinates": [[[69.3878319, 53.281768], [69.3880396, 53.2817904], [69.388058, 53.2817294], [69.3878504, 53.281707], [69.3878319, 53.281768]]]}}, {"type": "Feature", "properties": {"levels": 2.0, "addr": "улица Абая 82", "name": "ЦУМ", "type": "yes", "tagged": true}, "geometry": {"type": "Polygon", "coordinates": [[[69.374115, 53.2839905], [69.3750948, 53.2840932], [69.3751596, 53.283867], [69.375201, 53.2837225], [69.3745343, 53.283658], [69.3745667, 53.2835381], [69.3752386, 53.2836031], [69.3752619, 53.2835194], [69.374469, 53.2834362], [69.3744938, 53.2833517], [69.3743082, 53.2833321], [69.374115, 53.2839905]]]}}, {"type": "Feature", "properties": {"levels": 3.0, "addr": "улица Дзержинского 91А", "name": "\"Сәтті\" СY", "type": "yes", "tagged": true}, "geometry": {"type": "Polygon", "coordinates": [[[69.3746944, 53.2833094], [69.3752788, 53.2833708], [69.3753167, 53.2833708], [69.3753495, 53.2833651], [69.3753776, 53.2833547], [69.3753998, 53.2833406], [69.375416, 53.283322], [69.375423, 53.2833029], [69.3754216, 53.2832842], [69.3754091, 53.2832619], [69.3753875, 53.2832442], [69.3753365, 53.2832253], [69.3747345, 53.283164], [69.3746944, 53.2833094]]]}}, {"type": "Feature", "properties": {"levels": 3.0, "addr": "улица Зарапа Темирбекова 29", "name": "", "type": "yes", "tagged": true}, "geometry": {"type": "Polygon", "coordinates": [[[69.3718485, 53.2845556], [69.3720213, 53.284569], [69.3720919, 53.2842448], [69.3719191, 53.2842313], [69.3718485, 53.2845556]]]}}, {"type": "Feature", "properties": {"levels": 2, "addr": "улица Дзержинского 93А", "name": "Пирамида", "type": "yes", "tagged": false}, "geometry": {"type": "Polygon", "coordinates": [[[69.3762152, 53.2836403], [69.3763305, 53.2836521], [69.3763545, 53.2835682], [69.3761902, 53.2835514], [69.3761756, 53.2836024], [69.3762152, 53.2836403]]]}}, {"type": "Feature", "properties": {"levels": 2.0, "addr": "Сагдиева 34", "name": "кинотеатр Cinema Alem", "type": "yes", "tagged": true}, "geometry": {"type": "Polygon", "coordinates": [[[69.3748523, 53.285455], [69.3748668, 53.2854061], [69.3741725, 53.2853326], [69.3741137, 53.2855308], [69.3746405, 53.2855866], [69.3746438, 53.2855944], [69.3746834, 53.2856262], [69.3747403, 53.2856466], [69.3748059, 53.2856523], [69.3748702, 53.2856427], [69.3749234, 53.285619], [69.3749575, 53.285585], [69.3749671, 53.2855458], [69.3749584, 53.2855252], [69.3749509, 53.2855073], [69.3749114, 53.2854755], [69.3748544, 53.2854551], [69.3748523, 53.285455]]]}}, {"type": "Feature", "properties": {"levels": 1.0, "addr": "улица Мухтара Ауэзова 194", "name": "Дәстүр", "type": "yes", "tagged": true}, "geometry": {"type": "Polygon", "coordinates": [[[69.3760239, 53.2866188], [69.3763761, 53.2866592], [69.3764401, 53.2864602], [69.3762333, 53.2864364], [69.3762582, 53.2863589], [69.3759107, 53.286319], [69.3758973, 53.2863607], [69.3754782, 53.2863125], [69.3754409, 53.2864287], [69.3758185, 53.2864721], [69.3758089, 53.2865019], [69.3760524, 53.2865299], [69.3760239, 53.2866188]]]}}, {"type": "Feature", "properties": {"levels": 3.0, "addr": "улица Бауржана Момышулы 48", "name": "", "type": "yes", "tagged": true}, "geometry": {"type": "Polygon", "coordinates": [[[69.3769649, 53.2842923], [69.3771549, 53.2843124], [69.3773417, 53.2842203], [69.3773791, 53.2840937], [69.3770344, 53.2840572], [69.3769649, 53.2842923]]]}}, {"type": "Feature", "properties": {"levels": 9.0, "addr": "улица Абая 106", "name": "\"Көкшетау\" қонақ үйі", "type": "yes", "tagged": true}, "geometry": {"type": "Polygon", "coordinates": [[[69.3811085, 53.2845031], [69.3811439, 53.2843643], [69.3811632, 53.2842944], [69.3808351, 53.2842575], [69.3808201, 53.2843173], [69.3807843, 53.2844735], [69.3811085, 53.2845031]]]}}, {"type": "Feature", "properties": {"levels": 4.0, "addr": "улица Биржан сала 46", "name": "ТД Арбат", "type": "yes", "tagged": true}, "geometry": {"type": "Polygon", "coordinates": [[[69.3793176, 53.2822408], [69.3799009, 53.2823024], [69.3799148, 53.2822553], [69.3799784, 53.282262], [69.3799935, 53.2822109], [69.3799125, 53.2822023], [69.379941, 53.2821056], [69.3800056, 53.2821124], [69.3800322, 53.2820221], [69.3799728, 53.2820158], [69.3799773, 53.2820006], [69.3794064, 53.2819403], [69.3793176, 53.2822408]]]}}, {"type": "Feature", "properties": {"levels": 2.0, "addr": "улица Биржан сала 51", "name": "", "type": "yes", "tagged": true}, "geometry": {"type": "Polygon", "coordinates": [[[69.3805652, 53.2821783], [69.3808426, 53.2822062], [69.3808894, 53.2820399], [69.3806119, 53.282012], [69.3805652, 53.2821783]]]}}, {"type": "Feature", "properties": {"levels": 2.0, "addr": "улица Каныша Сатпаева 8", "name": "", "type": "yes", "tagged": true}, "geometry": {"type": "Polygon", "coordinates": [[[69.3809434, 53.282318], [69.3810289, 53.2823263], [69.38109, 53.282101], [69.3811269, 53.2821046], [69.3810965, 53.2822169], [69.381154, 53.2822225], [69.3811233, 53.2823355], [69.3819185, 53.2824126], [69.3819596, 53.2822612], [69.3817666, 53.2822424], [69.381914, 53.281699], [69.3816917, 53.2816775], [69.3815449, 53.2822185], [69.3814334, 53.2822076], [69.3814839, 53.2820214], [69.3812231, 53.2819996], [69.3812209, 53.2820091], [69.3810318, 53.2819934], [69.3809434, 53.282318]]]}}, {"type": "Feature", "properties": {"levels": 1.0, "addr": "улица Акана-серэ 93", "name": "", "type": "yes", "tagged": true}, "geometry": {"type": "Polygon", "coordinates": [[[69.382011, 53.2810384], [69.3820571, 53.2810588], [69.3821129, 53.2810671], [69.3821697, 53.2810621], [69.382219, 53.2810444], [69.3822531, 53.2810168], [69.3822671, 53.2809835], [69.3822586, 53.2809495], [69.382229, 53.2809201], [69.3821829, 53.2808996], [69.3821271, 53.2808913], [69.3820703, 53.2808964], [69.382021, 53.280914], [69.3819869, 53.2809416], [69.3819729, 53.280975], [69.3819814, 53.2810089], [69.382011, 53.2810384]]]}}, {"type": "Feature", "properties": {"levels": 2.0, "addr": "улица Калинина 35", "name": "", "type": "yes", "tagged": true}, "geometry": {"type": "Polygon", "coordinates": [[[69.3826556, 53.2870592], [69.3828622, 53.28708], [69.3829272, 53.2868491], [69.3832919, 53.2868858], [69.3833328, 53.2867404], [69.3830084, 53.2867078], [69.3830145, 53.2866862], [69.3828197, 53.2866666], [69.3827781, 53.2868144], [69.3827297, 53.2868095], [69.3827166, 53.2868535], [69.3826556, 53.2870592]]]}}, {"type": "Feature", "properties": {"levels": 4.0, "addr": "улица Абая 83", "name": "Областной Акимат", "type": "yes", "tagged": true}, "geometry": {"type": "Polygon", "coordinates": [[[69.382754, 53.2859136], [69.3829699, 53.2859328], [69.3830147, 53.2859368], [69.3831297, 53.285474], [69.3834519, 53.2855027], [69.3834421, 53.2855421], [69.3836122, 53.2855572], [69.3836226, 53.2855136], [69.3836577, 53.2853763], [69.3835666, 53.2853682], [69.3829043, 53.2853091], [69.3828485, 53.2855336], [69.382754, 53.2859136]]]}}, {"type": "Feature", "properties": {"levels": 4.0, "addr": "улица Абая 85", "name": "Бизнес центр \"Бурабай\"", "type": "yes", "tagged": true}, "geometry": {"type": "Polygon", "coordinates": [[[69.3846015, 53.2857963], [69.3846244, 53.2857127], [69.3837165, 53.2856238], [69.3837428, 53.2855275], [69.3837529, 53.2854906], [69.3838305, 53.2854981], [69.3840212, 53.2855168], [69.3840608, 53.2854874], [69.3843057, 53.2855109], [69.3843185, 53.2855459], [69.384457, 53.2855595], [69.3844615, 53.285543], [69.3848605, 53.285582], [69.3847966, 53.2858154], [69.3846015, 53.2857963]]]}}, {"type": "Feature", "properties": {"levels": 4.0, "addr": "улица Абая 108", "name": "", "type": "yes", "tagged": true}, "geometry": {"type": "Polygon", "coordinates": [[[69.3821884, 53.2844281], [69.3822125, 53.2843479], [69.3820113, 53.2843263], [69.3819362, 53.2845948], [69.382234, 53.2848169], [69.3830516, 53.2848921], [69.3830789, 53.2847825], [69.3823358, 53.2847143], [69.3821455, 53.2845724], [69.3821884, 53.2844281]]]}}, {"type": "Feature", "properties": {"levels": 7.0, "addr": "улица Абая 108", "name": "", "type": "yes", "tagged": true}, "geometry": {"type": "Polygon", "coordinates": [[[69.3840829, 53.2849036], [69.3842468, 53.2849174], [69.3845214, 53.2849404], [69.3846351, 53.28495], [69.3846677, 53.2848114], [69.3841155, 53.284765], [69.3840983, 53.2848383], [69.3840878, 53.2848828], [69.3840829, 53.2849036]]]}}, {"type": "Feature", "properties": {"levels": 2, "addr": "улица Ахмета Байтурсынова 70/1", "name": "ЖК \"Абай\"", "type": "yes", "tagged": false}, "geometry": {"type": "Polygon", "coordinates": [[[69.3897983, 53.2916693], [69.3908466, 53.2917734], [69.3909447, 53.2914206], [69.3907297, 53.2913992], [69.3906718, 53.2916076], [69.3898384, 53.2915249], [69.3897983, 53.2916693]]]}}, {"type": "Feature", "properties": {"levels": 2, "addr": "улица Островского 154", "name": "", "type": "residential", "tagged": false}, "geometry": {"type": "Polygon", "coordinates": [[[69.3940548, 53.2781495], [69.3940881, 53.2780159], [69.3939455, 53.2780032], [69.3939397, 53.2780264], [69.3939097, 53.2780237], [69.3938822, 53.2781341], [69.3940548, 53.2781495]]]}}, {"type": "Feature", "properties": {"levels": 2, "addr": "улица Островского 92а", "name": "", "type": "residential", "tagged": false}, "geometry": {"type": "Polygon", "coordinates": [[[69.3938969, 53.278355], [69.3940613, 53.2783686], [69.3940781, 53.2782958], [69.3939137, 53.2782822], [69.3938969, 53.278355]]]}}, {"type": "Feature", "properties": {"levels": 2, "addr": "улица Янко 106", "name": "", "type": "residential", "tagged": false}, "geometry": {"type": "Polygon", "coordinates": [[[69.3968636, 53.277276], [69.3970246, 53.2772894], [69.397047, 53.2771929], [69.3968861, 53.2771795], [69.3968636, 53.277276]]]}}, {"type": "Feature", "properties": {"levels": 2, "addr": "улица Янко 108", "name": "", "type": "residential", "tagged": false}, "geometry": {"type": "Polygon", "coordinates": [[[69.3969332, 53.2770486], [69.3970932, 53.2770595], [69.3971092, 53.2769749], [69.3969493, 53.276964], [69.3969332, 53.2770486]]]}}, {"type": "Feature", "properties": {"levels": 2, "addr": "улица Янко 114", "name": "", "type": "residential", "tagged": false}, "geometry": {"type": "Polygon", "coordinates": [[[69.3971293, 53.2761355], [69.3973619, 53.2761498], [69.3973797, 53.2760463], [69.3971471, 53.276032], [69.3971293, 53.2761355]]]}}, {"type": "Feature", "properties": {"levels": 2, "addr": "улица Янко 116", "name": "", "type": "residential", "tagged": false}, "geometry": {"type": "Polygon", "coordinates": [[[69.3971379, 53.2759222], [69.3974461, 53.2759459], [69.3974823, 53.2757769], [69.3970042, 53.2757403], [69.3969803, 53.2758516], [69.3971503, 53.2758646], [69.3971379, 53.2759222]]]}}, {"type": "Feature", "properties": {"levels": 1.0, "addr": "улица Косшигулова 134", "name": "", "type": "residential", "tagged": true}, "geometry": {"type": "Polygon", "coordinates": [[[69.395108, 53.2761551], [69.3952988, 53.2761737], [69.3953314, 53.2760511], [69.3951433, 53.2760324], [69.395108, 53.2761551]]]}}, {"type": "Feature", "properties": {"levels": 2, "addr": "улица Валиханова 138", "name": "", "type": "residential", "tagged": false}, "geometry": {"type": "Polygon", "coordinates": [[[69.397394, 53.2750207], [69.3976151, 53.2750364], [69.3976348, 53.2749375], [69.3974136, 53.2749218], [69.397394, 53.2750207]]]}}, {"type": "Feature", "properties": {"levels": 1.0, "addr": "улица Косшигулова 138", "name": "", "type": "residential", "tagged": true}, "geometry": {"type": "Polygon", "coordinates": [[[69.3962212, 53.2762762], [69.3965102, 53.2763058], [69.3965434, 53.2761898], [69.3962544, 53.2761602], [69.3962212, 53.2762762]]]}}, {"type": "Feature", "properties": {"levels": 1.0, "addr": "улица Косшигулова 140", "name": "", "type": "residential", "tagged": true}, "geometry": {"type": "Polygon", "coordinates": [[[69.3966322, 53.2763619], [69.3968084, 53.2763759], [69.3968256, 53.2762982], [69.3966494, 53.2762843], [69.3966322, 53.2763619]]]}}, {"type": "Feature", "properties": {"levels": 1.0, "addr": "улица Косшигулова 142", "name": "", "type": "residential", "tagged": true}, "geometry": {"type": "Polygon", "coordinates": [[[69.3970747, 53.2764076], [69.397248, 53.2764263], [69.3972715, 53.2763479], [69.3970982, 53.2763293], [69.3970747, 53.2764076]]]}}, {"type": "Feature", "properties": {"levels": 2, "addr": "улица Наурызбай батыра 154", "name": "", "type": "detached", "tagged": false}, "geometry": {"type": "Polygon", "coordinates": [[[69.3948438, 53.2771021], [69.3950078, 53.2771173], [69.3950296, 53.2770332], [69.3948656, 53.277018], [69.3948438, 53.2771021]]]}}, {"type": "Feature", "properties": {"levels": 2, "addr": "улица Наурызбай батыра 156", "name": "", "type": "industrial", "tagged": false}, "geometry": {"type": "Polygon", "coordinates": [[[69.3955959, 53.2771791], [69.3957592, 53.2771974], [69.3957937, 53.2770873], [69.3956304, 53.277069], [69.3955959, 53.2771791]]]}}, {"type": "Feature", "properties": {"levels": 1.0, "addr": "улица Наурызбай батыра 158", "name": "", "type": "residential", "tagged": true}, "geometry": {"type": "Polygon", "coordinates": [[[69.3960341, 53.2772174], [69.3961821, 53.2772364], [69.3962176, 53.2771374], [69.3960696, 53.2771184], [69.3960341, 53.2772174]]]}}, {"type": "Feature", "properties": {"levels": 1.0, "addr": "улица Наурызбай батыра 160", "name": "", "type": "residential", "tagged": true}, "geometry": {"type": "Polygon", "coordinates": [[[69.3964718, 53.2772376], [69.3966131, 53.2772509], [69.396637, 53.2771604], [69.3964958, 53.277147], [69.3964718, 53.2772376]]]}}, {"type": "Feature", "properties": {"levels": 2, "addr": "улица Валиханова 163", "name": "", "type": "detached", "tagged": false}, "geometry": {"type": "Polygon", "coordinates": [[[69.3963756, 53.2754045], [69.3963925, 53.2753274], [69.3965558, 53.2753402], [69.3965388, 53.2754173], [69.3963756, 53.2754045]]]}}, {"type": "Feature", "properties": {"levels": 2, "addr": "улица Валиханова 165", "name": "", "type": "residential", "tagged": false}, "geometry": {"type": "Polygon", "coordinates": [[[69.3966525, 53.2755145], [69.3966753, 53.275418], [69.3968523, 53.275433], [69.3968295, 53.2755294], [69.3966525, 53.2755145]]]}}, {"type": "Feature", "properties": {"levels": 2, "addr": "улица Валиханова 167", "name": "", "type": "residential", "tagged": false}, "geometry": {"type": "Polygon", "coordinates": [[[69.397003, 53.2754528], [69.397139, 53.2754656], [69.3971552, 53.2754042], [69.3970192, 53.2753914], [69.397003, 53.2754528]]]}}, {"type": "Feature", "properties": {"levels": 2, "addr": "улица Валиханова 169", "name": "", "type": "residential", "tagged": false}, "geometry": {"type": "Polygon", "coordinates": [[[69.3973049, 53.2755281], [69.397348, 53.2754244], [69.3974763, 53.2754435], [69.3974331, 53.2755472], [69.3973049, 53.2755281]]]}}, {"type": "Feature", "properties": {"levels": 2, "addr": "улица Садвакасова 69", "name": "", "type": "detached", "tagged": false}, "geometry": {"type": "Polygon", "coordinates": [[[69.3956656, 53.2769205], [69.3958207, 53.2769406], [69.3958491, 53.2768621], [69.395694, 53.276842], [69.3956656, 53.2769205]]]}}, {"type": "Feature", "properties": {"levels": 2, "addr": "улица Садвакасова 72", "name": "", "type": "detached", "tagged": false}, "geometry": {"type": "Polygon", "coordinates": [[[69.3949952, 53.2768205], [69.3951545, 53.2768387], [69.3951817, 53.2767537], [69.3950223, 53.2767355], [69.3949952, 53.2768205]]]}}, {"type": "Feature", "properties": {"levels": 2, "addr": "улица Садвакасова 74", "name": "", "type": "detached", "tagged": false}, "geometry": {"type": "Polygon", "coordinates": [[[69.3950989, 53.2764169], [69.3952459, 53.2764282], [69.3952272, 53.2765155], [69.3950802, 53.2765043], [69.3950989, 53.2764169]]]}}, {"type": "Feature", "properties": {"levels": 2, "addr": "улица Садвакасова 75", "name": "", "type": "residential", "tagged": false}, "geometry": {"type": "Polygon", "coordinates": [[[69.3959751, 53.2762603], [69.3961486, 53.2762766], [69.3961874, 53.2761297], [69.3960139, 53.2761134], [69.3959751, 53.2762603]]]}}, {"type": "Feature", "properties": {"levels": 2, "addr": "улица Садвакасова 77", "name": "", "type": "residential", "tagged": false}, "geometry": {"type": "Polygon", "coordinates": [[[69.3958983, 53.2760135], [69.3960644, 53.2760323], [69.3960737, 53.2760028], [69.3961453, 53.2760109], [69.3961608, 53.2759619], [69.3959232, 53.275935], [69.3958983, 53.2760135]]]}}, {"type": "Feature", "properties": {"levels": 2, "addr": "улица Садвакасова 79", "name": "", "type": "residential", "tagged": false}, "geometry": {"type": "Polygon", "coordinates": [[[69.3960843, 53.2758865], [69.3962842, 53.2759127], [69.3963294, 53.2757897], [69.3961295, 53.2757634], [69.3960843, 53.2758865]]]}}, {"type": "Feature", "properties": {"levels": 2, "addr": "улица Садвакасова 85", "name": "", "type": "residential", "tagged": false}, "geometry": {"type": "Polygon", "coordinates": [[[69.3960002, 53.2756445], [69.396203, 53.2756653], [69.3962286, 53.275576], [69.3960259, 53.2755551], [69.3960002, 53.2756445]]]}}, {"type": "Feature", "properties": {"levels": 1.0, "addr": "улица Садвакасова 86", "name": "", "type": "retail", "tagged": true}, "geometry": {"type": "Polygon", "coordinates": [[[69.3952995, 53.2753736], [69.3955707, 53.2754047], [69.3956259, 53.2751954], [69.3953586, 53.2751662], [69.3952995, 53.2753736]]]}}, {"type": "Feature", "properties": {"levels": 2, "addr": "улица Садвакасова 87", "name": "", "type": "kiosk", "tagged": false}, "geometry": {"type": "Polygon", "coordinates": [[[69.3960166, 53.2755094], [69.3962588, 53.2755297], [69.3962742, 53.2754638], [69.396032, 53.2754436], [69.3960166, 53.2755094]]]}}, {"type": "Feature", "properties": {"levels": 2, "addr": "улица Садвакасова 89", "name": "", "type": "detached", "tagged": false}, "geometry": {"type": "Polygon", "coordinates": [[[69.3960362, 53.2754015], [69.3962082, 53.2754186], [69.3962203, 53.2753753], [69.396289, 53.2753821], [69.3963094, 53.2753091], [69.3960685, 53.2752851], [69.3960362, 53.2754015]]]}}, {"type": "Feature", "properties": {"levels": 1.0, "addr": "улица Садвакасова 80", "name": "", "type": "industrial", "tagged": true}, "geometry": {"type": "Polygon", "coordinates": [[[69.3952539, 53.2758861], [69.3954207, 53.2758973], [69.395438, 53.2758054], [69.3952711, 53.2757942], [69.3952539, 53.2758861]]]}}, {"type": "Feature", "properties": {"levels": 1.0, "addr": "улица Садвакасова 84", "name": "", "type": "detached", "tagged": true}, "geometry": {"type": "Polygon", "coordinates": [[[69.3953, 53.2755501], [69.3954718, 53.275567], [69.3954949, 53.2754829], [69.3953231, 53.2754661], [69.3953, 53.2755501]]]}}, {"type": "Feature", "properties": {"levels": 1.0, "addr": "улица Садвакасова 78", "name": "", "type": "detached", "tagged": true}, "geometry": {"type": "Polygon", "coordinates": [[[69.3952423, 53.2760044], [69.3953909, 53.2760252], [69.3954142, 53.2759654], [69.3952656, 53.2759447], [69.3952423, 53.2760044]]]}}, {"type": "Feature", "properties": {"levels": 1.0, "addr": "улица Наурызбай батыра 153", "name": "", "type": "detached", "tagged": true}, "geometry": {"type": "Polygon", "coordinates": [[[69.3947742, 53.2774732], [69.3949734, 53.2774898], [69.3950016, 53.2773687], [69.3948024, 53.2773521], [69.3947742, 53.2774732]]]}}, {"type": "Feature", "properties": {"levels": 1.0, "addr": "улица Косшигулова 143", "name": "", "type": "residential", "tagged": true}, "geometry": {"type": "Polygon", "coordinates": [[[69.3964494, 53.2766328], [69.3965898, 53.2766435], [69.3966099, 53.2765489], [69.3964695, 53.2765382], [69.3964494, 53.2766328]]]}}, {"type": "Feature", "properties": {"levels": 1.0, "addr": "улица Косшигулова 147", "name": "", "type": "residential", "tagged": true}, "geometry": {"type": "Polygon", "coordinates": [[[69.3970437, 53.2766971], [69.3971792, 53.2767098], [69.3972039, 53.2766161], [69.3970684, 53.2766033], [69.3970437, 53.2766971]]]}}, {"type": "Feature", "properties": {"levels": 1.0, "addr": "улица Садвакасова 71", "name": "", "type": "detached", "tagged": true}, "geometry": {"type": "Polygon", "coordinates": [[[69.3956974, 53.2767137], [69.3959499, 53.2767494], [69.3959689, 53.2767011], [69.3958609, 53.2766858], [69.3958869, 53.27662], [69.3957426, 53.2765995], [69.3956974, 53.2767137]]]}}, {"type": "Feature", "properties": {"levels": 4.0, "addr": "улица Абая 110", "name": "", "type": "apartments", "tagged": true}, "geometry": {"type": "Polygon", "coordinates": [[[69.3852801, 53.285079], [69.3857952, 53.2851234], [69.3858239, 53.2850042], [69.3853088, 53.2849598], [69.3852801, 53.285079]]]}}, {"type": "Feature", "properties": {"levels": 4.0, "addr": "улица Абая 112", "name": "Дом профсоюзов", "type": "yes", "tagged": true}, "geometry": {"type": "Polygon", "coordinates": [[[69.3860047, 53.2848728], [69.3861999, 53.2848917], [69.3861642, 53.2850237], [69.3864648, 53.2850528], [69.386473, 53.2850225], [69.3867808, 53.2850523], [69.3867726, 53.2850826], [69.3870691, 53.2851113], [69.3870343, 53.2852398], [69.3859341, 53.2851333], [69.3860047, 53.2848728]]]}}, {"type": "Feature", "properties": {"levels": 1.0, "addr": "проспект Нурсултана Назарбаева 124", "name": "", "type": "yes", "tagged": true}, "geometry": {"type": "Polygon", "coordinates": [[[69.3895313, 53.2752994], [69.3896777, 53.2753074], [69.3896934, 53.2752049], [69.389547, 53.2751968], [69.3895313, 53.2752994]]]}}, {"type": "Feature", "properties": {"levels": 1.0, "addr": "проспект Нурсултана Назарбаева 133", "name": "", "type": "yes", "tagged": true}, "geometry": {"type": "Polygon", "coordinates": [[[69.3903521, 53.2750486], [69.3905533, 53.2750597], [69.3905716, 53.2749411], [69.3903704, 53.27493], [69.3903521, 53.2750486]]]}}, {"type": "Feature", "properties": {"levels": 2.0, "addr": "улица Садвакасова 31", "name": "", "type": "residential", "tagged": true}, "geometry": {"type": "Polygon", "coordinates": [[[69.394608, 53.2813982], [69.3948141, 53.2814165], [69.3948437, 53.2812975], [69.3946377, 53.2812792], [69.394608, 53.2813982]]]}}, {"type": "Feature", "properties": {"levels": 2.0, "addr": "улица Садвакасова 33", "name": "", "type": "residential", "tagged": true}, "geometry": {"type": "Polygon", "coordinates": [[[69.3946063, 53.2812357], [69.394761, 53.2812541], [69.3948085, 53.2811113], [69.3946538, 53.2810929], [69.3946063, 53.2812357]]]}}, {"type": "Feature", "properties": {"levels": 5.0, "addr": "улица Малика Габдуллина 59", "name": "", "type": "apartments", "tagged": true}, "geometry": {"type": "Polygon", "coordinates": [[[69.3975927, 53.2886027], [69.3975616, 53.288718], [69.39679, 53.2886492], [69.3968188, 53.2885337], [69.3970094, 53.2877701], [69.3971761, 53.287785], [69.3972196, 53.2877888], [69.397029, 53.2885524], [69.3975927, 53.2886027]]]}}, {"type": "Feature", "properties": {"levels": 1.0, "addr": "улица Каныша Сатпаева 26", "name": "", "type": "house", "tagged": true}, "geometry": {"type": "Polygon", "coordinates": [[[69.3826363, 53.2789511], [69.3826676, 53.2788164], [69.3828711, 53.2788334], [69.3828398, 53.278968], [69.3826363, 53.2789511]]]}}, {"type": "Feature", "properties": {"levels": 4.0, "addr": "улица Акана-серэ 121", "name": "", "type": "apartments", "tagged": true}, "geometry": {"type": "Polygon", "coordinates": [[[69.392904, 53.2820678], [69.3933385, 53.2821083], [69.3933577, 53.2820348], [69.3937944, 53.2820754], [69.3938227, 53.2819665], [69.3933753, 53.2819249], [69.3933562, 53.2819984], [69.3929324, 53.2819589], [69.392904, 53.2820678]]]}}, {"type": "Feature", "properties": {"levels": 4.0, "addr": "улица Сабатаева 136а", "name": "", "type": "yes", "tagged": true}, "geometry": {"type": "Polygon", "coordinates": [[[69.3911688, 53.2804643], [69.3912009, 53.2803473], [69.3921571, 53.2804411], [69.392125, 53.2805581], [69.3919266, 53.2805386], [69.3911688, 53.2804643]]]}}, {"type": "Feature", "properties": {"levels": 2.0, "addr": "улица Сабатаева 151", "name": "", "type": "yes", "tagged": true}, "geometry": {"type": "Polygon", "coordinates": [[[69.3905212, 53.2805854], [69.3905553, 53.2804638], [69.3907976, 53.2804881], [69.3908074, 53.2804533], [69.3910866, 53.2804813], [69.3910427, 53.2806377], [69.3905212, 53.2805854]]]}}, {"type": "Feature", "properties": {"levels": 4.0, "addr": "улица Садвакасова 44", "name": "", "type": "apartments", "tagged": true}, "geometry": {"type": "Polygon", "coordinates": [[[69.3931479, 53.2827721], [69.3927184, 53.2827322], [69.39269, 53.2828411], [69.3931245, 53.2828815], [69.3931437, 53.282808], [69.3935804, 53.2828487], [69.3936087, 53.2827398], [69.3931671, 53.2826986], [69.3931479, 53.2827721]]]}}, {"type": "Feature", "properties": {"levels": 4.0, "addr": "улица Садвакасова 46", "name": "", "type": "apartments", "tagged": true}, "geometry": {"type": "Polygon", "coordinates": [[[69.3927984, 53.2824371], [69.3932329, 53.2824775], [69.3932521, 53.282404], [69.3936887, 53.2824447], [69.3937171, 53.2823358], [69.393274, 53.2822945], [69.3932548, 53.282368], [69.3928268, 53.2823282], [69.3927984, 53.2824371]]]}}, {"type": "Feature", "properties": {"levels": 6.0, "addr": "улица Елемесова 58", "name": "", "type": "apartments", "tagged": true}, "geometry": {"type": "Polygon", "coordinates": [[[69.392164, 53.2802466], [69.3923481, 53.2802621], [69.3925361, 53.2794648], [69.3922643, 53.2794418], [69.3922366, 53.2795593], [69.3923243, 53.2795667], [69.392164, 53.2802466]]]}}, {"type": "Feature", "properties": {"levels": 1.0, "addr": "улица Ауельбекова 128", "name": "", "type": "yes", "tagged": true}, "geometry": {"type": "Polygon", "coordinates": [[[69.3940577, 53.2838507], [69.3939837, 53.2838436], [69.3939316, 53.2840363], [69.3952273, 53.2841615], [69.3952754, 53.2839835], [69.3951264, 53.2839691], [69.3950991, 53.2840702], [69.3940264, 53.2839666], [69.3940577, 53.2838507]]]}}, {"type": "Feature", "properties": {"levels": 1.0, "addr": "улица Ауельбекова 148", "name": "", "type": "yes", "tagged": true}, "geometry": {"type": "Polygon", "coordinates": [[[69.3978618, 53.2843683], [69.3981007, 53.2843908], [69.3981474, 53.2842143], [69.3979085, 53.2841918], [69.3978618, 53.2843683]]]}}, {"type": "Feature", "properties": {"levels": 1.0, "addr": "улица Акана-серэ 137", "name": "", "type": "yes", "tagged": true}, "geometry": {"type": "Polygon", "coordinates": [[[69.3958673, 53.2823654], [69.3961604, 53.2823921], [69.3961983, 53.2822433], [69.3963955, 53.2822613], [69.3964043, 53.2822267], [69.3963405, 53.2821802], [69.3959241, 53.2821423], [69.3958673, 53.2823654]]]}}, {"type": "Feature", "properties": {"levels": 5.0, "addr": "улица Малика Габдуллина 46", "name": "", "type": "apartments", "tagged": true}, "geometry": {"type": "Polygon", "coordinates": [[[69.396635, 53.2856791], [69.3968549, 53.2856985], [69.3971076, 53.2846761], [69.3967948, 53.2846485], [69.3967661, 53.2847647], [69.396859, 53.2847729], [69.396635, 53.2856791]]]}}, {"type": "Feature", "properties": {"levels": 2.0, "addr": "улица Абая 126", "name": "Детская художественная школа", "type": "school", "tagged": true}, "geometry": {"type": "Polygon", "coordinates": [[[69.3959014, 53.2861627], [69.396031, 53.2861723], [69.3960367, 53.2861448], [69.3961979, 53.2861568], [69.3961921, 53.2861847], [69.3963193, 53.2861941], [69.3963504, 53.2860448], [69.3959325, 53.2860136], [69.3959014, 53.2861627]]]}}, {"type": "Feature", "properties": {"levels": 1.0, "addr": "улица Абая 133", "name": "", "type": "yes", "tagged": true}, "geometry": {"type": "Polygon", "coordinates": [[[69.3972157, 53.2868383], [69.3972552, 53.286674], [69.3989603, 53.2868202], [69.3989216, 53.2869817], [69.3981282, 53.2869137], [69.3981139, 53.2869732], [69.397911, 53.2869558], [69.3979246, 53.2868991], [69.3973734, 53.2868518], [69.3972157, 53.2868383]]]}}, {"type": "Feature", "properties": {"levels": 5.0, "addr": "улица Ауельбекова 138", "name": "", "type": "apartments", "tagged": true}, "geometry": {"type": "Polygon", "coordinates": [[[69.3954368, 53.2841085], [69.3954627, 53.2839993], [69.3968688, 53.2841186], [69.3968658, 53.2841315], [69.3968458, 53.2842158], [69.3968429, 53.2842278], [69.3954368, 53.2841085]]]}}, {"type": "Feature", "properties": {"levels": 1.0, "addr": "улица Ауельбекова 139", "name": "Рандеву", "type": "yes", "tagged": true}, "geometry": {"type": "Polygon", "coordinates": [[[69.3950277, 53.2846846], [69.3950653, 53.2845174], [69.3948854, 53.284503], [69.394872, 53.2845625], [69.3949321, 53.2845673], [69.3949079, 53.284675], [69.3950277, 53.2846846]]]}}, {"type": "Feature", "properties": {"levels": 2.0, "addr": "улица Абая 116А", "name": "ФОК (Физкультурно-оздоровительный комплекс)", "type": "yes", "tagged": true}, "geometry": {"type": "Polygon", "coordinates": [[[69.3903544, 53.2847444], [69.3909167, 53.284795], [69.3909768, 53.284556], [69.3904145, 53.2845055], [69.3903544, 53.2847444]]]}}, {"type": "Feature", "properties": {"levels": 5.0, "addr": "проспект Нурсултана Назарбаева 65А", "name": "", "type": "apartments", "tagged": true}, "geometry": {"type": "Polygon", "coordinates": [[[69.3882332, 53.2847385], [69.3884461, 53.2847569], [69.3884635, 53.2846848], [69.3884132, 53.2846804], [69.3884322, 53.284602], [69.3884865, 53.2846067], [69.3885025, 53.2845403], [69.3882812, 53.2845212], [69.3882722, 53.2845583], [69.3882094, 53.2845529], [69.3881796, 53.2846763], [69.3882468, 53.2846821], [69.3882332, 53.2847385]]]}}, {"type": "Feature", "properties": {"levels": 2.0, "addr": "улица Ауельбекова 123", "name": "", "type": "yes", "tagged": true}, "geometry": {"type": "Polygon", "coordinates": [[[69.3881245, 53.2840277], [69.3883313, 53.2840455], [69.3883761, 53.2838587], [69.3881725, 53.2838412], [69.3881556, 53.2839119], [69.3881124, 53.2839082], [69.388099, 53.2839641], [69.388139, 53.2839675], [69.3881245, 53.2840277]]]}}, {"type": "Feature", "properties": {"levels": 2.0, "addr": "улица Сабатаева 168", "name": "", "type": "yes", "tagged": true}, "geometry": {"type": "Polygon", "coordinates": [[[69.3966504, 53.2807984], [69.3968599, 53.2808165], [69.396885, 53.2807127], [69.397116, 53.2807326], [69.39709, 53.2808403], [69.3973314, 53.2808611], [69.3974132, 53.280522], [69.3971921, 53.280503], [69.3971521, 53.2806688], [69.3969064, 53.2806476], [69.3969454, 53.2804858], [69.3967303, 53.2804672], [69.3966504, 53.2807984]]]}}, {"type": "Feature", "properties": {"levels": 2.0, "addr": "улица Акана-серэ 155", "name": "Казахско-турецкий лицей", "type": "yes", "tagged": true}, "geometry": {"type": "Polygon", "coordinates": [[[69.3997334, 53.2827669], [69.4001806, 53.2828034], [69.4002334, 53.2825652], [69.3997862, 53.2825312], [69.3997334, 53.2827669]]]}}, {"type": "Feature", "properties": {"levels": 2, "addr": "", "name": "", "type": "yes", "tagged": false}, "geometry": {"type": "Polygon", "coordinates": [[[69.3987571, 53.2832946], [69.3988953, 53.2833052], [69.3989325, 53.2831315], [69.3987943, 53.2831209], [69.3987571, 53.2832946]]]}}, {"type": "Feature", "properties": {"levels": 2, "addr": "", "name": "", "type": "yes", "tagged": false}, "geometry": {"type": "Polygon", "coordinates": [[[69.3986258, 53.2834148], [69.3987274, 53.2834224], [69.3987472, 53.2833276], [69.3986456, 53.28332], [69.3986258, 53.2834148]]]}}, {"type": "Feature", "properties": {"levels": 2, "addr": "", "name": "", "type": "yes", "tagged": false}, "geometry": {"type": "Polygon", "coordinates": [[[69.3996079, 53.2833107], [69.4000212, 53.2833346], [69.4000421, 53.2832049], [69.3996289, 53.283181], [69.3996079, 53.2833107]]]}}, {"type": "Feature", "properties": {"levels": 2, "addr": "", "name": "", "type": "yes", "tagged": false}, "geometry": {"type": "Polygon", "coordinates": [[[69.4001033, 53.2829833], [69.4003269, 53.2829978], [69.4003473, 53.282886], [69.4001237, 53.2828715], [69.4001033, 53.2829833]]]}}, {"type": "Feature", "properties": {"levels": 2, "addr": "улица Акана-серэ 155А", "name": "", "type": "yes", "tagged": false}, "geometry": {"type": "Polygon", "coordinates": [[[69.3988091, 53.2830687], [69.3990307, 53.283087], [69.3990546, 53.2829837], [69.3991814, 53.2829942], [69.3991728, 53.2830314], [69.39927, 53.2830394], [69.3992552, 53.2831033], [69.3997538, 53.2831445], [69.399769, 53.2830788], [69.3999988, 53.2830978], [69.400029, 53.282967], [69.3990941, 53.2828899], [69.3991245, 53.2827583], [69.3988852, 53.2827386], [69.3988091, 53.2830687]]]}}, {"type": "Feature", "properties": {"levels": 2, "addr": "", "name": "", "type": "yes", "tagged": false}, "geometry": {"type": "Polygon", "coordinates": [[[69.3994586, 53.2825002], [69.3995594, 53.2825081], [69.3995675, 53.282471], [69.3994667, 53.2824631], [69.3994586, 53.2825002]]]}}, {"type": "Feature", "properties": {"levels": 3.0, "addr": "улица Акана-серэ 152", "name": "", "type": "yes", "tagged": true}, "geometry": {"type": "Polygon", "coordinates": [[[69.3959386, 53.2817297], [69.3959651, 53.2816238], [69.3954984, 53.2815821], [69.395472, 53.281688], [69.3959386, 53.2817297]]]}}, {"type": "Feature", "properties": {"levels": 2, "addr": "улица Акана-серэ 148Б", "name": "", "type": "yes", "tagged": false}, "geometry": {"type": "Polygon", "coordinates": [[[69.3952435, 53.2815489], [69.3955378, 53.2815728], [69.3955527, 53.2815069], [69.3952585, 53.281483], [69.3952435, 53.2815489]]]}}, {"type": "Feature", "properties": {"levels": 2, "addr": "", "name": "", "type": "yes", "tagged": false}, "geometry": {"type": "Polygon", "coordinates": [[[69.3950869, 53.2813177], [69.395107, 53.2812375], [69.3953118, 53.2812559], [69.3952917, 53.2813361], [69.3950869, 53.2813177]]]}}, {"type": "Feature", "properties": {"levels": 2, "addr": "", "name": "", "type": "yes", "tagged": false}, "geometry": {"type": "Polygon", "coordinates": [[[69.3959396, 53.2814645], [69.3960724, 53.2814785], [69.396112, 53.2813437], [69.3953504, 53.2812636], [69.3953247, 53.2813511], [69.3955099, 53.2813706], [69.3955063, 53.2813831], [69.3959498, 53.2814297], [69.3959396, 53.2814645]]]}}, {"type": "Feature", "properties": {"levels": 2, "addr": "улица Акана-серэ 146а", "name": "", "type": "yes", "tagged": false}, "geometry": {"type": "Polygon", "coordinates": [[[69.3945517, 53.2814999], [69.3947736, 53.2815189], [69.3947897, 53.2814517], [69.3945678, 53.2814327], [69.3945517, 53.2814999]]]}}, {"type": "Feature", "properties": {"levels": 2, "addr": "улица Сабатаева 169", "name": "", "type": "detached", "tagged": false}, "geometry": {"type": "Polygon", "coordinates": [[[69.3946556, 53.28096], [69.3946812, 53.2808563], [69.3948538, 53.2808715], [69.3948282, 53.2809752], [69.3946556, 53.28096]]]}}, {"type": "Feature", "properties": {"levels": 2, "addr": "улица Сабатаева 171", "name": "", "type": "yes", "tagged": false}, "geometry": {"type": "Polygon", "coordinates": [[[69.39507, 53.281044], [69.3952591, 53.2810577], [69.3952898, 53.2809061], [69.3951007, 53.2808924], [69.39507, 53.281044]]]}}, {"type": "Feature", "properties": {"levels": 2, "addr": "", "name": "", "type": "yes", "tagged": false}, "geometry": {"type": "Polygon", "coordinates": [[[69.3949231, 53.2811607], [69.3950315, 53.2811682], [69.3950445, 53.2811007], [69.3949361, 53.2810933], [69.3949231, 53.2811607]]]}}, {"type": "Feature", "properties": {"levels": 2, "addr": "", "name": "", "type": "yes", "tagged": false}, "geometry": {"type": "Polygon", "coordinates": [[[69.3961318, 53.2812794], [69.396151, 53.2812146], [69.3958414, 53.2811833], [69.3958298, 53.2812139], [69.3957844, 53.2812091], [69.3957748, 53.2812416], [69.3961318, 53.2812794]]]}}, {"type": "Feature", "properties": {"levels": 2, "addr": "", "name": "", "type": "yes", "tagged": false}, "geometry": {"type": "Polygon", "coordinates": [[[69.3957005, 53.2811706], [69.3958414, 53.2811833], [69.3958579, 53.2811176], [69.395717, 53.281105], [69.3957005, 53.2811706]]]}}, {"type": "Feature", "properties": {"levels": 2, "addr": "", "name": "", "type": "yes", "tagged": false}, "geometry": {"type": "Polygon", "coordinates": [[[69.3960211, 53.2811792], [69.3960345, 53.2811328], [69.3962285, 53.2811529], [69.396215, 53.2811993], [69.3960211, 53.2811792]]]}}, {"type": "Feature", "properties": {"levels": 2, "addr": "", "name": "", "type": "yes", "tagged": false}, "geometry": {"type": "Polygon", "coordinates": [[[69.3953503, 53.2811646], [69.3953657, 53.2810834], [69.3955561, 53.2810963], [69.3955406, 53.2811775], [69.3953503, 53.2811646]]]}}, {"type": "Feature", "properties": {"levels": 2.0, "addr": "улица Кудайбердиева 94", "name": "", "type": "yes", "tagged": true}, "geometry": {"type": "Polygon", "coordinates": [[[69.3961641, 53.2873521], [69.3962048, 53.2872014], [69.3965258, 53.2872323], [69.3964852, 53.287383], [69.3961641, 53.2873521]]]}}, {"type": "Feature", "properties": {"levels": 2.0, "addr": "улица Кудайбердиева 92", "name": "", "type": "yes", "tagged": true}, "geometry": {"type": "Polygon", "coordinates": [[[69.3956949, 53.287312], [69.3957307, 53.2871537], [69.396036, 53.2871784], [69.3960002, 53.2873367], [69.3956949, 53.287312]]]}}, {"type": "Feature", "properties": {"levels": 2.0, "addr": "улица Кудайбердиева 90", "name": "", "type": "yes", "tagged": true}, "geometry": {"type": "Polygon", "coordinates": [[[69.3952364, 53.2872624], [69.3952726, 53.2871005], [69.3955779, 53.2871249], [69.3955417, 53.2872868], [69.3952364, 53.2872624]]]}}, {"type": "Feature", "properties": {"levels": 2, "addr": "улица Абая 121а", "name": "", "type": "yes", "tagged": false}, "geometry": {"type": "Polygon", "coordinates": [[[69.3954098, 53.286949], [69.3954416, 53.2868031], [69.3956935, 53.2868227], [69.3956617, 53.2869686], [69.3954098, 53.286949]]]}}, {"type": "Feature", "properties": {"levels": 2.0, "addr": "улица Малика Габдуллина 44А", "name": "", "type": "yes", "tagged": true}, "geometry": {"type": "Polygon", "coordinates": [[[69.3963866, 53.2871096], [69.3966014, 53.2871295], [69.3966822, 53.2868177], [69.3964673, 53.2867979], [69.3963866, 53.2871096]]]}}, {"type": "Feature", "properties": {"levels": 3.0, "addr": "", "name": "", "type": "yes", "tagged": true}, "geometry": {"type": "Polygon", "coordinates": [[[69.3947314, 53.2874569], [69.3947703, 53.2873151], [69.394211, 53.2872603], [69.3942257, 53.2872064], [69.3940638, 53.2871905], [69.3940483, 53.2872472], [69.3935015, 53.2871936], [69.3934706, 53.2873276], [69.3947314, 53.2874569]]]}}, {"type": "Feature", "properties": {"levels": 2, "addr": "", "name": "Тир", "type": "yes", "tagged": false}, "geometry": {"type": "Polygon", "coordinates": [[[69.3939965, 53.2885858], [69.3942369, 53.2886072], [69.3942626, 53.2885043], [69.3940222, 53.2884828], [69.3939965, 53.2885858]]]}}, {"type": "Feature", "properties": {"levels": 2.0, "addr": "улица Мухтара Ауэзова 242А", "name": "СТО Гарант", "type": "yes", "tagged": true}, "geometry": {"type": "Polygon", "coordinates": [[[69.394407, 53.2884984], [69.3945795, 53.2885132], [69.3946658, 53.2881853], [69.3944837, 53.2881684], [69.394407, 53.2884984]]]}}, {"type": "Feature", "properties": {"levels": 2.0, "addr": "", "name": "", "type": "yes", "tagged": true}, "geometry": {"type": "Polygon", "coordinates": [[[69.3944837, 53.2881684], [69.3947795, 53.2881937], [69.394805, 53.288087], [69.3945092, 53.2880617], [69.3944837, 53.2881684]]]}}, {"type": "Feature", "properties": {"levels": 3.0, "addr": "улица 8 Марта 61", "name": "", "type": "yes", "tagged": true}, "geometry": {"type": "Polygon", "coordinates": [[[69.3993289, 53.2856062], [69.3995558, 53.2856265], [69.3996465, 53.2852639], [69.3994196, 53.2852436], [69.3993289, 53.2856062]]]}}, {"type": "Feature", "properties": {"levels": 2.0, "addr": "улица 8 Марта 60А", "name": "", "type": "yes", "tagged": true}, "geometry": {"type": "Polygon", "coordinates": [[[69.3988313, 53.2855117], [69.3990924, 53.2855367], [69.3991708, 53.2852443], [69.3989097, 53.2852192], [69.3988313, 53.2855117]]]}}, {"type": "Feature", "properties": {"levels": 2, "addr": "улица Акана-серэ 170", "name": "", "type": "yes", "tagged": false}, "geometry": {"type": "Polygon", "coordinates": [[[69.4000848, 53.2821489], [69.4001383, 53.2819214], [69.400318, 53.2819167], [69.400334, 53.2818703], [69.4003611, 53.2818739], [69.4004612, 53.2818757], [69.4004849, 53.2817956], [69.4007722, 53.2818165], [69.4006809, 53.2821968], [69.4000848, 53.2821489]]]}}, {"type": "Feature", "properties": {"levels": 3.0, "addr": "улица Акана-серэ 172", "name": "", "type": "yes", "tagged": true}, "geometry": {"type": "Polygon", "coordinates": [[[69.4009186, 53.2821762], [69.4011363, 53.2821962], [69.4011705, 53.2820634], [69.4013844, 53.2820831], [69.4013569, 53.2821897], [69.4015944, 53.2822115], [69.4016212, 53.2821075], [69.4018614, 53.2821296], [69.4018338, 53.2822366], [69.4020478, 53.2822563], [69.4021528, 53.2818492], [69.4019391, 53.2818295], [69.4018796, 53.2820602], [69.4016298, 53.2820372], [69.4016896, 53.2818049], [69.4014815, 53.2817858], [69.4014223, 53.2820153], [69.4011805, 53.2819931], [69.4012551, 53.2817036], [69.4010453, 53.2816843], [69.4009186, 53.2821762]]]}}, {"type": "Feature", "properties": {"levels": 2.0, "addr": "улица Абая 107", "name": "Дом детского творчества", "type": "public", "tagged": true}, "geometry": {"type": "Polygon", "coordinates": [[[69.3906144, 53.2864683], [69.3908501, 53.2864872], [69.3908731, 53.286385], [69.3911163, 53.2864046], [69.3910929, 53.2865084], [69.3912886, 53.2865241], [69.3913469, 53.2862652], [69.3907326, 53.2862158], [69.3907144, 53.2862964], [69.3906542, 53.2862916], [69.3906144, 53.2864683]]]}}, {"type": "Feature", "properties": {"levels": 2.0, "addr": "улица Абая 111", "name": "Областная библиотека им. М.Жумабаева", "type": "yes", "tagged": true}, "geometry": {"type": "Polygon", "coordinates": [[[69.392035, 53.2866512], [69.3922082, 53.2866653], [69.3922271, 53.2865821], [69.3924967, 53.286604], [69.3924768, 53.2866918], [69.3926515, 53.286706], [69.3927215, 53.2863979], [69.3921039, 53.2863478], [69.392035, 53.2866512]]]}}, {"type": "Feature", "properties": {"levels": 2.0, "addr": "улица Абая 114Б", "name": "", "type": "yes", "tagged": true}, "geometry": {"type": "Polygon", "coordinates": [[[69.3902959, 53.2856074], [69.3905623, 53.2856299], [69.3906228, 53.2853733], [69.3903564, 53.2853508], [69.3902959, 53.2856074]]]}}, {"type": "Feature", "properties": {"levels": 2.0, "addr": "", "name": "", "type": "yes", "tagged": true}, "geometry": {"type": "Polygon", "coordinates": [[[69.3903335, 53.2853351], [69.390757, 53.2853668], [69.3907799, 53.2852579], [69.3903563, 53.2852261], [69.3903335, 53.2853351]]]}}, {"type": "Feature", "properties": {"levels": 1, "addr": "улица Наурызбай батыра 100", "name": "", "type": "house", "tagged": false}, "geometry": {"type": "Polygon", "coordinates": [[[69.3852196, 53.2761652], [69.3853991, 53.2761855], [69.3854235, 53.2761081], [69.385244, 53.2760878], [69.3852196, 53.2761652]]]}}, {"type": "Feature", "properties": {"levels": 1, "addr": "улица Наурызбай батыра 104", "name": "", "type": "house", "tagged": false}, "geometry": {"type": "Polygon", "coordinates": [[[69.3858149, 53.2762143], [69.3860114, 53.276236], [69.3860891, 53.2759841], [69.3858926, 53.2759624], [69.3858149, 53.2762143]]]}}, {"type": "Feature", "properties": {"levels": 1, "addr": "улица Наурызбай батыра 106", "name": "", "type": "house", "tagged": false}, "geometry": {"type": "Polygon", "coordinates": [[[69.3861729, 53.2762486], [69.3863675, 53.2762688], [69.3863935, 53.2761788], [69.386199, 53.2761587], [69.3861729, 53.2762486]]]}}, {"type": "Feature", "properties": {"levels": 1, "addr": "улица Наурызбай батыра 107", "name": "", "type": "house", "tagged": false}, "geometry": {"type": "Polygon", "coordinates": [[[69.385646, 53.2766755], [69.3857795, 53.2766892], [69.3858024, 53.2766096], [69.3856688, 53.2765959], [69.385646, 53.2766755]]]}}, {"type": "Feature", "properties": {"levels": 1, "addr": "улица Наурызбай батыра 109", "name": "", "type": "house", "tagged": false}, "geometry": {"type": "Polygon", "coordinates": [[[69.386163, 53.2767284], [69.3862759, 53.2767389], [69.386298, 53.2766535], [69.3861851, 53.2766431], [69.386163, 53.2767284]]]}}, {"type": "Feature", "properties": {"levels": 1, "addr": "улица Наурызбай батыра 110", "name": "", "type": "house", "tagged": false}, "geometry": {"type": "Polygon", "coordinates": [[[69.3869257, 53.2762972], [69.3869535, 53.2761525], [69.387172, 53.2761675], [69.3871441, 53.2763123], [69.3869257, 53.2762972]]]}}, {"type": "Feature", "properties": {"levels": 1, "addr": "улица Наурызбай батыра 111", "name": "", "type": "house", "tagged": false}, "geometry": {"type": "Polygon", "coordinates": [[[69.3865063, 53.2767566], [69.38666, 53.2767686], [69.386677, 53.2766906], [69.3865234, 53.2766786], [69.3865063, 53.2767566]]]}}, {"type": "Feature", "properties": {"levels": 1, "addr": "улица Наурызбай батыра 113", "name": "", "type": "house", "tagged": false}, "geometry": {"type": "Polygon", "coordinates": [[[69.3867235, 53.2767759], [69.3868775, 53.2767824], [69.3868858, 53.276712], [69.3867317, 53.2767055], [69.3867235, 53.2767759]]]}}, {"type": "Feature", "properties": {"levels": 1, "addr": "улица Наурызбай батыра 115", "name": "", "type": "house", "tagged": false}, "geometry": {"type": "Polygon", "coordinates": [[[69.3872185, 53.2768007], [69.3873812, 53.2768118], [69.3873973, 53.2767276], [69.3872346, 53.2767165], [69.3872185, 53.2768007]]]}}, {"type": "Feature", "properties": {"levels": 1, "addr": "улица Наурызбай батыра 118", "name": "", "type": "house", "tagged": false}, "geometry": {"type": "Polygon", "coordinates": [[[69.388488, 53.2764606], [69.3887029, 53.2764759], [69.388719, 53.2763956], [69.388504, 53.2763803], [69.388488, 53.2764606]]]}}, {"type": "Feature", "properties": {"levels": 1, "addr": "улица Наурызбай батыра 120", "name": "", "type": "house", "tagged": false}, "geometry": {"type": "Polygon", "coordinates": [[[69.3887683, 53.2764893], [69.388954, 53.2765047], [69.388977, 53.2764057], [69.3887913, 53.2763903], [69.3887683, 53.2764893]]]}}, {"type": "Feature", "properties": {"levels": 2, "addr": "улица Наурызбай батыра 122", "name": "", "type": "yes", "tagged": false}, "geometry": {"type": "Polygon", "coordinates": [[[69.3891308, 53.2765216], [69.3893281, 53.2765383], [69.389343, 53.2764752], [69.3891457, 53.2764585], [69.3891308, 53.2765216]]]}}, {"type": "Feature", "properties": {"levels": 1, "addr": "улица Наурызбай батыра 94", "name": "", "type": "house", "tagged": false}, "geometry": {"type": "Polygon", "coordinates": [[[69.3841963, 53.276111], [69.384353, 53.2761287], [69.3843855, 53.2760257], [69.3842289, 53.276008], [69.3841963, 53.276111]]]}}, {"type": "Feature", "properties": {"levels": 1, "addr": "улица Наурызбай батыра 96", "name": "", "type": "house", "tagged": false}, "geometry": {"type": "Polygon", "coordinates": [[[69.3846795, 53.2761253], [69.3848074, 53.2761411], [69.3848369, 53.2760562], [69.384709, 53.2760404], [69.3846795, 53.2761253]]]}}, {"type": "Feature", "properties": {"levels": 1, "addr": "улица Наурызбай батыра 98", "name": "", "type": "house", "tagged": false}, "geometry": {"type": "Polygon", "coordinates": [[[69.3849521, 53.276141], [69.3851353, 53.2761588], [69.3851623, 53.2760595], [69.3849792, 53.2760417], [69.3849521, 53.276141]]]}}, {"type": "Feature", "properties": {"levels": 1, "addr": "улица Наурызбай батыра 108", "name": "", "type": "house", "tagged": false}, "geometry": {"type": "Polygon", "coordinates": [[[69.386551, 53.276297], [69.3867322, 53.2763132], [69.3867534, 53.2762282], [69.3865722, 53.276212], [69.386551, 53.276297]]]}}, {"type": "Feature", "properties": {"levels": 4.0, "addr": "улица Ауельбекова 117", "name": "НурОтан", "type": "office", "tagged": true}, "geometry": {"type": "Polygon", "coordinates": [[[69.386998, 53.2839615], [69.3869819, 53.2840192], [69.3869509, 53.284016], [69.3869344, 53.2840748], [69.3869662, 53.284078], [69.3869541, 53.2841213], [69.3870342, 53.2841293], [69.3870286, 53.2841495], [69.3872242, 53.2841691], [69.3872298, 53.2841491], [69.3873135, 53.2841575], [69.387328, 53.2841055], [69.387367, 53.2841094], [69.3873835, 53.2840502], [69.3873449, 53.2840464], [69.3873585, 53.2839976], [69.386998, 53.2839615]]]}}, {"type": "Feature", "properties": {"levels": 2.0, "addr": "проспект Нурсултана Назарбаева 60", "name": "", "type": "yes", "tagged": true}, "geometry": {"type": "Polygon", "coordinates": [[[69.3871229, 53.2843298], [69.3873196, 53.2843484], [69.387158, 53.2849481], [69.3869626, 53.2849289], [69.387064, 53.28456], [69.3869996, 53.2845537], [69.3870099, 53.2845164], [69.3870257, 53.2844461], [69.3870904, 53.2844522], [69.3871229, 53.2843298]]]}}, {"type": "Feature", "properties": {"levels": 3.0, "addr": "улица Ауельбекова 115А", "name": "", "type": "yes", "tagged": true}, "geometry": {"type": "Polygon", "coordinates": [[[69.3847835, 53.2840897], [69.3852539, 53.2841374], [69.3853333, 53.2838576], [69.3848629, 53.2838099], [69.3847835, 53.2840897]]]}}, {"type": "Feature", "properties": {"levels": 2, "addr": "проспект Нурсултана Назарбаева 60а", "name": "", "type": "yes", "tagged": false}, "geometry": {"type": "Polygon", "coordinates": [[[69.3859915, 53.2838651], [69.3862957, 53.2838926], [69.386075, 53.2847637], [69.3860553, 53.2848486], [69.3859999, 53.2848439], [69.3858304, 53.2848294], [69.3859433, 53.2843837], [69.3858619, 53.2843763], [69.3859915, 53.2838651]]]}}, {"type": "Feature", "properties": {"levels": 6.0, "addr": "улица Дзержинского 93", "name": "", "type": "apartments", "tagged": true}, "geometry": {"type": "Polygon", "coordinates": [[[69.3763786, 53.2836331], [69.3764114, 53.2835154], [69.3773062, 53.2836046], [69.3772734, 53.2837223], [69.3763786, 53.2836331]]]}}, {"type": "Feature", "properties": {"levels": 8.0, "addr": "улица Бауржана Момышулы 62", "name": "", "type": "apartments", "tagged": true}, "geometry": {"type": "Polygon", "coordinates": [[[69.3775544, 53.2806436], [69.3775861, 53.2805181], [69.3776353, 53.2805226], [69.3776388, 53.2805088], [69.3776858, 53.280513], [69.3776895, 53.2804983], [69.3778746, 53.280515], [69.3778699, 53.2805336], [69.3779541, 53.2805412], [69.3779216, 53.2806762], [69.3775544, 53.2806436]]]}}, {"type": "Feature", "properties": {"levels": 2.0, "addr": "улица Ильяса Есенберлина 38/2", "name": "Казахская начальная школа", "type": "yes", "tagged": true}, "geometry": {"type": "Polygon", "coordinates": [[[69.3829447, 53.2860279], [69.3832439, 53.2860535], [69.3832345, 53.286093], [69.3834811, 53.2861141], [69.3834509, 53.2862404], [69.3832028, 53.2862192], [69.3831667, 53.28637], [69.3833924, 53.2863893], [69.3833697, 53.2864845], [69.3831368, 53.2864646], [69.3831433, 53.2864374], [69.3828527, 53.2864125], [69.3829332, 53.2860759], [69.3829447, 53.2860279]]]}}, {"type": "Feature", "properties": {"levels": 8.0, "addr": "улица Бауржана Момышулы 62", "name": "", "type": "apartments", "tagged": true}, "geometry": {"type": "Polygon", "coordinates": [[[69.3780137, 53.281266], [69.3782113, 53.2812871], [69.37822, 53.2812582], [69.378239, 53.2812602], [69.3782476, 53.2812312], [69.3782911, 53.2812359], [69.3783218, 53.2811331], [69.3782784, 53.2811285], [69.3782896, 53.2810911], [69.3782706, 53.2810891], [69.3782857, 53.2810386], [69.3783047, 53.2810406], [69.3783142, 53.2810089], [69.3783576, 53.2810136], [69.3783897, 53.2809064], [69.3783463, 53.2809018], [69.3783569, 53.2808662], [69.378338, 53.2808641], [69.3781407, 53.2808423], [69.3780137, 53.281266]]]}}, {"type": "Feature", "properties": {"levels": 3.0, "addr": "улица Ауельбекова 106", "name": "", "type": "yes", "tagged": true}, "geometry": {"type": "Polygon", "coordinates": [[[69.3846136, 53.2827601], [69.3848152, 53.2827733], [69.3847941, 53.2828888], [69.3850282, 53.2829041], [69.3850493, 53.2827886], [69.3852353, 53.2828007], [69.3852142, 53.2829163], [69.3854462, 53.2829314], [69.3854632, 53.2828383], [69.3856638, 53.2828514], [69.3856308, 53.2830319], [69.3854133, 53.2830177], [69.3853951, 53.2831169], [69.3851898, 53.2831035], [69.3852106, 53.2829893], [69.3849907, 53.282975], [69.3849698, 53.2830891], [69.38476, 53.2830754], [69.3847809, 53.2829613], [69.3845792, 53.2829481], [69.3846136, 53.2827601]]]}}, {"type": "Feature", "properties": {"levels": 2.0, "addr": "улица Ауельбекова 90", "name": "", "type": "yes", "tagged": true}, "geometry": {"type": "Polygon", "coordinates": [[[69.3792348, 53.2827035], [69.379272, 53.2825565], [69.3795696, 53.2825835], [69.3795324, 53.2827305], [69.3792348, 53.2827035]]]}}, {"type": "Feature", "properties": {"levels": 3.0, "addr": "улица Бауржана Момышулы 52", "name": "", "type": "yes", "tagged": true}, "geometry": {"type": "Polygon", "coordinates": [[[69.377499, 53.2831797], [69.3776861, 53.2832015], [69.3775975, 53.2834742], [69.3774104, 53.2834525], [69.3774828, 53.2832297], [69.377499, 53.2831797]]]}}, {"type": "Feature", "properties": {"levels": 2.0, "addr": "улица Потанина 52", "name": "", "type": "yes", "tagged": true}, "geometry": {"type": "Polygon", "coordinates": [[[69.3880656, 53.2875674], [69.3881144, 53.2874229], [69.388441, 53.2874623], [69.3883921, 53.2876069], [69.3880656, 53.2875674]]]}}, {"type": "Feature", "properties": {"levels": 2, "addr": "улица Кудайбердиева 75", "name": "", "type": "yes", "tagged": false}, "geometry": {"type": "Polygon", "coordinates": [[[69.3853036, 53.2868715], [69.3856042, 53.2869044], [69.3856411, 53.2867843], [69.3853405, 53.2867514], [69.3853036, 53.2868715]]]}}, {"type": "Feature", "properties": {"levels": 6.0, "addr": "Сагдиева 35", "name": "", "type": "yes", "tagged": true}, "geometry": {"type": "Polygon", "coordinates": [[[69.3771024, 53.2812693], [69.3773112, 53.2812874], [69.3772569, 53.2815111], [69.3770481, 53.281493], [69.3771024, 53.2812693]]]}}, {"type": "Feature", "properties": {"levels": 2.0, "addr": "улица Мухтара Ауэзова 220", "name": "", "type": "yes", "tagged": true}, "geometry": {"type": "Polygon", "coordinates": [[[69.3835701, 53.2873325], [69.3839639, 53.2873734], [69.3839973, 53.2872582], [69.3836036, 53.2872173], [69.3835701, 53.2873325]]]}}, {"type": "Feature", "properties": {"levels": 5.0, "addr": "улица Ауельбекова 84", "name": "", "type": "yes", "tagged": true}, "geometry": {"type": "Polygon", "coordinates": [[[69.3787317, 53.2825069], [69.3791865, 53.2825518], [69.3791517, 53.282678], [69.3786969, 53.2826332], [69.3787317, 53.2825069]]]}}, {"type": "Feature", "properties": {"levels": 3.0, "addr": "улица Абая 86", "name": "Bereke Bank", "type": "yes", "tagged": true}, "geometry": {"type": "Polygon", "coordinates": [[[69.3762836, 53.2842437], [69.3767418, 53.2842839], [69.3767995, 53.2840489], [69.3763412, 53.2840087], [69.3762836, 53.2842437]]]}}, {"type": "Feature", "properties": {"levels": 2, "addr": "улица Алимжана Баймуканова 99Б", "name": "", "type": "yes", "tagged": false}, "geometry": {"type": "Polygon", "coordinates": [[[69.3845062, 53.2823652], [69.3848093, 53.2823907], [69.3847712, 53.2825527], [69.3844681, 53.2825273], [69.3845062, 53.2823652]]]}}, {"type": "Feature", "properties": {"levels": 1.0, "addr": "", "name": "", "type": "yes", "tagged": true}, "geometry": {"type": "Polygon", "coordinates": [[[69.3834504, 53.2862949], [69.3834975, 53.2861254], [69.3837821, 53.2861536], [69.383735, 53.2863231], [69.3834504, 53.2862949]]]}}, {"type": "Feature", "properties": {"levels": 3.0, "addr": "улица Ауельбекова 87", "name": "ДЧС Акмолинской области", "type": "yes", "tagged": true}, "geometry": {"type": "Polygon", "coordinates": [[[69.3768019, 53.2829485], [69.3772413, 53.2829899], [69.377271, 53.2828771], [69.3768316, 53.2828357], [69.3768019, 53.2829485]]]}}, {"type": "Feature", "properties": {"levels": 2.0, "addr": "улица Ильяса Есенберлина 38/3", "name": "", "type": "yes", "tagged": true}, "geometry": {"type": "Polygon", "coordinates": [[[69.3832737, 53.2860085], [69.3833056, 53.2858812], [69.3836446, 53.2859115], [69.3836127, 53.2860388], [69.3832737, 53.2860085]]]}}, {"type": "Feature", "properties": {"levels": 10.0, "addr": "улица Бауржана Момышулы 89", "name": "", "type": "apartments", "tagged": true}, "geometry": {"type": "Polygon", "coordinates": [[[69.3792021, 53.2808877], [69.3791543, 53.2809318], [69.3791203, 53.2809632], [69.3791085, 53.2809984], [69.3789838, 53.2813902], [69.3791861, 53.2814132], [69.3792873, 53.2810585], [69.3793775, 53.2809704], [69.3796818, 53.2808277], [69.3799835, 53.2808536], [69.380013, 53.2807373], [69.3796463, 53.280702], [69.3793746, 53.2808163], [69.3792021, 53.2808877]]]}}, {"type": "Feature", "properties": {"levels": 2, "addr": "", "name": "", "type": "yes", "tagged": false}, "geometry": {"type": "Polygon", "coordinates": [[[69.3797244, 53.2824686], [69.3797558, 53.2823656], [69.3793175, 53.2823178], [69.3792861, 53.2824208], [69.3797244, 53.2824686]]]}}, {"type": "Feature", "properties": {"levels": 2.0, "addr": "улица Мухтара Ауэзова 222", "name": "", "type": "yes", "tagged": true}, "geometry": {"type": "Polygon", "coordinates": [[[69.3846539, 53.28749], [69.3850606, 53.2875277], [69.3850479, 53.2875766], [69.3853507, 53.2876046], [69.3853971, 53.2874252], [69.3852979, 53.287416], [69.3853041, 53.2873921], [69.3846939, 53.2873356], [69.3846539, 53.28749]]]}}, {"type": "Feature", "properties": {"levels": 2, "addr": "", "name": "", "type": "yes", "tagged": false}, "geometry": {"type": "Polygon", "coordinates": [[[69.3859488, 53.286978], [69.386297, 53.2870141], [69.3863347, 53.2868839], [69.3859865, 53.2868479], [69.3859488, 53.286978]]]}}, {"type": "Feature", "properties": {"levels": 2.0, "addr": "улица Мухтара Ауэзова 220А", "name": "", "type": "yes", "tagged": true}, "geometry": {"type": "Polygon", "coordinates": [[[69.384086, 53.2871848], [69.3844169, 53.2872247], [69.3844762, 53.2870489], [69.3841454, 53.2870089], [69.384086, 53.2871848]]]}}, {"type": "Feature", "properties": {"levels": 3.0, "addr": "улица Ильяса Есенберлина 38", "name": "", "type": "yes", "tagged": true}, "geometry": {"type": "Polygon", "coordinates": [[[69.3842419, 53.2868196], [69.3842839, 53.2866868], [69.384721, 53.2867363], [69.3846789, 53.286869], [69.3842419, 53.2868196]]]}}, {"type": "Feature", "properties": {"levels": 1.0, "addr": "улица Ауельбекова 80", "name": "", "type": "yes", "tagged": true}, "geometry": {"type": "Polygon", "coordinates": [[[69.3768809, 53.2824223], [69.3769038, 53.2823188], [69.3771541, 53.2823386], [69.3771312, 53.2824421], [69.3768809, 53.2824223]]]}}, {"type": "Feature", "properties": {"levels": 2.0, "addr": "улица Мухтара Ауэзова 220а/2", "name": "", "type": "yes", "tagged": true}, "geometry": {"type": "Polygon", "coordinates": [[[69.383119, 53.2867013], [69.3831441, 53.2866064], [69.3839381, 53.2866813], [69.383913, 53.2867762], [69.383119, 53.2867013]]]}}, {"type": "Feature", "properties": {"levels": 2.0, "addr": "улица Мухтара Ауэзова 226", "name": "", "type": "yes", "tagged": true}, "geometry": {"type": "Polygon", "coordinates": [[[69.385822, 53.2876545], [69.3858667, 53.2875009], [69.386539, 53.2875708], [69.3864944, 53.2877244], [69.385822, 53.2876545]]]}}, {"type": "Feature", "properties": {"levels": 2.0, "addr": "улица Ильяса Есенберлина 38а", "name": "", "type": "yes", "tagged": true}, "geometry": {"type": "Polygon", "coordinates": [[[69.3839659, 53.285983], [69.384416, 53.2860203], [69.3843917, 53.2861249], [69.3841273, 53.286103], [69.3840351, 53.2864994], [69.3838492, 53.2864839], [69.3839659, 53.285983]]]}}, {"type": "Feature", "properties": {"levels": 2.0, "addr": "улица Мухтара Ауэзова 218", "name": "", "type": "yes", "tagged": true}, "geometry": {"type": "Polygon", "coordinates": [[[69.3825942, 53.2872659], [69.3827178, 53.2872792], [69.3827141, 53.2872915], [69.3828251, 53.2873035], [69.3828289, 53.2872913], [69.3831994, 53.2873313], [69.3832369, 53.2872071], [69.3828599, 53.2871664], [69.3828728, 53.2871236], [69.3826438, 53.2870989], [69.3825942, 53.2872659]]]}}, {"type": "Feature", "properties": {"levels": 2.0, "addr": "улица Кудайбердиева 57", "name": "", "type": "yes", "tagged": true}, "geometry": {"type": "Polygon", "coordinates": [[[69.3697379, 53.2855448], [69.3697843, 53.2853708], [69.3704642, 53.2854356], [69.3704178, 53.2856096], [69.3697379, 53.2855448]]]}}, {"type": "Feature", "properties": {"levels": 2.0, "addr": "улица Мухтара Ауэзова 224", "name": "", "type": "yes", "tagged": true}, "geometry": {"type": "Polygon", "coordinates": [[[69.3854248, 53.2875717], [69.3857167, 53.2876008], [69.3857571, 53.2874562], [69.3854652, 53.2874271], [69.3854248, 53.2875717]]]}}, {"type": "Feature", "properties": {"levels": 2.0, "addr": "улица Биржан сала 42", "name": "", "type": "yes", "tagged": true}, "geometry": {"type": "Polygon", "coordinates": [[[69.3796753, 53.2827471], [69.3798414, 53.282763], [69.3798731, 53.2827492], [69.3799631, 53.282412], [69.3797696, 53.2823936], [69.3796753, 53.2827471]]]}}, {"type": "Feature", "properties": {"levels": 4.0, "addr": "улица Ауельбекова 89", "name": "", "type": "yes", "tagged": true}, "geometry": {"type": "Polygon", "coordinates": [[[69.3775593, 53.283], [69.3774667, 53.2829897], [69.3774935, 53.2828975], [69.3777663, 53.2829243], [69.3776861, 53.2832015], [69.377499, 53.2831797], [69.3775593, 53.283]]]}}, {"type": "Feature", "properties": {"levels": 12.0, "addr": "улица Бауржана Момышулы 62", "name": "", "type": "apartments", "tagged": true}, "geometry": {"type": "Polygon", "coordinates": [[[69.378288, 53.2807611], [69.378315, 53.2807407], [69.3783337, 53.2807172], [69.378343, 53.2806917], [69.3783425, 53.2806657], [69.3783322, 53.2806404], [69.3783127, 53.2806171], [69.3782849, 53.2805971], [69.3782502, 53.2805813], [69.3782105, 53.2805706], [69.3781678, 53.2805655], [69.3781242, 53.2805663], [69.3780821, 53.2805729], [69.3780546, 53.2805502], [69.3779541, 53.2805412], [69.3779216, 53.2806762], [69.3781407, 53.2808423], [69.3783569, 53.2808662], [69.3783655, 53.2808293], [69.378288, 53.2807611]]]}}, {"type": "Feature", "properties": {"levels": 2.0, "addr": "проспект Нурсултана Назарбаева 50", "name": "", "type": "yes", "tagged": true}, "geometry": {"type": "Polygon", "coordinates": [[[69.3863841, 53.2870872], [69.3865996, 53.2871079], [69.3865813, 53.2871759], [69.3866303, 53.2871806], [69.3865953, 53.2873106], [69.3865429, 53.2873056], [69.3865217, 53.2873844], [69.3863096, 53.2873641], [69.3863841, 53.2870872]]]}}, {"type": "Feature", "properties": {"levels": 5.0, "addr": "проспект Нурсултана Назарбаева 52", "name": "", "type": "yes", "tagged": true}, "geometry": {"type": "Polygon", "coordinates": [[[69.3863861, 53.2870272], [69.3865847, 53.2870485], [69.3866031, 53.286987], [69.3866416, 53.2869911], [69.3867021, 53.28679], [69.3866664, 53.2867861], [69.386683, 53.2867309], [69.3864816, 53.2867093], [69.3863861, 53.2870272]]]}}, {"type": "Feature", "properties": {"levels": 2.0, "addr": "улица Абая 71", "name": "", "type": "yes", "tagged": true}, "geometry": {"type": "Polygon", "coordinates": [[[69.3723209, 53.2846073], [69.3725974, 53.2846348], [69.3726183, 53.2845595], [69.3729133, 53.2845888], [69.3728899, 53.284673], [69.3730965, 53.2846935], [69.3731502, 53.2845004], [69.3723722, 53.284423], [69.3723209, 53.2846073]]]}}, {"type": "Feature", "properties": {"levels": 3.0, "addr": "улица Каныша Сатпаева 9", "name": "", "type": "yes", "tagged": true}, "geometry": {"type": "Polygon", "coordinates": [[[69.3829912, 53.2820838], [69.3829574, 53.2822029], [69.382654, 53.2821721], [69.3827538, 53.2818209], [69.3830719, 53.2818532], [69.3830386, 53.2819702], [69.3829115, 53.2819573], [69.3828787, 53.2820724], [69.3829912, 53.2820838]]]}}, {"type": "Feature", "properties": {"levels": 2.0, "addr": "улица Ауельбекова 166А", "name": "Детско-юношеская футбольная школа \"Окжетпес\"", "type": "yes", "tagged": true}, "geometry": {"type": "Polygon", "coordinates": [[[69.4034312, 53.2839253], [69.4033708, 53.2841301], [69.4030868, 53.2841001], [69.4030516, 53.2842194], [69.4027283, 53.2841853], [69.4028239, 53.2838612], [69.4034312, 53.2839253]]]}}, {"type": "Feature", "properties": {"levels": 1.0, "addr": "улица Ауельбекова 166", "name": "Провиант", "type": "retail", "tagged": true}, "geometry": {"type": "Polygon", "coordinates": [[[69.4041356, 53.2849541], [69.4044472, 53.2849836], [69.4045372, 53.2846442], [69.4042257, 53.2846146], [69.4041356, 53.2849541]]]}}, {"type": "Feature", "properties": {"levels": 1.0, "addr": "улица Абая 114А", "name": "", "type": "yes", "tagged": true}, "geometry": {"type": "Polygon", "coordinates": [[[69.3891484, 53.2854732], [69.3893653, 53.2854938], [69.389414, 53.2853108], [69.3891971, 53.2852902], [69.3891484, 53.2854732]]]}}, {"type": "Feature", "properties": {"levels": 2, "addr": "улица Абая 118", "name": "", "type": "yes", "tagged": false}, "geometry": {"type": "Polygon", "coordinates": [[[69.3901397, 53.2847036], [69.3902768, 53.2847106], [69.3903004, 53.2845443], [69.3901633, 53.2845374], [69.3901397, 53.2847036]]]}}, {"type": "Feature", "properties": {"levels": 2.0, "addr": "проспект Нурсултана Назарбаева 75", "name": "", "type": "yes", "tagged": true}, "geometry": {"type": "Polygon", "coordinates": [[[69.3887869, 53.282388], [69.3892484, 53.2824307], [69.3893244, 53.2821374], [69.3888629, 53.2820946], [69.3887869, 53.282388]]]}}, {"type": "Feature", "properties": {"levels": 5.0, "addr": "проспект Нурсултана Назарбаева 71", "name": "", "type": "yes", "tagged": true}, "geometry": {"type": "Polygon", "coordinates": [[[69.3888358, 53.2834419], [69.3888735, 53.2833218], [69.3886785, 53.2832999], [69.3887381, 53.2831101], [69.3885245, 53.2830861], [69.3884272, 53.283396], [69.3888358, 53.2834419]]]}}, {"type": "Feature", "properties": {"levels": 5.0, "addr": "проспект Нурсултана Назарбаева 73", "name": "", "type": "yes", "tagged": true}, "geometry": {"type": "Polygon", "coordinates": [[[69.3884992, 53.2830477], [69.3887654, 53.2830708], [69.3888463, 53.2827367], [69.3891632, 53.2827641], [69.389212, 53.2825629], [69.3886289, 53.2825124], [69.3884992, 53.2830477]]]}}, {"type": "Feature", "properties": {"levels": 2, "addr": "", "name": "", "type": "yes", "tagged": false}, "geometry": {"type": "Polygon", "coordinates": [[[69.3889519, 53.2833122], [69.3890696, 53.2833236], [69.3891257, 53.2831157], [69.389008, 53.2831044], [69.3889519, 53.2833122]]]}}, {"type": "Feature", "properties": {"levels": 2.0, "addr": "улица Ауельбекова 126/1", "name": "", "type": "yes", "tagged": true}, "geometry": {"type": "Polygon", "coordinates": [[[69.3914533, 53.2834864], [69.3913718, 53.2837866], [69.3903832, 53.2836869], [69.3905056, 53.2832333], [69.3906962, 53.2832522], [69.3906082, 53.2835765], [69.3912082, 53.2836369], [69.3912562, 53.2834654], [69.3914533, 53.2834864]]]}}, {"type": "Feature", "properties": {"levels": 2, "addr": "улица Елемесова 46Б", "name": "", "type": "yes", "tagged": false}, "geometry": {"type": "Polygon", "coordinates": [[[69.3915733, 53.2827226], [69.3916667, 53.2827299], [69.3917173, 53.2825409], [69.3916178, 53.2825329], [69.3915733, 53.2827226]]]}}, {"type": "Feature", "properties": {"levels": 2.0, "addr": "улица Акана-серэ 115", "name": "", "type": "yes", "tagged": true}, "geometry": {"type": "Polygon", "coordinates": [[[69.3892896, 53.2816014], [69.3888408, 53.2815598], [69.3888129, 53.2816672], [69.3892617, 53.2817088], [69.3892896, 53.2816014]]]}}, {"type": "Feature", "properties": {"levels": 3.0, "addr": "улица Акана-серэ 119", "name": "", "type": "yes", "tagged": true}, "geometry": {"type": "Polygon", "coordinates": [[[69.3908308, 53.2818784], [69.3908653, 53.2817446], [69.3913372, 53.2817881], [69.3913026, 53.281922], [69.3908308, 53.2818784]]]}}, {"type": "Feature", "properties": {"levels": 2.0, "addr": "", "name": "", "type": "yes", "tagged": true}, "geometry": {"type": "Polygon", "coordinates": [[[69.3858954, 53.2858697], [69.3858623, 53.2859991], [69.3852586, 53.2859439], [69.3852246, 53.2860765], [69.3858318, 53.286132], [69.3858164, 53.2861924], [69.3860503, 53.2862138], [69.3861327, 53.2858914], [69.3858954, 53.2858697]]]}}, {"type": "Feature", "properties": {"levels": 3.0, "addr": "улица Каныша Сатпаева 1А", "name": "", "type": "yes", "tagged": true}, "geometry": {"type": "Polygon", "coordinates": [[[69.3820042, 53.2842504], [69.3822812, 53.2842773], [69.382312, 53.2841636], [69.3822274, 53.2841554], [69.3822772, 53.2839717], [69.3823247, 53.2839754], [69.3823526, 53.2838618], [69.3821155, 53.2838397], [69.3820042, 53.2842504]]]}}, {"type": "Feature", "properties": {"levels": 4.0, "addr": "", "name": "", "type": "yes", "tagged": true}, "geometry": {"type": "Polygon", "coordinates": [[[69.3823247, 53.2839754], [69.3828224, 53.2840192], [69.3828504, 53.2839056], [69.3823526, 53.2838618], [69.3823247, 53.2839754]]]}}, {"type": "Feature", "properties": {"levels": 2, "addr": "улица Каныша Сатпаева 1а/1", "name": "", "type": "yes", "tagged": false}, "geometry": {"type": "Polygon", "coordinates": [[[69.3823163, 53.2844204], [69.3826904, 53.2844575], [69.3827198, 53.2843519], [69.3823456, 53.2843147], [69.3823163, 53.2844204]]]}}, {"type": "Feature", "properties": {"levels": 2, "addr": "", "name": "", "type": "yes", "tagged": false}, "geometry": {"type": "Polygon", "coordinates": [[[69.3838639, 53.2846258], [69.3840489, 53.2846451], [69.3840999, 53.2844701], [69.3839149, 53.2844508], [69.3838639, 53.2846258]]]}}, {"type": "Feature", "properties": {"levels": 1.0, "addr": "улица Дзержинского 117", "name": "", "type": "yes", "tagged": true}, "geometry": {"type": "Polygon", "coordinates": [[[69.3831452, 53.2842816], [69.383374, 53.2843026], [69.383422, 53.2841151], [69.3830952, 53.2840852], [69.3830722, 53.2841752], [69.3831701, 53.2841842], [69.3831452, 53.2842816]]]}}, {"type": "Feature", "properties": {"levels": 2, "addr": "улица Абая 108Б", "name": "", "type": "yes", "tagged": false}, "geometry": {"type": "Polygon", "coordinates": [[[69.383553, 53.2843204], [69.3839002, 53.28435], [69.383936, 53.2842003], [69.3835888, 53.2841707], [69.383553, 53.2843204]]]}}, {"type": "Feature", "properties": {"levels": 4.0, "addr": "улица Абая 108", "name": "", "type": "yes", "tagged": true}, "geometry": {"type": "Polygon", "coordinates": [[[69.3839047, 53.284938], [69.3839253, 53.2848686], [69.3839384, 53.2848244], [69.3839541, 53.2847714], [69.3831301, 53.2846886], [69.3830832, 53.2848555], [69.3839047, 53.284938]]]}}, {"type": "Feature", "properties": {"levels": 2, "addr": "", "name": "", "type": "yes", "tagged": false}, "geometry": {"type": "Polygon", "coordinates": [[[69.385053, 53.2848818], [69.3852406, 53.2849015], [69.3852693, 53.2848036], [69.3850817, 53.284784], [69.385053, 53.2848818]]]}}, {"type": "Feature", "properties": {"levels": 2, "addr": "", "name": "", "type": "yes", "tagged": false}, "geometry": {"type": "Polygon", "coordinates": [[[69.3850826, 53.2847699], [69.3852713, 53.2847919], [69.3853409, 53.2845779], [69.3851522, 53.284556], [69.3850826, 53.2847699]]]}}, {"type": "Feature", "properties": {"levels": 3.0, "addr": "улица Абая 108а", "name": "", "type": "yes", "tagged": true}, "geometry": {"type": "Polygon", "coordinates": [[[69.3846044, 53.284455], [69.3849756, 53.2844892], [69.3850356, 53.2842562], [69.3846644, 53.284222], [69.3846044, 53.284455]]]}}, {"type": "Feature", "properties": {"levels": 2.0, "addr": "улица Ауельбекова 115", "name": "", "type": "yes", "tagged": true}, "geometry": {"type": "Polygon", "coordinates": [[[69.385456, 53.283826], [69.3855123, 53.2836452], [69.3848779, 53.2835745], [69.3848562, 53.2836441], [69.3847482, 53.283632], [69.3846563, 53.2836218], [69.3846217, 53.283733], [69.3846291, 53.2837338], [69.38485, 53.2837584], [69.385456, 53.283826]]]}}, {"type": "Feature", "properties": {"levels": 2, "addr": "улица Ауельбекова 109/1", "name": "", "type": "yes", "tagged": false}, "geometry": {"type": "Polygon", "coordinates": [[[69.3837505, 53.2838769], [69.3842888, 53.2839256], [69.3842616, 53.2840327], [69.3837233, 53.2839839], [69.3837505, 53.2838769]]]}}, {"type": "Feature", "properties": {"levels": 2, "addr": "", "name": "", "type": "yes", "tagged": false}, "geometry": {"type": "Polygon", "coordinates": [[[69.3846766, 53.2835556], [69.3847686, 53.2835657], [69.3847482, 53.283632], [69.3846563, 53.2836218], [69.3846766, 53.2835556]]]}}, {"type": "Feature", "properties": {"levels": 3.0, "addr": "улица Каныша Сатпаева 3", "name": "", "type": "yes", "tagged": true}, "geometry": {"type": "Polygon", "coordinates": [[[69.3821464, 53.2836842], [69.3823956, 53.2837098], [69.3824665, 53.2834605], [69.3824915, 53.2833723], [69.382501, 53.2833391], [69.3822528, 53.2833136], [69.3821464, 53.2836842]]]}}, {"type": "Feature", "properties": {"levels": 5.0, "addr": "улица Ауельбекова 99", "name": "", "type": "yes", "tagged": true}, "geometry": {"type": "Polygon", "coordinates": [[[69.3826713, 53.2835372], [69.3826856, 53.2834821], [69.3827085, 53.2833938], [69.3827117, 53.2833816], [69.3832971, 53.2834357], [69.3832568, 53.2835914], [69.3826713, 53.2835372]]]}}, {"type": "Feature", "properties": {"levels": 2, "addr": "улица Ауельбекова 101", "name": "", "type": "yes", "tagged": false}, "geometry": {"type": "Polygon", "coordinates": [[[69.3832408, 53.2837853], [69.3835272, 53.283816], [69.3836363, 53.283451], [69.3833501, 53.2834204], [69.3832408, 53.2837853]]]}}, {"type": "Feature", "properties": {"levels": 2, "addr": "", "name": "", "type": "yes", "tagged": false}, "geometry": {"type": "Polygon", "coordinates": [[[69.3846008, 53.2838308], [69.3848222, 53.2838538], [69.38485, 53.2837584], [69.3846291, 53.2837338], [69.3846008, 53.2838308]]]}}, {"type": "Feature", "properties": {"levels": 3.0, "addr": "улица Мухтара Ауэзова 214", "name": "", "type": "yes", "tagged": true}, "geometry": {"type": "Polygon", "coordinates": [[[69.3775734, 53.2862805], [69.3776148, 53.2861522], [69.3785014, 53.2862544], [69.3784602, 53.2863823], [69.3781145, 53.2863424], [69.3781005, 53.286391], [69.3780216, 53.2863814], [69.3780353, 53.2863337], [69.3775734, 53.2862805]]]}}, {"type": "Feature", "properties": {"levels": 3.0, "addr": "улица Мухтара Ауэзова 149", "name": "", "type": "yes", "tagged": true}, "geometry": {"type": "Polygon", "coordinates": [[[69.3753223, 53.2872427], [69.3758338, 53.2873013], [69.3759236, 53.2870215], [69.3754121, 53.2869628], [69.3753223, 53.2872427]]]}}, {"type": "Feature", "properties": {"levels": 4.0, "addr": "улица Мухтара Ауэзова 151", "name": "", "type": "yes", "tagged": true}, "geometry": {"type": "Polygon", "coordinates": [[[69.3760632, 53.2870398], [69.3761222, 53.2870464], [69.3761316, 53.2870218], [69.3761916, 53.28703], [69.3761822, 53.2870546], [69.3762386, 53.2870634], [69.3763018, 53.2870743], [69.3763536, 53.2871001], [69.3763572, 53.2871019], [69.3764065, 53.2871443], [69.3764312, 53.2871995], [69.3764223, 53.2872377], [69.3764503, 53.2872403], [69.3764373, 53.2872897], [69.3764093, 53.2872871], [69.3763968, 53.2873284], [69.3763548, 53.2873238], [69.3763389, 53.287376], [69.3761822, 53.2873588], [69.3761992, 53.2873035], [69.3759866, 53.2872801], [69.376011, 53.2872011], [69.3759447, 53.2871937], [69.3759704, 53.2871112], [69.3760384, 53.2871188], [69.3760632, 53.2870398]]]}}, {"type": "Feature", "properties": {"levels": 3.0, "addr": "улица Каныша Сатпаева 1", "name": "", "type": "yes", "tagged": true}, "geometry": {"type": "Polygon", "coordinates": [[[69.3807175, 53.2860081], [69.3817212, 53.2861038], [69.38177, 53.2859186], [69.3816127, 53.2859038], [69.381604, 53.2859367], [69.381392, 53.2859167], [69.3813461, 53.2858704], [69.3812615, 53.2858631], [69.3811858, 53.2858565], [69.3811211, 53.2858925], [69.3808909, 53.285871], [69.3808999, 53.2858366], [69.3807663, 53.2858242], [69.3807175, 53.2860081]]]}}, {"type": "Feature", "properties": {"levels": 5.0, "addr": "улица Калинина 34", "name": "", "type": "apartments", "tagged": true}, "geometry": {"type": "Polygon", "coordinates": [[[69.3821199, 53.2882849], [69.3819822, 53.2882696], [69.3819445, 53.2883906], [69.3822079, 53.2884199], [69.3822307, 53.2883465], [69.3822065, 53.2883438], [69.3822183, 53.2883059], [69.3823291, 53.2883184], [69.382423, 53.2879994], [69.3822084, 53.2879769], [69.3821199, 53.2882849]]]}}, {"type": "Feature", "properties": {"levels": 2, "addr": "улица Мухтара Ауэзова 177", "name": "", "type": "yes", "tagged": false}, "geometry": {"type": "Polygon", "coordinates": [[[69.3855907, 53.288088], [69.385625, 53.2879891], [69.3858624, 53.2880185], [69.3858282, 53.2881173], [69.3855907, 53.288088]]]}}, {"type": "Feature", "properties": {"levels": 12.0, "addr": "улица Абая 135", "name": "", "type": "apartments", "tagged": true}, "geometry": {"type": "Polygon", "coordinates": [[[69.400019, 53.2874248], [69.4000719, 53.2874231], [69.400088, 53.2874054], [69.4001037, 53.2874082], [69.4000991, 53.2874423], [69.400113, 53.2874497], [69.400133, 53.2874404], [69.4001391, 53.2874091], [69.4001638, 53.2874101], [69.4001669, 53.2874257], [69.4002085, 53.2874377], [69.4002223, 53.2874257], [69.4002331, 53.2874018], [69.4002439, 53.2873686], [69.4002547, 53.2873345], [69.4002624, 53.2873014], [69.4002655, 53.2872691], [69.4002685, 53.2872443], [69.4002701, 53.2872203], [69.4002593, 53.2872047], [69.4002193, 53.2872102], [69.4002193, 53.2872286], [69.40019, 53.2872268], [69.4001946, 53.2871973], [69.4001792, 53.2871844], [69.4001592, 53.2871946], [69.4001545, 53.2872213], [69.4001253, 53.2872176], [69.4001237, 53.2872019], [69.4000714, 53.2871918], [69.4000529, 53.2872111], [69.4000421, 53.2872342], [69.4000344, 53.2872563], [69.4000282, 53.2872784], [69.4000236, 53.2873032], [69.4000205, 53.2873262], [69.4000174, 53.2873511], [69.4000144, 53.2873815], [69.4000144, 53.2874018], [69.400019, 53.2874248]]]}}, {"type": "Feature", "properties": {"levels": 12.0, "addr": "улица Абая 133", "name": "", "type": "apartments", "tagged": true}, "geometry": {"type": "Polygon", "coordinates": [[[69.399179, 53.2873411], [69.3992299, 53.2873375], [69.399236, 53.2873229], [69.3992624, 53.2873229], [69.3992583, 53.2873533], [69.3992746, 53.287363], [69.3992929, 53.2873545], [69.3992969, 53.2873265], [69.3993193, 53.2873253], [69.3993193, 53.2873423], [69.3993661, 53.2873545], [69.3993864, 53.287329], [69.3994006, 53.2873022], [69.3994169, 53.287267], [69.399425, 53.2872342], [69.3994331, 53.2872002], [69.3994372, 53.2871601], [69.3994311, 53.2871224], [69.3993844, 53.2871285], [69.3993742, 53.287143], [69.3993478, 53.2871406], [69.3993579, 53.2871029], [69.3993315, 53.287092], [69.3993112, 53.2871054], [69.3993051, 53.2871358], [69.3992787, 53.2871358], [69.3992746, 53.2871224], [69.3992441, 53.2871066], [69.3992258, 53.2871273], [69.3992116, 53.2871552], [69.3991953, 53.2871783], [69.3991851, 53.2872135], [69.399179, 53.2872451], [69.399177, 53.2872852], [69.399179, 53.2873193], [69.399179, 53.2873411]]]}}, {"type": "Feature", "properties": {"levels": 12.0, "addr": "улица Абая 131", "name": "", "type": "apartments", "tagged": true}, "geometry": {"type": "Polygon", "coordinates": [[[69.3982612, 53.2872564], [69.3983181, 53.2872503], [69.3983262, 53.2872369], [69.3983486, 53.2872369], [69.3983445, 53.2872624], [69.3983588, 53.2872746], [69.398373, 53.2872661], [69.3983811, 53.2872393], [69.3984075, 53.2872418], [69.3984075, 53.2872588], [69.3984604, 53.2872722], [69.3984767, 53.2872539], [69.3984929, 53.2872296], [69.3985031, 53.2872078], [69.3985153, 53.2871689], [69.3985234, 53.2871361], [69.3985275, 53.2870984], [69.3985275, 53.2870692], [69.3985214, 53.2870352], [69.3984848, 53.2870449], [69.3984746, 53.2870583], [69.3984401, 53.2870571], [69.3984401, 53.2870303], [69.3984279, 53.287017], [69.3984075, 53.2870267], [69.3983974, 53.2870546], [69.398373, 53.2870534], [69.398373, 53.2870328], [69.3983323, 53.2870218], [69.39831, 53.2870401], [69.3982957, 53.2870631], [69.3982795, 53.2870899], [69.3982713, 53.2871203], [69.3982653, 53.2871482], [69.3982612, 53.2871749], [69.3982592, 53.2871968], [69.3982592, 53.2872345], [69.3982612, 53.2872564]]]}}, {"type": "Feature", "properties": {"levels": 1.0, "addr": "улица Абая 135А", "name": "Зима - Лето", "type": "yes", "tagged": true}, "geometry": {"type": "Polygon", "coordinates": [[[69.3989614, 53.2870067], [69.3990032, 53.2868364], [69.3992983, 53.2868623], [69.3992939, 53.2868803], [69.3994501, 53.286894], [69.3994549, 53.2868744], [69.4000881, 53.2869299], [69.4000823, 53.2869537], [69.4002836, 53.2869713], [69.4002894, 53.2869474], [69.4005433, 53.2869697], [69.4005012, 53.2871414], [69.4002336, 53.2871179], [69.4002258, 53.2871497], [69.3990162, 53.2870436], [69.3990239, 53.2870122], [69.3989614, 53.2870067]]]}}, {"type": "Feature", "properties": {"levels": 2, "addr": "улица Буденного 88", "name": "АЗС \"Эталон №15\"", "type": "yes", "tagged": false}, "geometry": {"type": "Polygon", "coordinates": [[[69.4045242, 53.2779665], [69.4046593, 53.2779682], [69.4046596, 53.2779581], [69.4047497, 53.2779592], [69.4047486, 53.2779896], [69.4048326, 53.2779907], [69.4048567, 53.277991], [69.4048607, 53.2778767], [69.4048376, 53.2778764], [69.4047558, 53.2778754], [69.4047545, 53.2779139], [69.4046578, 53.2779127], [69.4046582, 53.2779038], [69.4045264, 53.2779022], [69.4045242, 53.2779665]]]}}, {"type": "Feature", "properties": {"levels": 2.0, "addr": "проспект Нурсултана Назарбаева 66", "name": "", "type": "yes", "tagged": true}, "geometry": {"type": "Polygon", "coordinates": [[[69.3878101, 53.2825467], [69.3878393, 53.2824394], [69.3874943, 53.2824058], [69.3874651, 53.2825131], [69.3878101, 53.2825467]]]}}, {"type": "Feature", "properties": {"levels": 2.0, "addr": "улица Алимжана Баймуканова 101А", "name": "", "type": "yes", "tagged": true}, "geometry": {"type": "Polygon", "coordinates": [[[69.3863778, 53.2824194], [69.386411, 53.2822992], [69.3868623, 53.2823437], [69.3868291, 53.282464], [69.3863778, 53.2824194]]]}}, {"type": "Feature", "properties": {"levels": 3.0, "addr": "улица Акана-серэ 111А", "name": "", "type": "yes", "tagged": true}, "geometry": {"type": "Polygon", "coordinates": [[[69.3864132, 53.2819975], [69.3866397, 53.2820168], [69.3865995, 53.2821859], [69.3863731, 53.2821666], [69.3864132, 53.2819975]]]}}, {"type": "Feature", "properties": {"levels": 4.0, "addr": "улица Мухтара Ауэзова 141", "name": "", "type": "yes", "tagged": true}, "geometry": {"type": "Polygon", "coordinates": [[[69.3735922, 53.2871962], [69.373602, 53.2871576], [69.3736783, 53.2871645], [69.3736928, 53.2871071], [69.374345, 53.2871661], [69.3743291, 53.2872287], [69.3743862, 53.2872339], [69.3743782, 53.2872654], [69.3742682, 53.2872554], [69.374256, 53.2873037], [69.3742353, 53.2873018], [69.3739038, 53.2872718], [69.3736937, 53.2872528], [69.3737054, 53.2872065], [69.3735922, 53.2871962]]]}}, {"type": "Feature", "properties": {"levels": 2.0, "addr": "улица Ауельбекова 116А", "name": "Мир цветов", "type": "yes", "tagged": true}, "geometry": {"type": "Polygon", "coordinates": [[[69.3870213, 53.2834476], [69.3870449, 53.2833575], [69.3872701, 53.2833786], [69.3872464, 53.2834687], [69.3870213, 53.2834476]]]}}, {"type": "Feature", "properties": {"levels": 1.0, "addr": "улица Абая 107А", "name": "Орхидея", "type": "yes", "tagged": true}, "geometry": {"type": "Polygon", "coordinates": [[[69.3902704, 53.2861303], [69.3902999, 53.2860232], [69.3905294, 53.2860458], [69.3904999, 53.2861529], [69.3902704, 53.2861303]]]}}, {"type": "Feature", "properties": {"levels": 9.0, "addr": "улица Абая 129", "name": "", "type": "apartments", "tagged": true}, "geometry": {"type": "Polygon", "coordinates": [[[69.3973808, 53.2872342], [69.3976203, 53.2872567], [69.3976523, 53.2871349], [69.3976094, 53.2871309], [69.3976179, 53.2870986], [69.3976673, 53.2871032], [69.397702, 53.2869708], [69.3974499, 53.2869471], [69.3974167, 53.2870737], [69.3974654, 53.2870783], [69.3974547, 53.2871193], [69.397412, 53.2871153], [69.3973808, 53.2872342]]]}}, {"type": "Feature", "properties": {"levels": 2, "addr": "улица Малика Габдуллина 63", "name": "", "type": "yes", "tagged": false}, "geometry": {"type": "Polygon", "coordinates": [[[69.3971048, 53.2872791], [69.3972611, 53.2872935], [69.3973456, 53.2869712], [69.3971847, 53.2869572], [69.3971048, 53.2872791]]]}}, {"type": "Feature", "properties": {"levels": 2, "addr": "", "name": "", "type": "yes", "tagged": false}, "geometry": {"type": "Polygon", "coordinates": [[[69.3971847, 53.2869572], [69.3973456, 53.2869712], [69.3973734, 53.2868518], [69.3972157, 53.2868383], [69.3971847, 53.2869572]]]}}, {"type": "Feature", "properties": {"levels": 1.0, "addr": "", "name": "", "type": "yes", "tagged": true}, "geometry": {"type": "Polygon", "coordinates": [[[69.3970582, 53.2875271], [69.3970753, 53.2874524], [69.397354, 53.2874751], [69.3973369, 53.2875498], [69.3970582, 53.2875271]]]}}, {"type": "Feature", "properties": {"levels": 1.0, "addr": "улица Малика Габдуллина 59", "name": "", "type": "yes", "tagged": true}, "geometry": {"type": "Polygon", "coordinates": [[[69.396954, 53.2877652], [69.3970094, 53.2877701], [69.3971761, 53.287785], [69.3971917, 53.2877226], [69.3972197, 53.2876105], [69.3969976, 53.2875907], [69.396954, 53.2877652]]]}}, {"type": "Feature", "properties": {"levels": 2.0, "addr": "улица Абая 121", "name": "", "type": "yes", "tagged": true}, "geometry": {"type": "Polygon", "coordinates": [[[69.3953299, 53.2866878], [69.395488, 53.2867013], [69.3954808, 53.2867315], [69.3956925, 53.2867496], [69.3957182, 53.2866358], [69.3957504, 53.2865141], [69.3953794, 53.2864811], [69.3953299, 53.2866878]]]}}, {"type": "Feature", "properties": {"levels": 2.0, "addr": "улица Абая 123", "name": "", "type": "yes", "tagged": true}, "geometry": {"type": "Polygon", "coordinates": [[[69.3957182, 53.2866358], [69.3962807, 53.2866891], [69.3963129, 53.2865674], [69.3957504, 53.2865141], [69.3957182, 53.2866358]]]}}, {"type": "Feature", "properties": {"levels": 2.0, "addr": "улица Абая 125", "name": "", "type": "yes", "tagged": true}, "geometry": {"type": "Polygon", "coordinates": [[[69.3963865, 53.2867569], [69.3964763, 53.2867655], [69.3964948, 53.2866963], [69.3965891, 53.2867053], [69.3966155, 53.2866067], [69.3963704, 53.2865833], [69.3963407, 53.2866944], [69.3964017, 53.2867003], [69.3963865, 53.2867569]]]}}, {"type": "Feature", "properties": {"levels": 2.0, "addr": "улица Мухтара Ауэзова 230", "name": "", "type": "yes", "tagged": true}, "geometry": {"type": "Polygon", "coordinates": [[[69.3873821, 53.2876339], [69.3873431, 53.2877672], [69.3872688, 53.2877587], [69.3872051, 53.2877524], [69.3871662, 53.2877397], [69.3871379, 53.2877185], [69.3871272, 53.2876847], [69.3871449, 53.2876127], [69.3873821, 53.2876339]]]}}, {"type": "Feature", "properties": {"levels": 4.0, "addr": "улица Биржан сала 36", "name": "Прокуратура городская", "type": "yes", "tagged": true}, "geometry": {"type": "Polygon", "coordinates": [[[69.3792141, 53.2841281], [69.3794177, 53.2841477], [69.3795138, 53.2837917], [69.3793103, 53.283772], [69.3792141, 53.2841281]]]}}, {"type": "Feature", "properties": {"levels": 2, "addr": "", "name": "", "type": "yes", "tagged": false}, "geometry": {"type": "Polygon", "coordinates": [[[69.3779014, 53.2888909], [69.3779395, 53.2887558], [69.3782562, 53.2887877], [69.3782181, 53.2889228], [69.3779014, 53.2888909]]]}}, {"type": "Feature", "properties": {"levels": 2.0, "addr": "улица Мухтара Ауэзова 161", "name": "", "type": "yes", "tagged": true}, "geometry": {"type": "Polygon", "coordinates": [[[69.3789822, 53.2881403], [69.3793392, 53.288176], [69.3793609, 53.2880981], [69.379318, 53.2880938], [69.3793372, 53.2880253], [69.3792713, 53.2880187], [69.3792837, 53.2879741], [69.3793898, 53.2879847], [69.3794157, 53.2878918], [69.3793202, 53.2878822], [69.3793319, 53.2878402], [69.3790732, 53.2878144], [69.3789822, 53.2881403]]]}}, {"type": "Feature", "properties": {"levels": 4.0, "addr": "улица Бауржана Момышулы 21", "name": "", "type": "yes", "tagged": true}, "geometry": {"type": "Polygon", "coordinates": [[[69.3770314, 53.2879591], [69.3772671, 53.2879861], [69.3773481, 53.2877333], [69.3771124, 53.2877063], [69.3770314, 53.2879591]]]}}, {"type": "Feature", "properties": {"levels": 6.0, "addr": "улица Мухтара Ауэзова 155", "name": "", "type": "yes", "tagged": true}, "geometry": {"type": "Polygon", "coordinates": [[[69.377105, 53.2875079], [69.3773581, 53.2875368], [69.3774805, 53.2871534], [69.3772274, 53.2871245], [69.377105, 53.2875079]]]}}, {"type": "Feature", "properties": {"levels": 1.0, "addr": "улица Мухтара Ауэзова 157", "name": "", "type": "yes", "tagged": true}, "geometry": {"type": "Polygon", "coordinates": [[[69.378048, 53.287393], [69.3782877, 53.2874189], [69.3783439, 53.287233], [69.3781042, 53.287207], [69.378048, 53.287393]]]}}, {"type": "Feature", "properties": {"levels": 2.0, "addr": "улица Мухтара Ауэзова 159", "name": "", "type": "yes", "tagged": true}, "geometry": {"type": "Polygon", "coordinates": [[[69.3784714, 53.2873389], [69.3784975, 53.2872471], [69.3787172, 53.2872694], [69.3786045, 53.2876662], [69.3784479, 53.2876503], [69.3785345, 53.2873453], [69.3784714, 53.2873389]]]}}, {"type": "Feature", "properties": {"levels": 2.0, "addr": "улица Мухтара Ауэзова 189А", "name": "", "type": "public", "tagged": true}, "geometry": {"type": "Polygon", "coordinates": [[[69.3927934, 53.2889874], [69.392833, 53.2888526], [69.3925124, 53.2888189], [69.3924732, 53.2887799], [69.3923965, 53.2887718], [69.3923445, 53.2888013], [69.3920262, 53.2887678], [69.391986, 53.2889044], [69.3922974, 53.2889371], [69.3922794, 53.2889982], [69.3924619, 53.2890174], [69.3924805, 53.2889545], [69.3927934, 53.2889874]]]}}, {"type": "Feature", "properties": {"levels": 2.0, "addr": "улица Мухтара Ауэзова 189А/2", "name": "Казахстан", "type": "yes", "tagged": true}, "geometry": {"type": "Polygon", "coordinates": [[[69.3930515, 53.2890759], [69.3936727, 53.2891369], [69.3937259, 53.2889437], [69.3935719, 53.2889285], [69.3935558, 53.2889029], [69.3931937, 53.2888676], [69.3931777, 53.2888885], [69.393105, 53.2888813], [69.3930515, 53.2890759]]]}}, {"type": "Feature", "properties": {"levels": 5.0, "addr": "улица Мухтара Ауэзова 189А к5", "name": "Университет им.Мырзахметова", "type": "yes", "tagged": true}, "geometry": {"type": "Polygon", "coordinates": [[[69.3924257, 53.2894733], [69.3924043, 53.2894766], [69.3923841, 53.289482], [69.3923659, 53.2894895], [69.3923503, 53.2894988], [69.3923376, 53.2895097], [69.3923283, 53.2895217], [69.3923228, 53.2895344], [69.3923211, 53.2895476], [69.3923234, 53.2895608], [69.3923295, 53.2895735], [69.3923393, 53.2895853], [69.3923524, 53.2895959], [69.3923685, 53.289605], [69.392387, 53.2896122], [69.3923487, 53.2897456], [69.3925994, 53.2897712], [69.3927413, 53.2892737], [69.3920791, 53.2892062], [69.392035, 53.2893606], [69.3924465, 53.2894025], [69.3924257, 53.2894733]]]}}, {"type": "Feature", "properties": {"levels": 4.0, "addr": "улица Мухтара Ауэзова", "name": "Университет им. Абая Мырзахметова", "type": "university", "tagged": true}, "geometry": {"type": "Polygon", "coordinates": [[[69.3909122, 53.2894772], [69.3911398, 53.2894935], [69.3912241, 53.2890721], [69.3909965, 53.2890558], [69.3909122, 53.2894772]]]}}, {"type": "Feature", "properties": {"levels": 2.0, "addr": "улица Мухтара Ауэзова 189а к4", "name": "", "type": "yes", "tagged": true}, "geometry": {"type": "Polygon", "coordinates": [[[69.3910075, 53.288771], [69.3913792, 53.2888086], [69.3914223, 53.2886564], [69.3910506, 53.2886187], [69.3910075, 53.288771]]]}}, {"type": "Feature", "properties": {"levels": 2.0, "addr": "улица Мухтара Ауэзова 189", "name": "Меруерт", "type": "yes", "tagged": true}, "geometry": {"type": "Polygon", "coordinates": [[[69.3900651, 53.2887638], [69.39087, 53.2888513], [69.3909518, 53.2885825], [69.3901469, 53.2884949], [69.3900651, 53.2887638]]]}}, {"type": "Feature", "properties": {"levels": 2, "addr": "улица Мухтара Ауэзова 189А/к2", "name": "ЖК Saltanat 2", "type": "yes", "tagged": false}, "geometry": {"type": "Polygon", "coordinates": [[[69.3940954, 53.2894492], [69.3947488, 53.2895181], [69.3947852, 53.2893948], [69.3943421, 53.2893481], [69.3943988, 53.2891559], [69.3941885, 53.2891337], [69.3940954, 53.2894492]]]}}, {"type": "Feature", "properties": {"levels": 2, "addr": "Мұхтар Әуезов көшесі 189Б", "name": "ЖК Saltanat", "type": "yes", "tagged": false}, "geometry": {"type": "Polygon", "coordinates": [[[69.3942606, 53.2889096], [69.3941992, 53.2891095], [69.3944066, 53.2891323], [69.394425, 53.2890724], [69.3950679, 53.2891431], [69.395111, 53.289003], [69.3942606, 53.2889096]]]}}, {"type": "Feature", "properties": {"levels": 2, "addr": "", "name": "", "type": "yes", "tagged": false}, "geometry": {"type": "Polygon", "coordinates": [[[69.3956489, 53.2896893], [69.3958775, 53.2897111], [69.3959367, 53.2894891], [69.3957082, 53.2894673], [69.3956489, 53.2896893]]]}}, {"type": "Feature", "properties": {"levels": 7.0, "addr": "улица Абая 106", "name": "", "type": "yes", "tagged": true}, "geometry": {"type": "Polygon", "coordinates": [[[69.3807739, 53.2845083], [69.3800744, 53.2844449], [69.3801228, 53.2842541], [69.3808201, 53.2843173], [69.3807843, 53.2844735], [69.3807739, 53.2845083]]]}}, {"type": "Feature", "properties": {"levels": 5.0, "addr": "проспект Нурсултана Назарбаева 89", "name": "Административный центр", "type": "commercial", "tagged": true}, "geometry": {"type": "Polygon", "coordinates": [[[69.3863589, 53.2864853], [69.386644, 53.2865145], [69.3868632, 53.2857489], [69.3865417, 53.285716], [69.3865267, 53.2857683], [69.3861875, 53.2857336], [69.3861581, 53.2858364], [69.3865336, 53.2858748], [69.3863589, 53.2864853]]]}}, {"type": "Feature", "properties": {"levels": 4.0, "addr": "улица Абая 87", "name": "Административный центр", "type": "commercial", "tagged": true}, "geometry": {"type": "Polygon", "coordinates": [[[69.3852771, 53.2857526], [69.3853044, 53.2856508], [69.3861875, 53.2857336], [69.3861581, 53.2858364], [69.3852771, 53.2857526]]]}}, {"type": "Feature", "properties": {"levels": 2.0, "addr": "улица Мухтара Ауэзова 171", "name": "", "type": "yes", "tagged": true}, "geometry": {"type": "Polygon", "coordinates": [[[69.3830378, 53.2878253], [69.3830786, 53.2876891], [69.3835695, 53.2877417], [69.3835287, 53.2878779], [69.3830378, 53.2878253]]]}}, {"type": "Feature", "properties": {"levels": 2.0, "addr": "улица Ауельбекова 127а", "name": "", "type": "yes", "tagged": true}, "geometry": {"type": "Polygon", "coordinates": [[[69.3917551, 53.2843169], [69.3919098, 53.2843359], [69.3919406, 53.2842448], [69.3919266, 53.2842239], [69.3918986, 53.2842016], [69.391799, 53.2841891], [69.3917551, 53.2843169]]]}}, {"type": "Feature", "properties": {"levels": 9.0, "addr": "улица Ауельбекова 115б", "name": "", "type": "yes", "tagged": true}, "geometry": {"type": "Polygon", "coordinates": [[[69.3866346, 53.2839393], [69.3867191, 53.2839461], [69.3867243, 53.2839232], [69.3867577, 53.2839259], [69.3867881, 53.2837907], [69.3867585, 53.2837883], [69.3867643, 53.2837625], [69.3866766, 53.2837554], [69.3866654, 53.2838057], [69.3866326, 53.283803], [69.3866441, 53.2837518], [69.386552, 53.2837444], [69.3865476, 53.2837637], [69.3865125, 53.2837609], [69.3864807, 53.2839022], [69.3865146, 53.2839049], [69.3865092, 53.2839289], [69.3865947, 53.2839357], [69.3866069, 53.2838816], [69.3866469, 53.2838848], [69.3866346, 53.2839393]]]}}, {"type": "Feature", "properties": {"levels": 3.0, "addr": "улица Каныша Сатпаева 11", "name": "", "type": "yes", "tagged": true}, "geometry": {"type": "Polygon", "coordinates": [[[69.3825276, 53.2823307], [69.382773, 53.2823583], [69.382699, 53.2826346], [69.382761, 53.2826422], [69.3827394, 53.2827215], [69.3824118, 53.2826894], [69.3823828, 53.2826608], [69.3824043, 53.2825646], [69.382466, 53.2825381], [69.3825276, 53.2823307]]]}}, {"type": "Feature", "properties": {"levels": 3.0, "addr": "улица Ауельбекова 98", "name": "Кокше-полиграфия", "type": "yes", "tagged": true}, "geometry": {"type": "Polygon", "coordinates": [[[69.3827034, 53.2830259], [69.3836181, 53.2831089], [69.3836645, 53.2829261], [69.3827498, 53.2828432], [69.3827034, 53.2830259]]]}}, {"type": "Feature", "properties": {"levels": 3.0, "addr": "улица Акана-серэ 122", "name": "", "type": "yes", "tagged": true}, "geometry": {"type": "Polygon", "coordinates": [[[69.3894363, 53.2811672], [69.3901718, 53.28123], [69.3901994, 53.2811143], [69.3894639, 53.2810515], [69.3894363, 53.2811672]]]}}, {"type": "Feature", "properties": {"levels": 2.0, "addr": "улица Акана-серэ 124", "name": "", "type": "yes", "tagged": true}, "geometry": {"type": "Polygon", "coordinates": [[[69.3908182, 53.2810894], [69.390987, 53.2811055], [69.3909341, 53.2813037], [69.3902982, 53.281243], [69.3903523, 53.2810402], [69.390529, 53.281057], [69.390505, 53.2811471], [69.3907954, 53.2811748], [69.3908182, 53.2810894]]]}}, {"type": "Feature", "properties": {"levels": 2, "addr": "улица Сабатаева 136", "name": "", "type": "yes", "tagged": false}, "geometry": {"type": "Polygon", "coordinates": [[[69.3911047, 53.281303], [69.391395, 53.2813368], [69.3914622, 53.2811231], [69.3911614, 53.2810914], [69.3911047, 53.281303]]]}}, {"type": "Feature", "properties": {"levels": 2, "addr": "", "name": "", "type": "yes", "tagged": false}, "geometry": {"type": "Polygon", "coordinates": [[[69.3916901, 53.2813797], [69.3918926, 53.2813991], [69.3919343, 53.2812436], [69.3917986, 53.2812306], [69.3917319, 53.2812242], [69.3916901, 53.2813797]]]}}, {"type": "Feature", "properties": {"levels": 3.0, "addr": "улица Акана-серэ 136", "name": "", "type": "yes", "tagged": true}, "geometry": {"type": "Polygon", "coordinates": [[[69.3915441, 53.281206], [69.3917986, 53.2812306], [69.3919239, 53.2807721], [69.3916694, 53.2807473], [69.3915441, 53.281206]]]}}, {"type": "Feature", "properties": {"levels": 2, "addr": "", "name": "", "type": "yes", "tagged": false}, "geometry": {"type": "Polygon", "coordinates": [[[69.3905706, 53.2809453], [69.390602, 53.2808161], [69.3909948, 53.2808503], [69.3909634, 53.2809794], [69.3905706, 53.2809453]]]}}, {"type": "Feature", "properties": {"levels": 3.0, "addr": "проспект Нурсултана Назарбаева 87", "name": "", "type": "yes", "tagged": true}, "geometry": {"type": "Polygon", "coordinates": [[[69.3890315, 53.2804528], [69.3892213, 53.2804694], [69.3892987, 53.2801516], [69.3891089, 53.2801351], [69.389082, 53.2802454], [69.3890213, 53.2802401], [69.3889807, 53.2804068], [69.3890414, 53.2804121], [69.3890315, 53.2804528]]]}}, {"type": "Feature", "properties": {"levels": 1.0, "addr": "улица Акана-серэ", "name": "", "type": "yes", "tagged": true}, "geometry": {"type": "Polygon", "coordinates": [[[69.3955932, 53.2822731], [69.3957148, 53.2822837], [69.3957249, 53.2822425], [69.395809, 53.2822499], [69.3958327, 53.2821526], [69.3956269, 53.2821347], [69.3955932, 53.2822731]]]}}, {"type": "Feature", "properties": {"levels": 3.0, "addr": "улица Ауельбекова 163", "name": "", "type": "yes", "tagged": true}, "geometry": {"type": "Polygon", "coordinates": [[[69.4046555, 53.2853845], [69.4039389, 53.2853206], [69.4039068, 53.2854494], [69.4040696, 53.2854639], [69.404075, 53.2854422], [69.4044425, 53.2854749], [69.4046555, 53.2853845]]]}}, {"type": "Feature", "properties": {"levels": 5.0, "addr": "улица Абая 139", "name": "Кооперашка", "type": "yes", "tagged": true}, "geometry": {"type": "Polygon", "coordinates": [[[69.4017205, 53.2877601], [69.4019323, 53.2877786], [69.4020307, 53.2873724], [69.4022972, 53.2873953], [69.4022843, 53.287449], [69.4022468, 53.2874458], [69.4021359, 53.2879018], [69.4024345, 53.2879278], [69.4025841, 53.2873148], [69.401787, 53.2872453], [69.401722, 53.2875117], [69.4017799, 53.2875168], [69.4017205, 53.2877601]]]}}, {"type": "Feature", "properties": {"levels": 2.0, "addr": "улица Абая 141", "name": "", "type": "apartments", "tagged": true}, "geometry": {"type": "Polygon", "coordinates": [[[69.4027875, 53.2873413], [69.402818, 53.2872097], [69.4035164, 53.2872675], [69.4034859, 53.2873991], [69.4027875, 53.2873413]]]}}, {"type": "Feature", "properties": {"levels": 1.0, "addr": "улица Каныша Сатпаева 4", "name": "", "type": "yes", "tagged": true}, "geometry": {"type": "Polygon", "coordinates": [[[69.3813895, 53.2833681], [69.3814843, 53.2833752], [69.3814709, 53.2834391], [69.3816904, 53.2834555], [69.3817304, 53.2832642], [69.3814161, 53.2832407], [69.3813895, 53.2833681]]]}}, {"type": "Feature", "properties": {"levels": 3.0, "addr": "улица Каныша Сатпаева 2", "name": "", "type": "apartments", "tagged": true}, "geometry": {"type": "Polygon", "coordinates": [[[69.3812946, 53.283873], [69.3815307, 53.2838966], [69.3816311, 53.2835374], [69.3813949, 53.2835138], [69.3812946, 53.283873]]]}}, {"type": "Feature", "properties": {"levels": 6.0, "addr": "", "name": "", "type": "apartments", "tagged": true}, "geometry": {"type": "Polygon", "coordinates": [[[69.3846238, 53.2802741], [69.3847778, 53.2802048], [69.384524, 53.2800032], [69.38437, 53.2800726], [69.3846238, 53.2802741]]]}}, {"type": "Feature", "properties": {"levels": 5.0, "addr": "улица Акана-серэ 90А", "name": "", "type": "apartments", "tagged": true}, "geometry": {"type": "Polygon", "coordinates": [[[69.3843349, 53.2800315], [69.3844792, 53.279968], [69.3843199, 53.2798385], [69.38401, 53.2798093], [69.3840608, 53.279617], [69.3838506, 53.2795971], [69.3838429, 53.2796263], [69.3837718, 53.2798954], [69.3838032, 53.2798984], [69.3842195, 53.2799377], [69.3843349, 53.2800315]]]}}, {"type": "Feature", "properties": {"levels": 2.0, "addr": "улица Акана-серэ 92", "name": "", "type": "yes", "tagged": true}, "geometry": {"type": "Polygon", "coordinates": [[[69.3845036, 53.2808049], [69.3848209, 53.2808307], [69.3848517, 53.2806833], [69.3845406, 53.2806593], [69.3845036, 53.2808049]]]}}, {"type": "Feature", "properties": {"levels": 2.0, "addr": "улица Ашимова 137", "name": "", "type": "yes", "tagged": true}, "geometry": {"type": "Polygon", "coordinates": [[[69.3840464, 53.2790507], [69.3840818, 53.2789188], [69.384941, 53.2790013], [69.3849045, 53.2791373], [69.3847417, 53.2791217], [69.3847137, 53.2792258], [69.3848511, 53.279239], [69.3848162, 53.2793689], [69.3844331, 53.2793322], [69.3844672, 53.279205], [69.3846359, 53.2792212], [69.3846657, 53.2791101], [69.3840464, 53.2790507]]]}}, {"type": "Feature", "properties": {"levels": 1.0, "addr": "улица Буденного 84а", "name": "Автоцентр \"Pit Stop\"", "type": "yes", "tagged": true}, "geometry": {"type": "Polygon", "coordinates": [[[69.4046074, 53.2775607], [69.4049114, 53.2775836], [69.4049525, 53.2773882], [69.4047521, 53.2773731], [69.4047348, 53.2774555], [69.4046311, 53.2774477], [69.4046074, 53.2775607]]]}}, {"type": "Feature", "properties": {"levels": 2, "addr": "улица Буденного 82а", "name": "", "type": "yes", "tagged": false}, "geometry": {"type": "Polygon", "coordinates": [[[69.4047952, 53.2770525], [69.4049933, 53.2770733], [69.4050604, 53.2768453], [69.4048623, 53.2768245], [69.4047952, 53.2770525]]]}}, {"type": "Feature", "properties": {"levels": 2, "addr": "", "name": "", "type": "yes", "tagged": false}, "geometry": {"type": "Polygon", "coordinates": [[[69.4048646, 53.2766935], [69.4048937, 53.2766119], [69.4051463, 53.2766442], [69.4051171, 53.2767257], [69.4048646, 53.2766935]]]}}, {"type": "Feature", "properties": {"levels": 2, "addr": "", "name": "", "type": "yes", "tagged": false}, "geometry": {"type": "Polygon", "coordinates": [[[69.4049747, 53.2762293], [69.4051541, 53.276253], [69.4051263, 53.2763285], [69.4050878, 53.2764327], [69.4049084, 53.276409], [69.4049625, 53.2762625], [69.4049747, 53.2762293]]]}}, {"type": "Feature", "properties": {"levels": 2.0, "addr": "улица Валиханова 173", "name": "", "type": "yes", "tagged": true}, "geometry": {"type": "Polygon", "coordinates": [[[69.4010871, 53.2762774], [69.4019371, 53.2763656], [69.4019732, 53.2762412], [69.4019087, 53.2762345], [69.4019845, 53.2759731], [69.4017939, 53.2759534], [69.4017509, 53.2759084], [69.401531, 53.275886], [69.4014613, 53.2759181], [69.4012649, 53.2758977], [69.4011868, 53.2761669], [69.4011212, 53.2761601], [69.4010871, 53.2762774]]]}}, {"type": "Feature", "properties": {"levels": 1.0, "addr": "улица Янко 113Б", "name": "", "type": "yes", "tagged": true}, "geometry": {"type": "Polygon", "coordinates": [[[69.3981718, 53.2760454], [69.3981952, 53.2759488], [69.3985965, 53.2759837], [69.398573, 53.2760803], [69.3981718, 53.2760454]]]}}, {"type": "Feature", "properties": {"levels": 2, "addr": "улица Ахмета Байтурсынова 60", "name": "мини-рынок \"Отау\"", "type": "yes", "tagged": false}, "geometry": {"type": "Polygon", "coordinates": [[[69.3802882, 53.2905817], [69.3803278, 53.2904685], [69.3803524, 53.2903983], [69.3810745, 53.2904887], [69.3811764, 53.2905014], [69.3811121, 53.2906847], [69.3802882, 53.2905817]]]}}, {"type": "Feature", "properties": {"levels": 2.0, "addr": "улица Ильяса Есенберлина 14А", "name": "", "type": "public", "tagged": true}, "geometry": {"type": "Polygon", "coordinates": [[[69.3822316, 53.2906461], [69.3816668, 53.2905828], [69.3814289, 53.2905562], [69.3813529, 53.2907987], [69.3821556, 53.2908886], [69.3829615, 53.2909763], [69.3830349, 53.2907342], [69.3828788, 53.2907171], [69.3822316, 53.2906461]]]}}, {"type": "Feature", "properties": {"levels": 1.0, "addr": "улица Юрия Гагарина 51", "name": "", "type": "retail", "tagged": true}, "geometry": {"type": "Polygon", "coordinates": [[[69.3804901, 53.2898619], [69.3805669, 53.2896331], [69.3811599, 53.2897041], [69.3812864, 53.2897193], [69.3812096, 53.2899482], [69.3804901, 53.2898619]]]}}, {"type": "Feature", "properties": {"levels": 1.0, "addr": "улица Юрия Гагарина 53/1", "name": "", "type": "yes", "tagged": true}, "geometry": {"type": "Polygon", "coordinates": [[[69.3822845, 53.2901258], [69.3828379, 53.2901942], [69.3829173, 53.2899681], [69.3823663, 53.2899025], [69.3822845, 53.2901258]]]}}, {"type": "Feature", "properties": {"levels": 2, "addr": "улица Ильяса Есенберлина 9", "name": "Тумар ТД", "type": "yes", "tagged": false}, "geometry": {"type": "Polygon", "coordinates": [[[69.38409, 53.2898124], [69.3845846, 53.2898639], [69.3845163, 53.2900983], [69.3840217, 53.2900468], [69.38409, 53.2898124]]]}}, {"type": "Feature", "properties": {"levels": 1.0, "addr": "улица Абая", "name": "ТД Казахстан", "type": "yes", "tagged": true}, "geometry": {"type": "Polygon", "coordinates": [[[69.3883516, 53.2853459], [69.3883329, 53.2854187], [69.3883469, 53.285441], [69.3883773, 53.2854577], [69.3889914, 53.2855136], [69.3890334, 53.2855024], [69.3890591, 53.2854843], [69.3890801, 53.2854117], [69.3889412, 53.2853991], [69.3883516, 53.2853459]]]}}, {"type": "Feature", "properties": {"levels": 1.0, "addr": "", "name": "", "type": "yes", "tagged": true}, "geometry": {"type": "Polygon", "coordinates": [[[69.3878802, 53.2852111], [69.3878203, 53.2852043], [69.3877735, 53.2852007], [69.3877451, 53.2852116], [69.3877308, 53.2852372], [69.3877288, 53.285253], [69.3877064, 53.2852675], [69.3877003, 53.2852882], [69.3877085, 53.2853113], [69.3877369, 53.2853283], [69.3877605, 53.2853312], [69.3878012, 53.2853345], [69.3878448, 53.2853374], [69.387857, 53.2853369], [69.3878694, 53.2853336], [69.3878758, 53.2853295], [69.3878816, 53.285303], [69.3878573, 53.2853008], [69.3878802, 53.2852111]]]}}, {"type": "Feature", "properties": {"levels": 1.0, "addr": "улица Осипенко 33А", "name": "", "type": "retail", "tagged": true}, "geometry": {"type": "Polygon", "coordinates": [[[69.3804407, 53.2900992], [69.3803709, 53.290331], [69.3805581, 53.2903515], [69.3806296, 53.2901195], [69.3806969, 53.2898961], [69.3805079, 53.2898758], [69.3804407, 53.2900992]]]}}, {"type": "Feature", "properties": {"levels": 2, "addr": "улица Ахмета Байтурсынова 69/2", "name": "ТД \"Әлем\"", "type": "public", "tagged": false}, "geometry": {"type": "Polygon", "coordinates": [[[69.3830555, 53.2913851], [69.3834336, 53.2914245], [69.3835012, 53.2911933], [69.3831231, 53.2911538], [69.3830555, 53.2913851]]]}}, {"type": "Feature", "properties": {"levels": 1.0, "addr": "улица Ахмета Байтурсынова 69", "name": "", "type": "public", "tagged": true}, "geometry": {"type": "Polygon", "coordinates": [[[69.3825389, 53.2911929], [69.3825845, 53.2910329], [69.3821709, 53.2909907], [69.3821079, 53.2909977], [69.3820565, 53.2910172], [69.3820098, 53.2910521], [69.3819888, 53.2910898], [69.3819911, 53.2911205], [69.3820098, 53.2911554], [69.3820658, 53.2911945], [69.3822224, 53.2912105], [69.3822362, 53.291162], [69.3825389, 53.2911929]]]}}, {"type": "Feature", "properties": {"levels": 2, "addr": "улица Калинина 20", "name": "", "type": "yes", "tagged": false}, "geometry": {"type": "Polygon", "coordinates": [[[69.3812385, 53.2916188], [69.3814361, 53.2916364], [69.3815304, 53.2912591], [69.3813328, 53.2912415], [69.3812385, 53.2916188]]]}}, {"type": "Feature", "properties": {"levels": 1.0, "addr": "улица Ильяса Есенберлина 14", "name": "", "type": "yes", "tagged": true}, "geometry": {"type": "Polygon", "coordinates": [[[69.3831274, 53.2908234], [69.3831941, 53.2906162], [69.3837083, 53.2906754], [69.3836416, 53.2908825], [69.3831274, 53.2908234]]]}}, {"type": "Feature", "properties": {"levels": 2, "addr": "улица Ауельбекова 91", "name": "", "type": "religious", "tagged": false}, "geometry": {"type": "Polygon", "coordinates": [[[69.3784327, 53.2831719], [69.3785074, 53.2830705], [69.3788262, 53.2831543], [69.3787515, 53.2832558], [69.3784327, 53.2831719]]]}}, {"type": "Feature", "properties": {"levels": 2, "addr": "", "name": "", "type": "religious", "tagged": false}, "geometry": {"type": "Polygon", "coordinates": [[[69.3786079, 53.2833662], [69.3786729, 53.2832812], [69.3789047, 53.2833492], [69.3788437, 53.2834294], [69.3786079, 53.2833662]]]}}, {"type": "Feature", "properties": {"levels": 5.0, "addr": "улица Абая 41", "name": "", "type": "commercial", "tagged": true}, "geometry": {"type": "Polygon", "coordinates": [[[69.3785248, 53.2838625], [69.3787604, 53.283884], [69.3788521, 53.2835237], [69.378606, 53.2835013], [69.3785933, 53.2835511], [69.3785435, 53.2835466], [69.378521, 53.2836351], [69.3785813, 53.2836406], [69.3785248, 53.2838625]]]}}, {"type": "Feature", "properties": {"levels": 25.0, "addr": "улица Абая 96", "name": "", "type": "yes", "tagged": true}, "geometry": {"type": "Polygon", "coordinates": [[[69.3790442, 53.2845458], [69.379116, 53.2842957], [69.3787398, 53.2842571], [69.378668, 53.2845072], [69.3790442, 53.2845458]]]}}, {"type": "Feature", "properties": {"levels": 1, "addr": "улица Сабатаева 81", "name": "", "type": "house", "tagged": false}, "geometry": {"type": "Polygon", "coordinates": [[[69.3753158, 53.2790987], [69.3755872, 53.2791264], [69.3755522, 53.2792491], [69.3752808, 53.2792214], [69.3753158, 53.2790987]]]}}, {"type": "Feature", "properties": {"levels": 1, "addr": "улица Сабатаева 83", "name": "", "type": "house", "tagged": false}, "geometry": {"type": "Polygon", "coordinates": [[[69.3757067, 53.2792564], [69.3759173, 53.2792757], [69.3759484, 53.2791544], [69.3757377, 53.2791351], [69.3757067, 53.2792564]]]}}, {"type": "Feature", "properties": {"levels": 1, "addr": "улица Сабатаева 85", "name": "", "type": "house", "tagged": false}, "geometry": {"type": "Polygon", "coordinates": [[[69.3759975, 53.2792813], [69.3761903, 53.2793013], [69.3762328, 53.2791548], [69.3760401, 53.2791348], [69.3759975, 53.2792813]]]}}, {"type": "Feature", "properties": {"levels": 1, "addr": "улица Островского 97", "name": "", "type": "house", "tagged": false}, "geometry": {"type": "Polygon", "coordinates": [[[69.3802626, 53.2774503], [69.380293, 53.2773372], [69.3804393, 53.2773513], [69.3804089, 53.2774643], [69.3802626, 53.2774503]]]}}, {"type": "Feature", "properties": {"levels": 2, "addr": "улица Мухтара Ауэзова 278", "name": "", "type": "yes", "tagged": false}, "geometry": {"type": "Polygon", "coordinates": [[[69.4028653, 53.2891588], [69.4028952, 53.2890459], [69.4025506, 53.2890133], [69.4025207, 53.2891262], [69.4028653, 53.2891588]]]}}, {"type": "Feature", "properties": {"levels": 2.0, "addr": "улица Жумабека Ташенова 47A", "name": "", "type": "yes", "tagged": true}, "geometry": {"type": "Polygon", "coordinates": [[[69.4008755, 53.287392], [69.4012013, 53.287428], [69.4012361, 53.2873155], [69.4009103, 53.2872795], [69.4008755, 53.287392]]]}}, {"type": "Feature", "properties": {"levels": 2, "addr": "улица Жумабека Ташенова 45", "name": "", "type": "yes", "tagged": false}, "geometry": {"type": "Polygon", "coordinates": [[[69.4006854, 53.2882096], [69.4009128, 53.2882312], [69.4010104, 53.2878647], [69.400783, 53.287843], [69.4006854, 53.2882096]]]}}, {"type": "Feature", "properties": {"levels": 2.0, "addr": "улица Жумабека Ташенова 47", "name": "", "type": "yes", "tagged": true}, "geometry": {"type": "Polygon", "coordinates": [[[69.40099, 53.2877716], [69.4010776, 53.2874872], [69.4008953, 53.2874671], [69.4008077, 53.2877516], [69.40099, 53.2877716]]]}}, {"type": "Feature", "properties": {"levels": 2, "addr": "улица Мухтара Ауэзова 272", "name": "", "type": "yes", "tagged": false}, "geometry": {"type": "Polygon", "coordinates": [[[69.40125, 53.2889862], [69.4015316, 53.289019], [69.4015662, 53.2889127], [69.4012847, 53.2888799], [69.40125, 53.2889862]]]}}, {"type": "Feature", "properties": {"levels": 2.0, "addr": "улица Мухтара Ауэзова 278а", "name": "", "type": "yes", "tagged": true}, "geometry": {"type": "Polygon", "coordinates": [[[69.4028165, 53.2895073], [69.4028578, 53.2893709], [69.4021882, 53.2893103], [69.4021531, 53.289443], [69.4028165, 53.2895073]]]}}, {"type": "Feature", "properties": {"levels": 2, "addr": "улица Жумабека Ташенова 43", "name": "", "type": "yes", "tagged": false}, "geometry": {"type": "Polygon", "coordinates": [[[69.4008108, 53.2887261], [69.4009144, 53.2883608], [69.4006685, 53.2883359], [69.4005649, 53.2887012], [69.4008108, 53.2887261]]]}}, {"type": "Feature", "properties": {"levels": 2.0, "addr": "улица Абая 137", "name": "", "type": "yes", "tagged": true}, "geometry": {"type": "Polygon", "coordinates": [[[69.4009936, 53.2870401], [69.4009546, 53.2871882], [69.4015348, 53.2872429], [69.4015739, 53.2870948], [69.4009936, 53.2870401]]]}}, {"type": "Feature", "properties": {"levels": 2, "addr": "улица Пушкина", "name": "", "type": "yes", "tagged": false}, "geometry": {"type": "Polygon", "coordinates": [[[69.4018803, 53.2886384], [69.4024034, 53.2886895], [69.4024299, 53.2885922], [69.4019068, 53.2885412], [69.4018803, 53.2886384]]]}}, {"type": "Feature", "properties": {"levels": 1.0, "addr": "", "name": "", "type": "yes", "tagged": true}, "geometry": {"type": "Polygon", "coordinates": [[[69.4040313, 53.292877], [69.4039155, 53.2928767], [69.4039151, 53.2929229], [69.403894, 53.2929229], [69.4038936, 53.2929791], [69.4040305, 53.2929795], [69.4040308, 53.2929368], [69.4040312, 53.2928886], [69.4040313, 53.292877]]]}}, {"type": "Feature", "properties": {"levels": 2.0, "addr": "улица Дзержинского 40", "name": "", "type": "apartments", "tagged": true}, "geometry": {"type": "Polygon", "coordinates": [[[69.3735312, 53.2830198], [69.3736946, 53.2830366], [69.3737623, 53.2828174], [69.3735942, 53.282802], [69.3735312, 53.2830198]]]}}, {"type": "Feature", "properties": {"levels": 3.0, "addr": "улица Ауельбекова 155", "name": "", "type": "apartments", "tagged": true}, "geometry": {"type": "Polygon", "coordinates": [[[69.4014408, 53.2854013], [69.4016043, 53.285417], [69.4016572, 53.2852194], [69.4020296, 53.2852551], [69.4020213, 53.2852863], [69.4021761, 53.2853011], [69.4022116, 53.2851687], [69.4015208, 53.2851026], [69.4014408, 53.2854013]]]}}, {"type": "Feature", "properties": {"levels": 3.0, "addr": "улица 8 Марта 61А", "name": "", "type": "yes", "tagged": true}, "geometry": {"type": "Polygon", "coordinates": [[[69.3994712, 53.2859649], [69.3994742, 53.2859439], [69.3994565, 53.2859302], [69.3994449, 53.2859166], [69.3994366, 53.2858988], [69.399435, 53.2858786], [69.3994411, 53.2858591], [69.3994545, 53.2858409], [69.3994772, 53.2858235], [69.3995, 53.2858124], [69.399505, 53.2857867], [69.3997235, 53.2858031], [69.3996924, 53.2859788], [69.3994712, 53.2859649]]]}}, {"type": "Feature", "properties": {"levels": 2, "addr": "улица 8 Марта 58", "name": "", "type": "yes", "tagged": false}, "geometry": {"type": "Polygon", "coordinates": [[[69.3989777, 53.2860228], [69.3990136, 53.2858784], [69.3983214, 53.2858169], [69.3982855, 53.2859613], [69.3989777, 53.2860228]]]}}, {"type": "Feature", "properties": {"levels": 2, "addr": "улица Юрия Гагарина 49", "name": "Imperial", "type": "yes", "tagged": false}, "geometry": {"type": "Polygon", "coordinates": [[[69.3800828, 53.2898194], [69.3801109, 53.289724], [69.3800242, 53.2896442], [69.3799456, 53.289572], [69.3797895, 53.2895501], [69.3797148, 53.2897759], [69.3800828, 53.2898194]]]}}, {"type": "Feature", "properties": {"levels": 2, "addr": "улица Осипенко 12/1", "name": "Все для дома", "type": "yes", "tagged": false}, "geometry": {"type": "Polygon", "coordinates": [[[69.379625, 53.2904856], [69.3796786, 53.2902857], [69.3798295, 53.2903001], [69.3797759, 53.2905001], [69.379625, 53.2904856]]]}}, {"type": "Feature", "properties": {"levels": 2, "addr": "", "name": "Моя Семья", "type": "yes", "tagged": false}, "geometry": {"type": "Polygon", "coordinates": [[[69.3798227, 53.2892635], [69.3799147, 53.2892712], [69.379937, 53.2891761], [69.3799833, 53.28918], [69.3800034, 53.289094], [69.3798651, 53.2890825], [69.3798227, 53.2892635]]]}}, {"type": "Feature", "properties": {"levels": 2.0, "addr": "Сагдиева 19", "name": "ВГТРК Казахстан - Кокшетау", "type": "yes", "tagged": true}, "geometry": {"type": "Polygon", "coordinates": [[[69.3750967, 53.2884136], [69.3752146, 53.2880497], [69.3749786, 53.2880224], [69.3748607, 53.2883863], [69.3750967, 53.2884136]]]}}, {"type": "Feature", "properties": {"levels": 2.0, "addr": "улица Потанина", "name": "", "type": "yes", "tagged": true}, "geometry": {"type": "Polygon", "coordinates": [[[69.3883643, 53.2900599], [69.3887365, 53.2900867], [69.3888413, 53.2895676], [69.3884691, 53.2895408], [69.3883643, 53.2900599]]]}}, {"type": "Feature", "properties": {"levels": 2.0, "addr": "улица Калинина 3А", "name": "ТЦ Рубин", "type": "yes", "tagged": true}, "geometry": {"type": "Polygon", "coordinates": [[[69.382031, 53.2914509], [69.3820659, 53.29134], [69.3822351, 53.2912863], [69.3826892, 53.2913375], [69.3826993, 53.2913053], [69.3828755, 53.2913252], [69.3828386, 53.2914423], [69.3833085, 53.2914953], [69.3832474, 53.2916888], [69.3821475, 53.2915648], [69.382031, 53.2914509]]]}}, {"type": "Feature", "properties": {"levels": 2, "addr": "улица 8 Марта 60а/1", "name": "", "type": "yes", "tagged": false}, "geometry": {"type": "Polygon", "coordinates": [[[69.3984734, 53.285405], [69.3985044, 53.2852922], [69.3984552, 53.2852873], [69.3985056, 53.2851038], [69.3983547, 53.285089], [69.3982734, 53.2853853], [69.3984734, 53.285405]]]}}, {"type": "Feature", "properties": {"levels": 2, "addr": "улица Абая 134Б", "name": "Омский Бекон", "type": "yes", "tagged": false}, "geometry": {"type": "Polygon", "coordinates": [[[69.4020153, 53.2867276], [69.4021408, 53.2867413], [69.4021702, 53.2866451], [69.4020448, 53.2866313], [69.4020153, 53.2867276]]]}}, {"type": "Feature", "properties": {"levels": 1.0, "addr": "улица Абая 136/1", "name": "ККД Бисквит Мастер", "type": "yes", "tagged": true}, "geometry": {"type": "Polygon", "coordinates": [[[69.402134, 53.286822], [69.4031419, 53.2869141], [69.4031756, 53.2867821], [69.4021677, 53.2866901], [69.402134, 53.286822]]]}}, {"type": "Feature", "properties": {"levels": 3.0, "addr": "улица Мухтара Ауэзова 222А", "name": "ПИК", "type": "retail", "tagged": true}, "geometry": {"type": "Polygon", "coordinates": [[[69.3847864, 53.2871821], [69.3849816, 53.2872049], [69.3850076, 53.2871255], [69.3848124, 53.2871027], [69.3847864, 53.2871821]]]}}, {"type": "Feature", "properties": {"levels": 3.0, "addr": "улица Мухтара Ауэзова 192", "name": "", "type": "yes", "tagged": true}, "geometry": {"type": "Polygon", "coordinates": [[[69.3739595, 53.2862809], [69.3746849, 53.2863543], [69.3747172, 53.2862403], [69.3746777, 53.2862363], [69.3746882, 53.2861992], [69.3747327, 53.2862037], [69.3748109, 53.2859272], [69.3746298, 53.2859089], [69.3745528, 53.2861808], [69.3745945, 53.286185], [69.3745849, 53.2862187], [69.3739941, 53.2861589], [69.3739595, 53.2862809]]]}}, {"type": "Feature", "properties": {"levels": 2.0, "addr": "улица Каныша Сатпаева 6", "name": "", "type": "yes", "tagged": true}, "geometry": {"type": "Polygon", "coordinates": [[[69.3813288, 53.2827973], [69.3813445, 53.282734], [69.381415, 53.2827364], [69.3814454, 53.2826405], [69.3814113, 53.2826052], [69.3814165, 53.2825377], [69.3816209, 53.2825547], [69.3816439, 53.2825855], [69.3816285, 53.2826646], [69.3815838, 53.2826844], [69.3815737, 53.2827136], [69.3816057, 53.2827153], [69.3815847, 53.2827926], [69.3815807, 53.2828234], [69.3813288, 53.2827973]]]}}, {"type": "Feature", "properties": {"levels": 4.0, "addr": "улица Ауельбекова 94", "name": "Городская поликлиника", "type": "yes", "tagged": true}, "geometry": {"type": "Polygon", "coordinates": [[[69.3808083, 53.2823659], [69.3806138, 53.2823481], [69.380538, 53.2826428], [69.3805806, 53.2826467], [69.3805677, 53.2826972], [69.3806554, 53.2827053], [69.3806465, 53.2827396], [69.381327, 53.2828022], [69.3813445, 53.282734], [69.3813555, 53.2826916], [69.3807391, 53.2826349], [69.3808083, 53.2823659]]]}}, {"type": "Feature", "properties": {"levels": 2.0, "addr": "улица Жумабека Ташенова 107", "name": "", "type": "yes", "tagged": true}, "geometry": {"type": "Polygon", "coordinates": [[[69.4037049, 53.276686], [69.4042862, 53.2767373], [69.4043717, 53.2763912], [69.4037905, 53.2763398], [69.4037049, 53.276686]]]}}, {"type": "Feature", "properties": {"levels": 2.0, "addr": "улица Ахмета Байтурсынова 34а", "name": "Сатти", "type": "retail", "tagged": true}, "geometry": {"type": "Polygon", "coordinates": [[[69.3791158, 53.2904705], [69.3791151, 53.2904729], [69.3795056, 53.2905095], [69.3795371, 53.2903894], [69.3791813, 53.2903561], [69.3791505, 53.2904738], [69.3791158, 53.2904705]]]}}, {"type": "Feature", "properties": {"levels": 1, "addr": "улица Ахмета Байтурсынова 49", "name": "", "type": "house", "tagged": false}, "geometry": {"type": "Polygon", "coordinates": [[[69.3791298, 53.2906584], [69.3793248, 53.2906818], [69.3793021, 53.2907494], [69.3791071, 53.290726], [69.3791298, 53.2906584]]]}}, {"type": "Feature", "properties": {"levels": 4.0, "addr": "улица Миржакыпа Дулатова 31", "name": "", "type": "commercial", "tagged": true}, "geometry": {"type": "Polygon", "coordinates": [[[69.3885383, 53.28944], [69.3886306, 53.2890987], [69.3890371, 53.289138], [69.3889448, 53.2894793], [69.3885383, 53.28944]]]}}, {"type": "Feature", "properties": {"levels": 2.0, "addr": "улица Миржакыпа Дулатова 39", "name": "", "type": "yes", "tagged": true}, "geometry": {"type": "Polygon", "coordinates": [[[69.3891479, 53.2887284], [69.3890371, 53.289138], [69.3886306, 53.2890987], [69.3885835, 53.2890942], [69.3886942, 53.2886845], [69.3891479, 53.2887284]]]}}, {"type": "Feature", "properties": {"levels": 9.0, "addr": "улица Потанина 27Б", "name": "", "type": "yes", "tagged": true}, "geometry": {"type": "Polygon", "coordinates": [[[69.3881488, 53.2910844], [69.3884674, 53.2911098], [69.3885806, 53.290619], [69.3882621, 53.2905936], [69.3881488, 53.2910844]]]}}, {"type": "Feature", "properties": {"levels": 9.0, "addr": "улица Потанина 27А", "name": "", "type": "yes", "tagged": true}, "geometry": {"type": "Polygon", "coordinates": [[[69.3893054, 53.2911798], [69.3895794, 53.2912062], [69.3897051, 53.2907395], [69.3894312, 53.2907132], [69.3893054, 53.2911798]]]}}, {"type": "Feature", "properties": {"levels": 4.0, "addr": "улица Юрия Гагарина 7", "name": "гостиница Ак Желкен", "type": "yes", "tagged": true}, "geometry": {"type": "Polygon", "coordinates": [[[69.369743, 53.2886734], [69.3699123, 53.2885379], [69.3703674, 53.2887409], [69.3701981, 53.2888765], [69.369743, 53.2886734]]]}}, {"type": "Feature", "properties": {"levels": 5.0, "addr": "проспект Нурсултана Назарбаева 2/4", "name": "", "type": "apartments", "tagged": true}, "geometry": {"type": "Polygon", "coordinates": [[[69.3794378, 53.2963483], [69.3797118, 53.2963765], [69.379821, 53.2959973], [69.3795471, 53.2959691], [69.3794378, 53.2963483]]]}}, {"type": "Feature", "properties": {"levels": 5.0, "addr": "проспект Нурсултана Назарбаева 2/3", "name": "", "type": "apartments", "tagged": true}, "geometry": {"type": "Polygon", "coordinates": [[[69.3795205, 53.2966039], [69.3795627, 53.2964536], [69.3801741, 53.296515], [69.3801548, 53.2965838], [69.3801319, 53.2966653], [69.3795205, 53.2966039]]]}}, {"type": "Feature", "properties": {"levels": 5.0, "addr": "проспект Нурсултана Назарбаева 2/2", "name": "", "type": "apartments", "tagged": true}, "geometry": {"type": "Polygon", "coordinates": [[[69.3808021, 53.2966587], [69.3808502, 53.2965103], [69.3802027, 53.2964353], [69.3801548, 53.2965838], [69.3808021, 53.2966587]]]}}, {"type": "Feature", "properties": {"levels": 5.0, "addr": "проспект Нурсултана Назарбаева 2/1", "name": "", "type": "apartments", "tagged": true}, "geometry": {"type": "Polygon", "coordinates": [[[69.3808371, 53.2964763], [69.3808819, 53.2963353], [69.381514, 53.296407], [69.3814693, 53.2965479], [69.3808371, 53.2964763]]]}}, {"type": "Feature", "properties": {"levels": 3.0, "addr": "проспект Нурсултана Назарбаева 2/5", "name": "Достық үйі", "type": "public", "tagged": true}, "geometry": {"type": "Polygon", "coordinates": [[[69.3824888, 53.300053], [69.3826273, 53.299972], [69.3827399, 53.299971], [69.3827384, 53.299906], [69.3828726, 53.2998246], [69.3827259, 53.2997381], [69.3827243, 53.2996857], [69.3826427, 53.2996866], [69.3824983, 53.2996], [69.3823508, 53.299688], [69.3822546, 53.2996866], [69.3822517, 53.2997585], [69.3822202, 53.299758], [69.3822144, 53.2999001], [69.3822537, 53.2999007], [69.3822508, 53.2999722], [69.3823593, 53.2999738], [69.3824888, 53.300053]]]}}, {"type": "Feature", "properties": {"levels": 2, "addr": "улица Ильяса Есенберлина 3", "name": "", "type": "yes", "tagged": false}, "geometry": {"type": "Polygon", "coordinates": [[[69.3837967, 53.2915162], [69.3840531, 53.29154], [69.3841354, 53.2912226], [69.383879, 53.2911988], [69.3837967, 53.2915162]]]}}, {"type": "Feature", "properties": {"levels": 5.0, "addr": "улица Абая 114А/1", "name": "", "type": "apartments", "tagged": true}, "geometry": {"type": "Polygon", "coordinates": [[[69.3891156, 53.2851839], [69.3894188, 53.2852139], [69.3895507, 53.2847374], [69.3892476, 53.2847074], [69.3891156, 53.2851839]]]}}, {"type": "Feature", "properties": {"levels": 2, "addr": "улица Сулейменова 2В", "name": "", "type": "yes", "tagged": false}, "geometry": {"type": "Polygon", "coordinates": [[[69.4030414, 53.2933208], [69.4036251, 53.2936585], [69.4040781, 53.293385], [69.403485, 53.2930389], [69.4030414, 53.2933208]]]}}, {"type": "Feature", "properties": {"levels": 5.0, "addr": "улица Акана-серэ 100", "name": "", "type": "residential", "tagged": true}, "geometry": {"type": "Polygon", "coordinates": [[[69.3853627, 53.2803389], [69.3850651, 53.2803125], [69.3849369, 53.2808282], [69.3862323, 53.2809433], [69.3862809, 53.2807478], [69.3852831, 53.2806592], [69.3853627, 53.2803389]]]}}, {"type": "Feature", "properties": {"levels": 2, "addr": "", "name": "Беседка", "type": "yes", "tagged": false}, "geometry": {"type": "Polygon", "coordinates": [[[69.3771489, 53.2854058], [69.3771693, 53.2854167], [69.3771951, 53.2854264], [69.3772226, 53.285433], [69.3771742, 53.2856164], [69.376732, 53.2855722], [69.3771489, 53.2854058]]]}}, {"type": "Feature", "properties": {"levels": 2, "addr": "", "name": "Колесе(карусель)", "type": "yes", "tagged": false}, "geometry": {"type": "Polygon", "coordinates": [[[69.3762446, 53.2853571], [69.3762726, 53.285325], [69.3762913, 53.2853292], [69.3763123, 53.2852943], [69.3762936, 53.2852887], [69.37631, 53.285258], [69.3764524, 53.2852678], [69.3767349, 53.2852901], [69.3766719, 53.285547], [69.3762446, 53.2853571]]]}}, {"type": "Feature", "properties": {"levels": 2, "addr": "", "name": "", "type": "yes", "tagged": false}, "geometry": {"type": "Polygon", "coordinates": [[[69.3772304, 53.2860109], [69.3774167, 53.2860295], [69.3774456, 53.2859263], [69.3772593, 53.2859077], [69.3772304, 53.2860109]]]}}, {"type": "Feature", "properties": {"levels": 9.0, "addr": "улица Бауржана Момышулы 69", "name": "ЖК Інжу", "type": "apartments", "tagged": true}, "geometry": {"type": "Polygon", "coordinates": [[[69.3793472, 53.2791333], [69.379389, 53.2789678], [69.3798803, 53.2790121], [69.3798385, 53.2791776], [69.3793472, 53.2791333]]]}}, {"type": "Feature", "properties": {"levels": 2.0, "addr": "улица Абая 80", "name": "", "type": "yes", "tagged": true}, "geometry": {"type": "Polygon", "coordinates": [[[69.3735716, 53.2841022], [69.373617, 53.2839494], [69.3739452, 53.2839842], [69.3738998, 53.2841371], [69.3737398, 53.2841201], [69.3735716, 53.2841022]]]}}, {"type": "Feature", "properties": {"levels": 2.0, "addr": "улица Магжана Жумабаева 43а", "name": "", "type": "yes", "tagged": true}, "geometry": {"type": "Polygon", "coordinates": [[[69.3737072, 53.2835866], [69.3740074, 53.2836154], [69.3740511, 53.2834525], [69.3737509, 53.2834237], [69.3737072, 53.2835866]]]}}, {"type": "Feature", "properties": {"levels": 2.0, "addr": "улица Дзержинского 81", "name": "", "type": "yes", "tagged": true}, "geometry": {"type": "Polygon", "coordinates": [[[69.3741, 53.2833349], [69.3741602, 53.2831508], [69.3738523, 53.2831148], [69.3737921, 53.2832989], [69.3741, 53.2833349]]]}}, {"type": "Feature", "properties": {"levels": 2.0, "addr": "улица Ауельбекова 73", "name": "", "type": "apartments", "tagged": true}, "geometry": {"type": "Polygon", "coordinates": [[[69.3735157, 53.2826333], [69.3735481, 53.2825165], [69.373836, 53.282545], [69.3738037, 53.2826618], [69.3735157, 53.2826333]]]}}, {"type": "Feature", "properties": {"levels": 2.0, "addr": "улица Ауельбекова 75", "name": "", "type": "apartments", "tagged": true}, "geometry": {"type": "Polygon", "coordinates": [[[69.3739575, 53.2826941], [69.3739906, 53.2825667], [69.3742734, 53.2825929], [69.3742403, 53.2827204], [69.3739575, 53.2826941]]]}}, {"type": "Feature", "properties": {"levels": 2.0, "addr": "улица Ауельбекова 77", "name": "", "type": "apartments", "tagged": true}, "geometry": {"type": "Polygon", "coordinates": [[[69.3743574, 53.282711], [69.3745652, 53.2827319], [69.3745964, 53.2826213], [69.3743886, 53.2826003], [69.3743574, 53.282711]]]}}, {"type": "Feature", "properties": {"levels": 1.0, "addr": "улица Зарапа Темирбекова 49", "name": "", "type": "commercial", "tagged": true}, "geometry": {"type": "Polygon", "coordinates": [[[69.37286, 53.2821152], [69.3725815, 53.2820884], [69.3726786, 53.2817288], [69.3728579, 53.2817461], [69.3728767, 53.2816765], [69.3731508, 53.2817029], [69.3731013, 53.2818864], [69.3729263, 53.2818695], [69.37286, 53.2821152]]]}}, {"type": "Feature", "properties": {"levels": 2, "addr": "улица Ауельбекова 68", "name": "", "type": "yes", "tagged": false}, "geometry": {"type": "Polygon", "coordinates": [[[69.3736333, 53.2821909], [69.3736568, 53.2820888], [69.373995, 53.2821166], [69.3739715, 53.2822187], [69.3736333, 53.2821909]]]}}, {"type": "Feature", "properties": {"levels": 3.0, "addr": "улица Ауельбекова 70", "name": "", "type": "yes", "tagged": true}, "geometry": {"type": "Polygon", "coordinates": [[[69.3740537, 53.2821581], [69.3743867, 53.2821905], [69.3744306, 53.2820295], [69.3740976, 53.2819971], [69.3740537, 53.2821581]]]}}, {"type": "Feature", "properties": {"levels": 2, "addr": "улица Ауельбекова 72", "name": "", "type": "yes", "tagged": false}, "geometry": {"type": "Polygon", "coordinates": [[[69.3745584, 53.2822521], [69.3747501, 53.2822708], [69.3748123, 53.282042], [69.3746206, 53.2820234], [69.3745584, 53.2822521]]]}}, {"type": "Feature", "properties": {"levels": 2, "addr": "улица Алимжана Баймуканова 61в", "name": "", "type": "yes", "tagged": false}, "geometry": {"type": "Polygon", "coordinates": [[[69.3734856, 53.2816912], [69.3735236, 53.2815591], [69.3740077, 53.2816089], [69.3739697, 53.281741], [69.3734856, 53.2816912]]]}}, {"type": "Feature", "properties": {"levels": 1.0, "addr": "улица Ауельбекова 70а", "name": "", "type": "yes", "tagged": true}, "geometry": {"type": "Polygon", "coordinates": [[[69.3747176, 53.2817137], [69.3751085, 53.2817486], [69.3751739, 53.2814868], [69.374783, 53.2814519], [69.3747176, 53.2817137]]]}}, {"type": "Feature", "properties": {"levels": 1.0, "addr": "улица Алимжана Баймуканова 61", "name": "", "type": "yes", "tagged": true}, "geometry": {"type": "Polygon", "coordinates": [[[69.3732048, 53.2814541], [69.3734163, 53.2814754], [69.37346, 53.28132], [69.3732486, 53.2812987], [69.3732048, 53.2814541]]]}}, {"type": "Feature", "properties": {"levels": 1.0, "addr": "улица Алимжана Баймуканова 61Б", "name": "", "type": "yes", "tagged": true}, "geometry": {"type": "Polygon", "coordinates": [[[69.3734794, 53.2814816], [69.3735172, 53.2813372], [69.3738127, 53.2813648], [69.3737749, 53.2815093], [69.3734794, 53.2814816]]]}}, {"type": "Feature", "properties": {"levels": 2.0, "addr": "Сагдиева 46", "name": "", "type": "yes", "tagged": true}, "geometry": {"type": "Polygon", "coordinates": [[[69.3758615, 53.2814779], [69.3761241, 53.2815021], [69.3761722, 53.281316], [69.3759096, 53.2812918], [69.3758615, 53.2814779]]]}}, {"type": "Feature", "properties": {"levels": 5.0, "addr": "Сагдиева 48", "name": "", "type": "yes", "tagged": true}, "geometry": {"type": "Polygon", "coordinates": [[[69.375617, 53.2811688], [69.3758544, 53.2811892], [69.3759112, 53.280953], [69.3756738, 53.2809326], [69.375617, 53.2811688]]]}}, {"type": "Feature", "properties": {"levels": 1.0, "addr": "улица Мухтара Ауэзова 238Б", "name": "ТД \"Достык\"", "type": "retail", "tagged": true}, "geometry": {"type": "Polygon", "coordinates": [[[69.3906324, 53.2880164], [69.3905722, 53.2880207], [69.3905298, 53.2880355], [69.390505, 53.2880672], [69.390505, 53.2881053], [69.3905404, 53.2881328], [69.3905935, 53.288154], [69.3909509, 53.2881815], [69.3909651, 53.2882005], [69.3910076, 53.2882132], [69.39105, 53.288209], [69.3910819, 53.2881963], [69.391142, 53.2881984], [69.3911633, 53.2881772], [69.3911774, 53.2880905], [69.3911562, 53.2880672], [69.3910996, 53.2880503], [69.3911031, 53.2880101], [69.3906466, 53.2879762], [69.3906324, 53.2880164]]]}}, {"type": "Feature", "properties": {"levels": 1.0, "addr": "улица Мухтара Ауэзова 238А", "name": "", "type": "yes", "tagged": true}, "geometry": {"type": "Polygon", "coordinates": [[[69.3912405, 53.2881904], [69.3913532, 53.2882008], [69.3913626, 53.2882145], [69.3913787, 53.2882249], [69.3914055, 53.2882321], [69.3914323, 53.2882289], [69.3914538, 53.2882201], [69.3914685, 53.2882121], [69.3915839, 53.2882185], [69.3916214, 53.288067], [69.3913545, 53.2880469], [69.391266, 53.288091], [69.3912405, 53.2881904]]]}}, {"type": "Feature", "properties": {"levels": 1.0, "addr": "улица Мухтара Ауэзова 244А", "name": "", "type": "yes", "tagged": true}, "geometry": {"type": "Polygon", "coordinates": [[[69.39166, 53.2882301], [69.3919272, 53.2882521], [69.3919366, 53.2882634], [69.3919567, 53.2882738], [69.3919835, 53.2882786], [69.3920117, 53.2882786], [69.3920385, 53.2882714], [69.3920546, 53.2882626], [69.3922343, 53.2882738], [69.3922732, 53.288269], [69.3922977, 53.2882594], [69.3923101, 53.2882523], [69.3923204, 53.288244], [69.3923309, 53.2882289], [69.392336, 53.2882166], [69.3923374, 53.2882036], [69.3923357, 53.2881911], [69.3923292, 53.2881795], [69.39232, 53.2881709], [69.3923071, 53.2881631], [69.3922822, 53.2881526], [69.3921801, 53.2881438], [69.3921942, 53.2880905], [69.3917014, 53.2880508], [69.39166, 53.2882301]]]}}, {"type": "Feature", "properties": {"levels": 2, "addr": "", "name": "", "type": "yes", "tagged": false}, "geometry": {"type": "Polygon", "coordinates": [[[69.3827804, 53.2827483], [69.3827934, 53.28269], [69.3828684, 53.282696], [69.3828819, 53.2826354], [69.3831781, 53.2826589], [69.3831516, 53.2827778], [69.3827804, 53.2827483]]]}}, {"type": "Feature", "properties": {"levels": 2, "addr": "", "name": "", "type": "yes", "tagged": false}, "geometry": {"type": "Polygon", "coordinates": [[[69.3834782, 53.2828853], [69.3836663, 53.2829034], [69.3837551, 53.2825733], [69.383567, 53.2825552], [69.3834782, 53.2828853]]]}}, {"type": "Feature", "properties": {"levels": 2, "addr": "", "name": "", "type": "yes", "tagged": false}, "geometry": {"type": "Polygon", "coordinates": [[[69.3833526, 53.2826598], [69.383208, 53.2826476], [69.3832344, 53.2825358], [69.3833789, 53.282548], [69.3833526, 53.2826598]]]}}, {"type": "Feature", "properties": {"levels": 2.0, "addr": "улица Акана-серэ 95", "name": "", "type": "yes", "tagged": true}, "geometry": {"type": "Polygon", "coordinates": [[[69.3843774, 53.2812704], [69.3844103, 53.2811501], [69.3847952, 53.2811877], [69.3847623, 53.2813079], [69.3843774, 53.2812704]]]}}, {"type": "Feature", "properties": {"levels": 2, "addr": "", "name": "", "type": "yes", "tagged": false}, "geometry": {"type": "Polygon", "coordinates": [[[69.3849192, 53.282731], [69.3849402, 53.2826345], [69.385138, 53.2826499], [69.385117, 53.2827464], [69.3849192, 53.282731]]]}}, {"type": "Feature", "properties": {"levels": 2.0, "addr": "улица Ильяса Есенберлина 52", "name": "", "type": "yes", "tagged": true}, "geometry": {"type": "Polygon", "coordinates": [[[69.3852162, 53.2826504], [69.385328, 53.2826598], [69.3853389, 53.2826136], [69.3856065, 53.2826361], [69.3856364, 53.2825094], [69.3852569, 53.2824775], [69.3852162, 53.2826504]]]}}, {"type": "Feature", "properties": {"levels": 2.0, "addr": "улица Ильяса Есенберлина 99а", "name": "", "type": "yes", "tagged": true}, "geometry": {"type": "Polygon", "coordinates": [[[69.3855632, 53.2823431], [69.3855997, 53.2822382], [69.3860439, 53.2822936], [69.3860073, 53.2823984], [69.3855632, 53.2823431]]]}}, {"type": "Feature", "properties": {"levels": 2, "addr": "улица Алимжана Баймуканова 95а", "name": "", "type": "yes", "tagged": false}, "geometry": {"type": "Polygon", "coordinates": [[[69.3845851, 53.2822467], [69.3846115, 53.2821527], [69.3850381, 53.2821956], [69.3850117, 53.2822895], [69.3845851, 53.2822467]]]}}, {"type": "Feature", "properties": {"levels": 2, "addr": "", "name": "", "type": "yes", "tagged": false}, "geometry": {"type": "Polygon", "coordinates": [[[69.3851848, 53.2820913], [69.385197, 53.2820258], [69.3853394, 53.2820352], [69.3853272, 53.2821008], [69.3851848, 53.2820913]]]}}, {"type": "Feature", "properties": {"levels": 2.0, "addr": "улица Алимжана Баймуканова 81А", "name": "", "type": "yes", "tagged": true}, "geometry": {"type": "Polygon", "coordinates": [[[69.3805722, 53.281846], [69.380601, 53.2817302], [69.3806344, 53.2817331], [69.3806408, 53.2817075], [69.3807623, 53.2817183], [69.3807525, 53.2817576], [69.3810802, 53.2817867], [69.3810548, 53.2818888], [69.3805722, 53.281846]]]}}, {"type": "Feature", "properties": {"levels": 2.0, "addr": "улица Биржан сала 50", "name": "", "type": "yes", "tagged": true}, "geometry": {"type": "Polygon", "coordinates": [[[69.3796984, 53.2818041], [69.3797297, 53.2816713], [69.3801202, 53.2817043], [69.3801949, 53.2817322], [69.3801673, 53.2818442], [69.3796984, 53.2818041]]]}}, {"type": "Feature", "properties": {"levels": 2, "addr": "", "name": "", "type": "yes", "tagged": false}, "geometry": {"type": "Polygon", "coordinates": [[[69.3795471, 53.2815765], [69.3796701, 53.2815863], [69.379691, 53.2814926], [69.379568, 53.2814828], [69.3795471, 53.2815765]]]}}, {"type": "Feature", "properties": {"levels": 2, "addr": "", "name": "", "type": "yes", "tagged": false}, "geometry": {"type": "Polygon", "coordinates": [[[69.3763347, 53.2838936], [69.376473, 53.2839068], [69.3765118, 53.2837613], [69.3763736, 53.2837481], [69.3763347, 53.2838936]]]}}, {"type": "Feature", "properties": {"levels": 2, "addr": "", "name": "", "type": "yes", "tagged": false}, "geometry": {"type": "Polygon", "coordinates": [[[69.3765427, 53.2838908], [69.3766424, 53.2838993], [69.3766668, 53.2837975], [69.376567, 53.283789], [69.3765427, 53.2838908]]]}}, {"type": "Feature", "properties": {"levels": 2, "addr": "", "name": "", "type": "yes", "tagged": false}, "geometry": {"type": "Polygon", "coordinates": [[[69.3767735, 53.2838932], [69.3768765, 53.2838937], [69.3768778, 53.2837797], [69.3767749, 53.2837792], [69.3767735, 53.2838932]]]}}, {"type": "Feature", "properties": {"levels": 2, "addr": "", "name": "", "type": "yes", "tagged": false}, "geometry": {"type": "Polygon", "coordinates": [[[69.3769204, 53.2839764], [69.3770317, 53.2839929], [69.3771057, 53.2838142], [69.3769944, 53.2837977], [69.3769204, 53.2839764]]]}}, {"type": "Feature", "properties": {"levels": 2, "addr": "", "name": "", "type": "yes", "tagged": false}, "geometry": {"type": "Polygon", "coordinates": [[[69.3771208, 53.2839457], [69.3771402, 53.2838594], [69.3773433, 53.2838757], [69.3773239, 53.2839621], [69.3771208, 53.2839457]]]}}, {"type": "Feature", "properties": {"levels": 1.0, "addr": "улица Бауржана Момышулы 26", "name": "", "type": "yes", "tagged": true}, "geometry": {"type": "Polygon", "coordinates": [[[69.3759259, 53.2888679], [69.3761789, 53.2888913], [69.3762317, 53.2886875], [69.3761005, 53.2886754], [69.3760874, 53.2887263], [69.3759654, 53.288715], [69.3759259, 53.2888679]]]}}, {"type": "Feature", "properties": {"levels": 2, "addr": "", "name": "", "type": "yes", "tagged": false}, "geometry": {"type": "Polygon", "coordinates": [[[69.3782446, 53.288581], [69.3783593, 53.2885936], [69.3783966, 53.2884727], [69.3781895, 53.2884499], [69.3781696, 53.2885145], [69.378262, 53.2885246], [69.3782446, 53.288581]]]}}, {"type": "Feature", "properties": {"levels": 2, "addr": "улица Осипенко 20", "name": "", "type": "yes", "tagged": false}, "geometry": {"type": "Polygon", "coordinates": [[[69.3795013, 53.29016], [69.3795448, 53.290029], [69.3799491, 53.2900769], [69.3799056, 53.290208], [69.3795013, 53.29016]]]}}, {"type": "Feature", "properties": {"levels": 2, "addr": "улица Осипенко 16/6", "name": "", "type": "yes", "tagged": false}, "geometry": {"type": "Polygon", "coordinates": [[[69.3796307, 53.2905554], [69.3796498, 53.2904981], [69.3798305, 53.2905196], [69.3798115, 53.2905769], [69.3796307, 53.2905554]]]}}, {"type": "Feature", "properties": {"levels": 1.0, "addr": "улица Юрия Гагарина 47", "name": "", "type": "yes", "tagged": true}, "geometry": {"type": "Polygon", "coordinates": [[[69.3788403, 53.2896372], [69.3788718, 53.2895324], [69.3796809, 53.2896194], [69.3796467, 53.2897331], [69.379565, 53.2897243], [69.3795482, 53.2897798], [69.3793143, 53.2897547], [69.3793337, 53.2896903], [69.3788403, 53.2896372]]]}}, {"type": "Feature", "properties": {"levels": 2, "addr": "улица Юрия Гагарина 47/1", "name": "", "type": "yes", "tagged": false}, "geometry": {"type": "Polygon", "coordinates": [[[69.37952, 53.2898586], [69.3795434, 53.2897872], [69.3793136, 53.2897603], [69.3792902, 53.2898317], [69.37952, 53.2898586]]]}}, {"type": "Feature", "properties": {"levels": 1.0, "addr": "улица Юрия Гагарина 47/4", "name": "", "type": "yes", "tagged": true}, "geometry": {"type": "Polygon", "coordinates": [[[69.3791983, 53.2895375], [69.3792073, 53.2895037], [69.3794055, 53.2895224], [69.3793965, 53.2895562], [69.3791983, 53.2895375]]]}}, {"type": "Feature", "properties": {"levels": 2, "addr": "улица Осипенко 12", "name": "", "type": "yes", "tagged": false}, "geometry": {"type": "Polygon", "coordinates": [[[69.3790728, 53.2915049], [69.3791104, 53.2913822], [69.3795168, 53.2914267], [69.3794792, 53.2915494], [69.3790728, 53.2915049]]]}}, {"type": "Feature", "properties": {"levels": 2, "addr": "улица Сакена Жунусова 12а", "name": "", "type": "yes", "tagged": false}, "geometry": {"type": "Polygon", "coordinates": [[[69.3815587, 53.2931189], [69.3815867, 53.2930062], [69.3820123, 53.2930439], [69.3819843, 53.2931566], [69.3815587, 53.2931189]]]}}, {"type": "Feature", "properties": {"levels": 1.0, "addr": "улица Зарапа Темирбекова 35", "name": "", "type": "yes", "tagged": true}, "geometry": {"type": "Polygon", "coordinates": [[[69.3722155, 53.2829907], [69.3725722, 53.2830244], [69.3726645, 53.2826751], [69.3723078, 53.2826414], [69.3722155, 53.2829907]]]}}, {"type": "Feature", "properties": {"levels": 1.0, "addr": "улица Магзи Абулкасымова 80", "name": "", "type": "house", "tagged": true}, "geometry": {"type": "Polygon", "coordinates": [[[69.3715938, 53.2872683], [69.3718135, 53.2872893], [69.3718511, 53.287149], [69.3716314, 53.287128], [69.3715938, 53.2872683]]]}}, {"type": "Feature", "properties": {"levels": 1.0, "addr": "улица Зарапа Темирбекова 23", "name": "", "type": "yes", "tagged": true}, "geometry": {"type": "Polygon", "coordinates": [[[69.3711939, 53.2870503], [69.3714488, 53.2870766], [69.3714864, 53.2869462], [69.3712315, 53.2869199], [69.3711939, 53.2870503]]]}}, {"type": "Feature", "properties": {"levels": 1.0, "addr": "улица Алимжана Баймуканова 58", "name": "", "type": "yes", "tagged": true}, "geometry": {"type": "Polygon", "coordinates": [[[69.3714645, 53.2807622], [69.3716177, 53.2807762], [69.3716516, 53.2806431], [69.3714985, 53.2806291], [69.3714645, 53.2807622]]]}}, {"type": "Feature", "properties": {"levels": 1.0, "addr": "улица Зарапа Темирбекова 60", "name": "", "type": "yes", "tagged": true}, "geometry": {"type": "Polygon", "coordinates": [[[69.3720266, 53.2803625], [69.3721741, 53.280376], [69.3722006, 53.2802721], [69.3720531, 53.2802586], [69.3720266, 53.2803625]]]}}, {"type": "Feature", "properties": {"levels": 1.0, "addr": "Алихана 49", "name": "", "type": "yes", "tagged": true}, "geometry": {"type": "Polygon", "coordinates": [[[69.3707175, 53.2805151], [69.3709359, 53.280535], [69.3709661, 53.2804167], [69.3707477, 53.2803967], [69.3707175, 53.2805151]]]}}, {"type": "Feature", "properties": {"levels": 1.0, "addr": "улица Ашимова 204", "name": "", "type": "yes", "tagged": true}, "geometry": {"type": "Polygon", "coordinates": [[[69.4033086, 53.2801268], [69.403497, 53.280144], [69.4035212, 53.2800489], [69.4033328, 53.2800317], [69.4033086, 53.2801268]]]}}, {"type": "Feature", "properties": {"levels": 2, "addr": "улица Акана-серэ 57", "name": "ТОО 'Дезинфекция-Кокшетау'", "type": "yes", "tagged": false}, "geometry": {"type": "Polygon", "coordinates": [[[69.3709109, 53.2799972], [69.3711148, 53.280018], [69.3711493, 53.2798972], [69.3709454, 53.2798764], [69.3709109, 53.2799972]]]}}, {"type": "Feature", "properties": {"levels": 2.0, "addr": "улица Мухтара Ауэзова 139", "name": "", "type": "yes", "tagged": true}, "geometry": {"type": "Polygon", "coordinates": [[[69.3728505, 53.286806], [69.3731449, 53.2868323], [69.3731811, 53.2866871], [69.3728867, 53.2866608], [69.3728505, 53.286806]]]}}, {"type": "Feature", "properties": {"levels": 1.0, "addr": "улица Буденного 70", "name": "", "type": "yes", "tagged": true}, "geometry": {"type": "Polygon", "coordinates": [[[69.4041828, 53.2797277], [69.4043783, 53.2797455], [69.4043964, 53.2796743], [69.4042009, 53.2796565], [69.4041828, 53.2797277]]]}}, {"type": "Feature", "properties": {"levels": 1.0, "addr": "улица Акана-серэ 63", "name": "", "type": "yes", "tagged": true}, "geometry": {"type": "Polygon", "coordinates": [[[69.3722433, 53.2800574], [69.3723562, 53.2800677], [69.3723713, 53.2800084], [69.3722584, 53.2799981], [69.3722433, 53.2800574]]]}}, {"type": "Feature", "properties": {"levels": 2.0, "addr": "улица Алимжана Баймуканова 51а", "name": "", "type": "yes", "tagged": true}, "geometry": {"type": "Polygon", "coordinates": [[[69.3706294, 53.2809435], [69.3710394, 53.2809809], [69.3710726, 53.2808504], [69.3706626, 53.280813], [69.3706294, 53.2809435]]]}}, {"type": "Feature", "properties": {"levels": 1.0, "addr": "улица Алимжана Баймуканова 53", "name": "", "type": "yes", "tagged": true}, "geometry": {"type": "Polygon", "coordinates": [[[69.3710648, 53.2813628], [69.3714415, 53.2814004], [69.3714799, 53.2812629], [69.3711031, 53.2812253], [69.3710648, 53.2813628]]]}}, {"type": "Feature", "properties": {"levels": 1.0, "addr": "улица Алимжана Баймуканова 56", "name": "", "type": "yes", "tagged": true}, "geometry": {"type": "Polygon", "coordinates": [[[69.371144, 53.280759], [69.3713471, 53.2807776], [69.3713676, 53.2806973], [69.3711645, 53.2806788], [69.371144, 53.280759]]]}}, {"type": "Feature", "properties": {"levels": 1.0, "addr": "улица Алимжана Баймуканова 54", "name": "", "type": "yes", "tagged": true}, "geometry": {"type": "Polygon", "coordinates": [[[69.370699, 53.280721], [69.3708659, 53.2807382], [69.3708983, 53.2806258], [69.3707313, 53.2806086], [69.370699, 53.280721]]]}}, {"type": "Feature", "properties": {"levels": 1.0, "addr": "улица Алимжана Баймуканова 51", "name": "", "type": "yes", "tagged": true}, "geometry": {"type": "Polygon", "coordinates": [[[69.3705245, 53.2813377], [69.3707565, 53.2813588], [69.370808, 53.2811568], [69.370576, 53.2811357], [69.3705245, 53.2813377]]]}}, {"type": "Feature", "properties": {"levels": 5.0, "addr": "улица Ауельбекова 62", "name": "", "type": "apartments", "tagged": true}, "geometry": {"type": "Polygon", "coordinates": [[[69.3718548, 53.281856], [69.3713629, 53.2818082], [69.3713194, 53.2819679], [69.3718114, 53.2820158], [69.3718548, 53.281856]]]}}, {"type": "Feature", "properties": {"levels": 2, "addr": "улица Бауржана Момышулы 41/1", "name": "", "type": "yes", "tagged": false}, "geometry": {"type": "Polygon", "coordinates": [[[69.3789854, 53.2838405], [69.379076, 53.2838475], [69.3791185, 53.2836514], [69.3790263, 53.2836443], [69.3789854, 53.2838405]]]}}, {"type": "Feature", "properties": {"levels": 1.0, "addr": "Сагдиева 66", "name": "", "type": "yes", "tagged": true}, "geometry": {"type": "Polygon", "coordinates": [[[69.3767352, 53.2785569], [69.3769728, 53.2785785], [69.3770104, 53.2784312], [69.3767727, 53.2784096], [69.3767352, 53.2785569]]]}}, {"type": "Feature", "properties": {"levels": 1.0, "addr": "улица Зарапа Темирбекова 54", "name": "", "type": "yes", "tagged": true}, "geometry": {"type": "Polygon", "coordinates": [[[69.3716633, 53.2810532], [69.3720739, 53.2810907], [69.3721069, 53.2809613], [69.3716963, 53.2809239], [69.3716633, 53.2810532]]]}}, {"type": "Feature", "properties": {"levels": 1.0, "addr": "улица Островского 205", "name": "", "type": "yes", "tagged": true}, "geometry": {"type": "Polygon", "coordinates": [[[69.4034357, 53.2794156], [69.4036083, 53.2794334], [69.4036409, 53.2793203], [69.4034683, 53.2793025], [69.4034357, 53.2794156]]]}}, {"type": "Feature", "properties": {"levels": 2, "addr": "", "name": "", "type": "yes", "tagged": false}, "geometry": {"type": "Polygon", "coordinates": [[[69.3790884, 53.2836406], [69.3791914, 53.2836497], [69.3792215, 53.2835275], [69.3791185, 53.2835184], [69.3790884, 53.2836406]]]}}, {"type": "Feature", "properties": {"levels": 2, "addr": "", "name": "", "type": "yes", "tagged": false}, "geometry": {"type": "Polygon", "coordinates": [[[69.3719652, 53.2801952], [69.3719776, 53.2801465], [69.3718523, 53.2801351], [69.3718399, 53.2801838], [69.3719652, 53.2801952]]]}}, {"type": "Feature", "properties": {"levels": 2, "addr": "", "name": "", "type": "yes", "tagged": false}, "geometry": {"type": "Polygon", "coordinates": [[[69.3788358, 53.2838995], [69.3790643, 53.2839139], [69.379076, 53.2838475], [69.3788475, 53.2838331], [69.3788358, 53.2838995]]]}}, {"type": "Feature", "properties": {"levels": 1.0, "addr": "Алихана 41", "name": "", "type": "yes", "tagged": true}, "geometry": {"type": "Polygon", "coordinates": [[[69.3706331, 53.2815684], [69.3706765, 53.2814178], [69.3704807, 53.2813976], [69.3704373, 53.2815482], [69.3706331, 53.2815684]]]}}, {"type": "Feature", "properties": {"levels": 2, "addr": "", "name": "", "type": "yes", "tagged": false}, "geometry": {"type": "Polygon", "coordinates": [[[69.3715367, 53.2870844], [69.3717168, 53.2871028], [69.3717675, 53.2869253], [69.3715874, 53.2869069], [69.3715367, 53.2870844]]]}}, {"type": "Feature", "properties": {"levels": 1.0, "addr": "улица Ашимова 202", "name": "", "type": "yes", "tagged": true}, "geometry": {"type": "Polygon", "coordinates": [[[69.4029162, 53.280096], [69.403111, 53.280112], [69.4031213, 53.2800666], [69.4031419, 53.2800683], [69.4031507, 53.2800298], [69.4031284, 53.2800279], [69.4031354, 53.2799978], [69.4030719, 53.2799926], [69.4030867, 53.279928], [69.4029571, 53.2799174], [69.4029162, 53.280096]]]}}, {"type": "Feature", "properties": {"levels": 1.0, "addr": "улица Магзи Абулкасымова 37", "name": "", "type": "yes", "tagged": true}, "geometry": {"type": "Polygon", "coordinates": [[[69.371434, 53.2875692], [69.3716054, 53.2875903], [69.3716362, 53.2875005], [69.3714648, 53.2874795], [69.371434, 53.2875692]]]}}, {"type": "Feature", "properties": {"levels": 2, "addr": "улица Акана-серэ 61", "name": "", "type": "yes", "tagged": false}, "geometry": {"type": "Polygon", "coordinates": [[[69.3714592, 53.2801017], [69.3716755, 53.2801215], [69.3717206, 53.2799445], [69.3715043, 53.2799248], [69.3714592, 53.2801017]]]}}, {"type": "Feature", "properties": {"levels": 2, "addr": "", "name": "", "type": "yes", "tagged": false}, "geometry": {"type": "Polygon", "coordinates": [[[69.4037097, 53.2792278], [69.4041048, 53.2792671], [69.4041347, 53.2791594], [69.4039336, 53.2791394], [69.4039861, 53.2789507], [69.403846, 53.2789368], [69.4037946, 53.2791215], [69.4037407, 53.2791162], [69.4037097, 53.2792278]]]}}, {"type": "Feature", "properties": {"levels": 2.0, "addr": "Сагдиева 58", "name": "", "type": "yes", "tagged": true}, "geometry": {"type": "Polygon", "coordinates": [[[69.3762856, 53.2795783], [69.3766686, 53.2796132], [69.3767176, 53.2794212], [69.3763346, 53.2793863], [69.3762856, 53.2795783]]]}}, {"type": "Feature", "properties": {"levels": 1.0, "addr": "улица Ашимова 210", "name": "", "type": "yes", "tagged": true}, "geometry": {"type": "Polygon", "coordinates": [[[69.4040244, 53.2801143], [69.4043143, 53.2801407], [69.4043554, 53.2799794], [69.4040655, 53.279953], [69.4040244, 53.2801143]]]}}, {"type": "Feature", "properties": {"levels": 1.0, "addr": "проспект Нурсултана Назарбаева 12", "name": "ТЦ \"Нур\"", "type": "yes", "tagged": true}, "geometry": {"type": "Polygon", "coordinates": [[[69.385072, 53.2905925], [69.3852155, 53.2906088], [69.3854354, 53.2899169], [69.3852975, 53.2899012], [69.385072, 53.2905925]]]}}, {"type": "Feature", "properties": {"levels": 2, "addr": "улица Ильяса Есенберлина 66", "name": "", "type": "yes", "tagged": false}, "geometry": {"type": "Polygon", "coordinates": [[[69.3862022, 53.2804851], [69.386385, 53.2805033], [69.386427, 53.2803527], [69.3862442, 53.2803345], [69.3862022, 53.2804851]]]}}, {"type": "Feature", "properties": {"levels": 1.0, "addr": "улица 8 Марта 13", "name": "", "type": "yes", "tagged": true}, "geometry": {"type": "Polygon", "coordinates": [[[69.3973903, 53.2935388], [69.3974926, 53.2935532], [69.3975344, 53.2934478], [69.397432, 53.2934333], [69.3973903, 53.2935388]]]}}, {"type": "Feature", "properties": {"levels": 1.0, "addr": "улица Буденного 3", "name": "", "type": "yes", "tagged": true}, "geometry": {"type": "Polygon", "coordinates": [[[69.4022788, 53.2927298], [69.4025763, 53.2928016], [69.4026209, 53.2927355], [69.4023234, 53.2926637], [69.4022788, 53.2927298]]]}}, {"type": "Feature", "properties": {"levels": 2, "addr": "улица Буденного 80", "name": "", "type": "yes", "tagged": false}, "geometry": {"type": "Polygon", "coordinates": [[[69.4031686, 53.2791674], [69.403441, 53.2791961], [69.4034824, 53.2790554], [69.4032907, 53.2790352], [69.4032749, 53.2790888], [69.4031942, 53.2790803], [69.4031686, 53.2791674]]]}}, {"type": "Feature", "properties": {"levels": 1.0, "addr": "улица Тлеулина 96", "name": "", "type": "yes", "tagged": true}, "geometry": {"type": "Polygon", "coordinates": [[[69.3903278, 53.2928613], [69.3904877, 53.2928812], [69.3905278, 53.2927661], [69.3903679, 53.2927462], [69.3903278, 53.2928613]]]}}, {"type": "Feature", "properties": {"levels": 1.0, "addr": "", "name": "", "type": "yes", "tagged": true}, "geometry": {"type": "Polygon", "coordinates": [[[69.3977148, 53.2922703], [69.397871, 53.292288], [69.3978892, 53.2922304], [69.397733, 53.2922127], [69.3977148, 53.2922703]]]}}, {"type": "Feature", "properties": {"levels": 1.0, "addr": "улица Ашимова 130", "name": "", "type": "yes", "tagged": true}, "geometry": {"type": "Polygon", "coordinates": [[[69.3874111, 53.2787124], [69.3876188, 53.2787305], [69.3876602, 53.2785598], [69.3874525, 53.2785417], [69.3874111, 53.2787124]]]}}, {"type": "Feature", "properties": {"levels": 1.0, "addr": "улица Буденного 4/10", "name": "", "type": "yes", "tagged": true}, "geometry": {"type": "Polygon", "coordinates": [[[69.4003864, 53.2924699], [69.4005723, 53.2925278], [69.4006465, 53.2924427], [69.4004607, 53.2923848], [69.4003864, 53.2924699]]]}}, {"type": "Feature", "properties": {"levels": 2, "addr": "", "name": "", "type": "yes", "tagged": false}, "geometry": {"type": "Polygon", "coordinates": [[[69.3873482, 53.2893595], [69.3878649, 53.2893972], [69.3878892, 53.2892788], [69.3873724, 53.289241], [69.3873482, 53.2893595]]]}}, {"type": "Feature", "properties": {"levels": 2, "addr": "улица Садвакасова 7а", "name": "", "type": "yes", "tagged": false}, "geometry": {"type": "Polygon", "coordinates": [[[69.3917161, 53.2925337], [69.3919036, 53.292552], [69.3920027, 53.2921959], [69.3918221, 53.2921733], [69.3917161, 53.2925337]]]}}, {"type": "Feature", "properties": {"levels": 1.0, "addr": "улица Жумабека Ташенова 12", "name": "", "type": "yes", "tagged": true}, "geometry": {"type": "Polygon", "coordinates": [[[69.3989186, 53.2925793], [69.3990991, 53.2926019], [69.3991276, 53.2925202], [69.3989472, 53.2924976], [69.3989186, 53.2925793]]]}}, {"type": "Feature", "properties": {"levels": 2, "addr": "улица Магзи Абулкасымова 176", "name": "", "type": "yes", "tagged": false}, "geometry": {"type": "Polygon", "coordinates": [[[69.4013294, 53.2906915], [69.4014829, 53.2906979], [69.4014883, 53.2906522], [69.4013348, 53.2906457], [69.4013294, 53.2906915]]]}}, {"type": "Feature", "properties": {"levels": 2, "addr": "", "name": "", "type": "yes", "tagged": false}, "geometry": {"type": "Polygon", "coordinates": [[[69.3943218, 53.2913735], [69.3944349, 53.291388], [69.394479, 53.2912649], [69.3943659, 53.2912505], [69.3943218, 53.2913735]]]}}, {"type": "Feature", "properties": {"levels": 2, "addr": "улица Ахмета Байтурсынова 70", "name": "", "type": "yes", "tagged": false}, "geometry": {"type": "Polygon", "coordinates": [[[69.3892927, 53.2916209], [69.3895482, 53.2916485], [69.3895752, 53.2915592], [69.3893198, 53.2915316], [69.3892927, 53.2916209]]]}}, {"type": "Feature", "properties": {"levels": 1.0, "addr": "улица Жумабека Ташенова 19", "name": "", "type": "yes", "tagged": true}, "geometry": {"type": "Polygon", "coordinates": [[[69.3995115, 53.292256], [69.3996785, 53.292293], [69.3997257, 53.2922169], [69.3995587, 53.2921798], [69.3995115, 53.292256]]]}}, {"type": "Feature", "properties": {"levels": 1.0, "addr": "улица Островского 125", "name": "", "type": "yes", "tagged": true}, "geometry": {"type": "Polygon", "coordinates": [[[69.3864664, 53.2779629], [69.3866561, 53.2779794], [69.3866822, 53.2778721], [69.3864924, 53.2778556], [69.3864664, 53.2779629]]]}}, {"type": "Feature", "properties": {"levels": 1.0, "addr": "улица Тлеулина 122", "name": "", "type": "yes", "tagged": true}, "geometry": {"type": "Polygon", "coordinates": [[[69.3961392, 53.2936351], [69.3963088, 53.2936544], [69.3963297, 53.293589], [69.39616, 53.2935697], [69.3961392, 53.2936351]]]}}, {"type": "Feature", "properties": {"levels": 1.0, "addr": "улица Янко 106", "name": "", "type": "yes", "tagged": true}, "geometry": {"type": "Polygon", "coordinates": [[[69.3927514, 53.2931673], [69.3929391, 53.2931878], [69.3930383, 53.2928638], [69.3928506, 53.2928433], [69.3927514, 53.2931673]]]}}, {"type": "Feature", "properties": {"levels": 2, "addr": "улица Мухтара Ауэзова 191/1", "name": "", "type": "yes", "tagged": false}, "geometry": {"type": "Polygon", "coordinates": [[[69.3935317, 53.2904002], [69.3942325, 53.2904662], [69.3943515, 53.2900148], [69.3936507, 53.2899488], [69.3935317, 53.2904002]]]}}, {"type": "Feature", "properties": {"levels": 2, "addr": "", "name": "", "type": "yes", "tagged": false}, "geometry": {"type": "Polygon", "coordinates": [[[69.3958443, 53.2946821], [69.3959332, 53.2946934], [69.3959487, 53.2946497], [69.3958598, 53.2946385], [69.3958443, 53.2946821]]]}}, {"type": "Feature", "properties": {"levels": 1.0, "addr": "улица Жумабека Ташенова 14", "name": "", "type": "yes", "tagged": true}, "geometry": {"type": "Polygon", "coordinates": [[[69.398986, 53.2924549], [69.3991449, 53.2924726], [69.399172, 53.2923859], [69.3990131, 53.2923682], [69.398986, 53.2924549]]]}}, {"type": "Feature", "properties": {"levels": 1.0, "addr": "улица Ильяса Есенберлина 111", "name": "", "type": "yes", "tagged": true}, "geometry": {"type": "Polygon", "coordinates": [[[69.387819, 53.2772731], [69.3880457, 53.2772928], [69.3880681, 53.2772005], [69.3878414, 53.2771808], [69.387819, 53.2772731]]]}}, {"type": "Feature", "properties": {"levels": 1.0, "addr": "улица Сакена Жунусова 42", "name": "", "type": "yes", "tagged": true}, "geometry": {"type": "Polygon", "coordinates": [[[69.3921495, 53.2951426], [69.392373, 53.29517], [69.3925592, 53.2946265], [69.3923357, 53.2945992], [69.3921495, 53.2951426]]]}}, {"type": "Feature", "properties": {"levels": 2, "addr": "", "name": "", "type": "yes", "tagged": false}, "geometry": {"type": "Polygon", "coordinates": [[[69.3977632, 53.2942877], [69.3979194, 53.2942855], [69.3979138, 53.2941492], [69.3977576, 53.2941515], [69.3977632, 53.2942877]]]}}, {"type": "Feature", "properties": {"levels": 1.0, "addr": "улица Юрия Гагарина 149", "name": "", "type": "yes", "tagged": true}, "geometry": {"type": "Polygon", "coordinates": [[[69.4013489, 53.2925084], [69.4014726, 53.2925255], [69.4015, 53.2924547], [69.4013762, 53.2924376], [69.4013489, 53.2925084]]]}}, {"type": "Feature", "properties": {"levels": 1.0, "addr": "улица Акана-серэ 46/1", "name": "", "type": "yes", "tagged": true}, "geometry": {"type": "Polygon", "coordinates": [[[69.3913726, 53.2819536], [69.3917429, 53.2819794], [69.3917696, 53.2818428], [69.3913992, 53.281817], [69.3913726, 53.2819536]]]}}, {"type": "Feature", "properties": {"levels": 1.0, "addr": "улица Сабатаева 131а", "name": "", "type": "yes", "tagged": true}, "geometry": {"type": "Polygon", "coordinates": [[[69.3860803, 53.2801936], [69.3862212, 53.280205], [69.386249, 53.2800821], [69.3861081, 53.2800707], [69.3860803, 53.2801936]]]}}, {"type": "Feature", "properties": {"levels": 1.0, "addr": "улица Ахмета Байтурсынова 141", "name": "", "type": "yes", "tagged": true}, "geometry": {"type": "Polygon", "coordinates": [[[69.3980829, 53.2931009], [69.3983256, 53.2931116], [69.3983364, 53.2930247], [69.3980937, 53.293014], [69.3980829, 53.2931009]]]}}, {"type": "Feature", "properties": {"levels": 1.0, "addr": "улица Юрия Гагарина 125", "name": "", "type": "yes", "tagged": true}, "geometry": {"type": "Polygon", "coordinates": [[[69.400121, 53.2918923], [69.400253, 53.2919132], [69.4002871, 53.2918363], [69.4001551, 53.2918154], [69.400121, 53.2918923]]]}}, {"type": "Feature", "properties": {"levels": 2, "addr": "проспект Нурсултана Назарбаева 77", "name": "", "type": "yes", "tagged": false}, "geometry": {"type": "Polygon", "coordinates": [[[69.3890082, 53.2820717], [69.3892518, 53.2820981], [69.3892734, 53.2820273], [69.3890298, 53.2820008], [69.3890082, 53.2820717]]]}}, {"type": "Feature", "properties": {"levels": 2, "addr": "", "name": "", "type": "yes", "tagged": false}, "geometry": {"type": "Polygon", "coordinates": [[[69.3909624, 53.2927384], [69.3912937, 53.2927739], [69.3913088, 53.2927234], [69.3909775, 53.292688], [69.3909624, 53.2927384]]]}}, {"type": "Feature", "properties": {"levels": 2, "addr": "", "name": "", "type": "yes", "tagged": false}, "geometry": {"type": "Polygon", "coordinates": [[[69.3898547, 53.2804808], [69.3902937, 53.2805307], [69.3903169, 53.2804577], [69.3898779, 53.2804078], [69.3898547, 53.2804808]]]}}, {"type": "Feature", "properties": {"levels": 2, "addr": "улица Островского 185", "name": "", "type": "yes", "tagged": false}, "geometry": {"type": "Polygon", "coordinates": [[[69.3992898, 53.2790863], [69.3994645, 53.2791014], [69.3994984, 53.2789615], [69.3993237, 53.2789464], [69.3992898, 53.2790863]]]}}, {"type": "Feature", "properties": {"levels": 2, "addr": "", "name": "", "type": "yes", "tagged": false}, "geometry": {"type": "Polygon", "coordinates": [[[69.3872226, 53.2890502], [69.3875535, 53.289084], [69.3875821, 53.2889839], [69.3872513, 53.2889501], [69.3872226, 53.2890502]]]}}, {"type": "Feature", "properties": {"levels": 1.0, "addr": "улица Ахмета Байтурсынова 108", "name": "", "type": "yes", "tagged": true}, "geometry": {"type": "Polygon", "coordinates": [[[69.3985793, 53.2927806], [69.3986789, 53.292795], [69.3987195, 53.2926954], [69.3986199, 53.2926809], [69.3985793, 53.2927806]]]}}, {"type": "Feature", "properties": {"levels": 1.0, "addr": "улица Ашимова 148", "name": "", "type": "yes", "tagged": true}, "geometry": {"type": "Polygon", "coordinates": [[[69.3916586, 53.2791027], [69.3918319, 53.2791175], [69.3918565, 53.2790147], [69.3916832, 53.2789999], [69.3916586, 53.2791027]]]}}, {"type": "Feature", "properties": {"levels": 2, "addr": "", "name": "", "type": "yes", "tagged": false}, "geometry": {"type": "Polygon", "coordinates": [[[69.3943365, 53.2929528], [69.3945278, 53.2929578], [69.3945354, 53.2928554], [69.3943441, 53.2928503], [69.3943365, 53.2929528]]]}}, {"type": "Feature", "properties": {"levels": 1.0, "addr": "улица Островского 167", "name": "", "type": "detached", "tagged": true}, "geometry": {"type": "Polygon", "coordinates": [[[69.395503, 53.2787511], [69.3956081, 53.2787608], [69.3956291, 53.278679], [69.3955241, 53.2786693], [69.395503, 53.2787511]]]}}, {"type": "Feature", "properties": {"levels": 1.0, "addr": "улица Магзи Абулкасымова 123", "name": "", "type": "yes", "tagged": true}, "geometry": {"type": "Polygon", "coordinates": [[[69.3991673, 53.2906834], [69.3992901, 53.2907034], [69.3993144, 53.2906503], [69.3991915, 53.2906303], [69.3991673, 53.2906834]]]}}, {"type": "Feature", "properties": {"levels": 1.0, "addr": "улица 8 Марта 41/1", "name": "", "type": "yes", "tagged": true}, "geometry": {"type": "Polygon", "coordinates": [[[69.3983584, 53.2902938], [69.3985416, 53.2903195], [69.3986049, 53.2901586], [69.3984218, 53.2901328], [69.3983584, 53.2902938]]]}}, {"type": "Feature", "properties": {"levels": 2, "addr": "", "name": "", "type": "yes", "tagged": false}, "geometry": {"type": "Polygon", "coordinates": [[[69.395627, 53.2894473], [69.3959071, 53.2894699], [69.3959265, 53.2893834], [69.3956464, 53.2893609], [69.395627, 53.2894473]]]}}, {"type": "Feature", "properties": {"levels": 1.0, "addr": "улица Сабатаева 122", "name": "", "type": "yes", "tagged": true}, "geometry": {"type": "Polygon", "coordinates": [[[69.3873562, 53.2798953], [69.3875238, 53.279909], [69.3875673, 53.2797182], [69.3873997, 53.2797046], [69.3873562, 53.2798953]]]}}, {"type": "Feature", "properties": {"levels": 2, "addr": "улица 8 Марта 14а", "name": "", "type": "yes", "tagged": false}, "geometry": {"type": "Polygon", "coordinates": [[[69.3965374, 53.2934339], [69.3967879, 53.2934661], [69.3968098, 53.2934053], [69.3965593, 53.2933731], [69.3965374, 53.2934339]]]}}, {"type": "Feature", "properties": {"levels": 2, "addr": "улица Островского 74Б", "name": "", "type": "yes", "tagged": false}, "geometry": {"type": "Polygon", "coordinates": [[[69.3881756, 53.2778329], [69.3882795, 53.2778419], [69.3883011, 53.2777526], [69.3881973, 53.2777436], [69.3881756, 53.2778329]]]}}, {"type": "Feature", "properties": {"levels": 2, "addr": "", "name": "", "type": "yes", "tagged": false}, "geometry": {"type": "Polygon", "coordinates": [[[69.3958895, 53.2951148], [69.3959622, 53.2951261], [69.3959812, 53.2950822], [69.3959085, 53.2950709], [69.3958895, 53.2951148]]]}}, {"type": "Feature", "properties": {"levels": 1.0, "addr": "улица Каныша Сатпаева 31", "name": "", "type": "yes", "tagged": true}, "geometry": {"type": "Polygon", "coordinates": [[[69.3837007, 53.277955], [69.383899, 53.2779722], [69.3839297, 53.2778457], [69.3837314, 53.2778285], [69.3837007, 53.277955]]]}}, {"type": "Feature", "properties": {"levels": 2, "addr": "", "name": "", "type": "yes", "tagged": false}, "geometry": {"type": "Polygon", "coordinates": [[[69.3870968, 53.2917885], [69.3872261, 53.2918013], [69.3872641, 53.2916651], [69.3871348, 53.2916522], [69.3870968, 53.2917885]]]}}, {"type": "Feature", "properties": {"levels": 1.0, "addr": "улица Елемесова 18", "name": "", "type": "yes", "tagged": true}, "geometry": {"type": "Polygon", "coordinates": [[[69.3887953, 53.2923632], [69.3889386, 53.2923743], [69.3889697, 53.2922318], [69.3888264, 53.2922206], [69.3887953, 53.2923632]]]}}, {"type": "Feature", "properties": {"levels": 2, "addr": "", "name": "", "type": "yes", "tagged": false}, "geometry": {"type": "Polygon", "coordinates": [[[69.3925773, 53.2902456], [69.3935317, 53.2903251], [69.3936191, 53.2899521], [69.3926718, 53.2898642], [69.3925773, 53.2902456]]]}}, {"type": "Feature", "properties": {"levels": 2, "addr": "", "name": "", "type": "yes", "tagged": false}, "geometry": {"type": "Polygon", "coordinates": [[[69.401437, 53.2903986], [69.4015208, 53.2904066], [69.4015553, 53.2902771], [69.4014715, 53.2902691], [69.401437, 53.2903986]]]}}, {"type": "Feature", "properties": {"levels": 2, "addr": "", "name": "", "type": "yes", "tagged": false}, "geometry": {"type": "Polygon", "coordinates": [[[69.3960961, 53.2933148], [69.3961876, 53.2933244], [69.3962083, 53.2932544], [69.3961167, 53.2932448], [69.3960961, 53.2933148]]]}}, {"type": "Feature", "properties": {"levels": 1.0, "addr": "улица Сакена Жунусова 66", "name": "", "type": "yes", "tagged": true}, "geometry": {"type": "Polygon", "coordinates": [[[69.3954725, 53.294558], [69.3956395, 53.2945781], [69.3956741, 53.2944757], [69.3955071, 53.2944555], [69.3954725, 53.294558]]]}}, {"type": "Feature", "properties": {"levels": 2, "addr": "улица Потанина 31/1", "name": "", "type": "yes", "tagged": false}, "geometry": {"type": "Polygon", "coordinates": [[[69.389235, 53.2894213], [69.3895531, 53.2894518], [69.3896011, 53.2892725], [69.3892829, 53.2892421], [69.389235, 53.2894213]]]}}, {"type": "Feature", "properties": {"levels": 1.0, "addr": "улица Жумабека Ташенова 100", "name": "", "type": "yes", "tagged": true}, "geometry": {"type": "Polygon", "coordinates": [[[69.4023527, 53.2795314], [69.4025489, 53.2795485], [69.4025729, 53.2794498], [69.4023766, 53.2794328], [69.4023527, 53.2795314]]]}}, {"type": "Feature", "properties": {"levels": 1.0, "addr": "улица Ахмета Байтурсынова 98", "name": "", "type": "yes", "tagged": true}, "geometry": {"type": "Polygon", "coordinates": [[[69.3976266, 53.2925839], [69.397764, 53.2926032], [69.397795, 53.2925244], [69.3976577, 53.2925051], [69.3976266, 53.2925839]]]}}, {"type": "Feature", "properties": {"levels": 1.0, "addr": "улица 8 Марта 27", "name": "", "type": "yes", "tagged": true}, "geometry": {"type": "Polygon", "coordinates": [[[69.3980136, 53.2920453], [69.3981887, 53.2920775], [69.3982151, 53.2920262], [69.39804, 53.291994], [69.3980136, 53.2920453]]]}}, {"type": "Feature", "properties": {"levels": 1.0, "addr": "проспект Нурсултана Назарбаева 91", "name": "", "type": "yes", "tagged": true}, "geometry": {"type": "Polygon", "coordinates": [[[69.38911, 53.2799445], [69.3892744, 53.2799587], [69.3892968, 53.2798663], [69.3891324, 53.279852], [69.38911, 53.2799445]]]}}, {"type": "Feature", "properties": {"levels": 9.0, "addr": "улица Потанина 53", "name": "ЖК Гаухар", "type": "yes", "tagged": true}, "geometry": {"type": "Polygon", "coordinates": [[[69.3911517, 53.2799481], [69.3914578, 53.2799746], [69.3915128, 53.279748], [69.3912067, 53.2797214], [69.3911517, 53.2799481]]]}}, {"type": "Feature", "properties": {"levels": 2, "addr": "", "name": "", "type": "yes", "tagged": false}, "geometry": {"type": "Polygon", "coordinates": [[[69.3956216, 53.2897484], [69.3958478, 53.2897677], [69.3958617, 53.2897097], [69.3956354, 53.2896904], [69.3956216, 53.2897484]]]}}, {"type": "Feature", "properties": {"levels": 2, "addr": "", "name": "", "type": "yes", "tagged": false}, "geometry": {"type": "Polygon", "coordinates": [[[69.389408, 53.2891974], [69.3896872, 53.2892311], [69.3897985, 53.2889015], [69.3895192, 53.2888678], [69.389408, 53.2891974]]]}}, {"type": "Feature", "properties": {"levels": 1.0, "addr": "улица Ашимова 124", "name": "", "type": "yes", "tagged": true}, "geometry": {"type": "Polygon", "coordinates": [[[69.3859753, 53.2785738], [69.3861459, 53.2785886], [69.3861779, 53.2784566], [69.3860074, 53.2784418], [69.3859753, 53.2785738]]]}}, {"type": "Feature", "properties": {"levels": 1.0, "addr": "улица Юрия Гагарина 112", "name": "", "type": "yes", "tagged": true}, "geometry": {"type": "Polygon", "coordinates": [[[69.3997786, 53.2914722], [69.3998998, 53.2914851], [69.3999272, 53.2913931], [69.399806, 53.2913802], [69.3997786, 53.2914722]]]}}, {"type": "Feature", "properties": {"levels": 1.0, "addr": "улица Магзи Абулкасымова 125", "name": "", "type": "yes", "tagged": true}, "geometry": {"type": "Polygon", "coordinates": [[[69.3994716, 53.2907511], [69.3997223, 53.290826], [69.3998147, 53.2907155], [69.3995642, 53.2906403], [69.3994716, 53.2907511]]]}}, {"type": "Feature", "properties": {"levels": 2, "addr": "улица Островского 166", "name": "", "type": "detached", "tagged": false}, "geometry": {"type": "Polygon", "coordinates": [[[69.3961683, 53.2783692], [69.3963218, 53.2783854], [69.3963534, 53.2782774], [69.3961999, 53.2782613], [69.3961683, 53.2783692]]]}}, {"type": "Feature", "properties": {"levels": 1.0, "addr": "улица Ахмета Байтурсынова 119/1", "name": "", "type": "yes", "tagged": true}, "geometry": {"type": "Polygon", "coordinates": [[[69.3947974, 53.2926545], [69.394995, 53.2926763], [69.3950217, 53.2925898], [69.394824, 53.292568], [69.3947974, 53.2926545]]]}}, {"type": "Feature", "properties": {"levels": 1.0, "addr": "улица Жумабека Ташенова 32", "name": "", "type": "yes", "tagged": true}, "geometry": {"type": "Polygon", "coordinates": [[[69.3994496, 53.2903164], [69.3998555, 53.2903617], [69.399948, 53.2900405], [69.3996651, 53.2900144], [69.399602, 53.2902218], [69.3994833, 53.2902085], [69.3994496, 53.2903164]]]}}, {"type": "Feature", "properties": {"levels": 1.0, "addr": "улица Ильяса Есенберлина 99", "name": "", "type": "yes", "tagged": true}, "geometry": {"type": "Polygon", "coordinates": [[[69.3875232, 53.2783605], [69.3875086, 53.2784207], [69.3877381, 53.2784406], [69.3877527, 53.2783804], [69.3875232, 53.2783605]]]}}, {"type": "Feature", "properties": {"levels": 1.0, "addr": "улица 8 Марта 3", "name": "", "type": "yes", "tagged": true}, "geometry": {"type": "Polygon", "coordinates": [[[69.3970357, 53.2944995], [69.3971881, 53.2945131], [69.3972049, 53.2944461], [69.3970526, 53.2944324], [69.3970357, 53.2944995]]]}}, {"type": "Feature", "properties": {"levels": 2, "addr": "", "name": "", "type": "yes", "tagged": false}, "geometry": {"type": "Polygon", "coordinates": [[[69.4027787, 53.2931881], [69.4029444, 53.2932074], [69.4029636, 53.2931487], [69.4027979, 53.2931294], [69.4027787, 53.2931881]]]}}, {"type": "Feature", "properties": {"levels": 1.0, "addr": "улица Ашимова 147", "name": "", "type": "yes", "tagged": true}, "geometry": {"type": "Polygon", "coordinates": [[[69.3880494, 53.2792713], [69.3882284, 53.2792896], [69.3882606, 53.2791766], [69.3880816, 53.2791584], [69.3880494, 53.2792713]]]}}, {"type": "Feature", "properties": {"levels": 2, "addr": "", "name": "", "type": "yes", "tagged": false}, "geometry": {"type": "Polygon", "coordinates": [[[69.395956, 53.2934355], [69.3960395, 53.2934452], [69.3960586, 53.2933863], [69.3959751, 53.2933766], [69.395956, 53.2934355]]]}}, {"type": "Feature", "properties": {"levels": 2, "addr": "", "name": "", "type": "yes", "tagged": false}, "geometry": {"type": "Polygon", "coordinates": [[[69.4021181, 53.2928079], [69.402207, 53.292824], [69.4022485, 53.2927423], [69.4021596, 53.2927262], [69.4021181, 53.2928079]]]}}, {"type": "Feature", "properties": {"levels": 2, "addr": "улица Каныша Сатпаева 29", "name": "", "type": "yes", "tagged": false}, "geometry": {"type": "Polygon", "coordinates": [[[69.3837117, 53.2780748], [69.3839727, 53.2780975], [69.3839958, 53.2780024], [69.3837348, 53.2779798], [69.3837117, 53.2780748]]]}}, {"type": "Feature", "properties": {"levels": 2, "addr": "", "name": "", "type": "yes", "tagged": false}, "geometry": {"type": "Polygon", "coordinates": [[[69.3892491, 53.297226], [69.389338, 53.2972002], [69.3892674, 53.2971132], [69.3891785, 53.2971389], [69.3892491, 53.297226]]]}}, {"type": "Feature", "properties": {"levels": 2, "addr": "улица Сабатаева 149", "name": "", "type": "yes", "tagged": false}, "geometry": {"type": "Polygon", "coordinates": [[[69.3898709, 53.2803923], [69.3903907, 53.280447], [69.3904432, 53.2802687], [69.3899234, 53.2802139], [69.3898709, 53.2803923]]]}}, {"type": "Feature", "properties": {"levels": 2, "addr": "", "name": "", "type": "yes", "tagged": false}, "geometry": {"type": "Polygon", "coordinates": [[[69.3958974, 53.2943202], [69.3960097, 53.294327], [69.3960251, 53.2942364], [69.3959128, 53.2942296], [69.3958974, 53.2943202]]]}}, {"type": "Feature", "properties": {"levels": 1.0, "addr": "улица Елемесова 19", "name": "", "type": "yes", "tagged": true}, "geometry": {"type": "Polygon", "coordinates": [[[69.3896775, 53.2923386], [69.389928, 53.2923627], [69.389963, 53.2922331], [69.3897125, 53.292209], [69.3896775, 53.2923386]]]}}, {"type": "Feature", "properties": {"levels": 3.0, "addr": "улица Малика Габдуллина 123", "name": "", "type": "yes", "tagged": true}, "geometry": {"type": "Polygon", "coordinates": [[[69.3990049, 53.2794255], [69.3994241, 53.2794619], [69.3994533, 53.2793417], [69.399034, 53.2793054], [69.3990049, 53.2794255]]]}}, {"type": "Feature", "properties": {"levels": 2, "addr": "", "name": "", "type": "yes", "tagged": false}, "geometry": {"type": "Polygon", "coordinates": [[[69.3980083, 53.292523], [69.3982076, 53.2925487], [69.3982409, 53.2924567], [69.3980416, 53.292431], [69.3980083, 53.292523]]]}}, {"type": "Feature", "properties": {"levels": 1.0, "addr": "улица Жумабека Ташенова 33", "name": "", "type": "yes", "tagged": true}, "geometry": {"type": "Polygon", "coordinates": [[[69.400206, 53.2903904], [69.4003891, 53.2904129], [69.4004233, 53.2903136], [69.4002402, 53.2902911], [69.400206, 53.2903904]]]}}, {"type": "Feature", "properties": {"levels": 2, "addr": "", "name": "", "type": "yes", "tagged": false}, "geometry": {"type": "Polygon", "coordinates": [[[69.3939821, 53.2917276], [69.3941006, 53.291734], [69.3941075, 53.2916886], [69.393989, 53.2916822], [69.3939821, 53.2917276]]]}}, {"type": "Feature", "properties": {"levels": 1.0, "addr": "улица Тлеулина 132", "name": "", "type": "yes", "tagged": true}, "geometry": {"type": "Polygon", "coordinates": [[[69.3979663, 53.2938735], [69.3980687, 53.2938847], [69.3980882, 53.2938213], [69.3979859, 53.29381], [69.3979663, 53.2938735]]]}}, {"type": "Feature", "properties": {"levels": 1.0, "addr": "улица Тлеулина 110", "name": "", "type": "yes", "tagged": true}, "geometry": {"type": "Polygon", "coordinates": [[[69.3934293, 53.2932544], [69.3940346, 53.293317], [69.3940706, 53.2931927], [69.3936946, 53.2931538], [69.3937138, 53.2930874], [69.3934847, 53.2930637], [69.3934293, 53.2932544]]]}}, {"type": "Feature", "properties": {"levels": 1.0, "addr": "улица Жумабека Ташенова 11", "name": "", "type": "yes", "tagged": true}, "geometry": {"type": "Polygon", "coordinates": [[[69.3994169, 53.2926566], [69.3996081, 53.2926775], [69.3996347, 53.2925906], [69.3994435, 53.2925696], [69.3994169, 53.2926566]]]}}, {"type": "Feature", "properties": {"levels": 1.0, "addr": "улица Ильяса Есенберлина 76", "name": "", "type": "yes", "tagged": true}, "geometry": {"type": "Polygon", "coordinates": [[[69.3867555, 53.2782309], [69.3869918, 53.2782514], [69.3870197, 53.2781361], [69.3867835, 53.2781156], [69.3867555, 53.2782309]]]}}, {"type": "Feature", "properties": {"levels": 1.0, "addr": "улица Тлеулина 102", "name": "", "type": "yes", "tagged": true}, "geometry": {"type": "Polygon", "coordinates": [[[69.3919858, 53.2930986], [69.3923063, 53.2931356], [69.392351, 53.2929974], [69.3920305, 53.2929604], [69.3919858, 53.2930986]]]}}, {"type": "Feature", "properties": {"levels": 1.0, "addr": "улица 8 Марта 9", "name": "", "type": "yes", "tagged": true}, "geometry": {"type": "Polygon", "coordinates": [[[69.3971919, 53.2940692], [69.3973404, 53.2940851], [69.3973757, 53.2939676], [69.3972272, 53.2939516], [69.3971919, 53.2940692]]]}}, {"type": "Feature", "properties": {"levels": 1.0, "addr": "улица Ашимова 114", "name": "", "type": "yes", "tagged": true}, "geometry": {"type": "Polygon", "coordinates": [[[69.3842725, 53.2784155], [69.3844525, 53.2784312], [69.3844751, 53.2783379], [69.3842952, 53.2783223], [69.3842725, 53.2784155]]]}}, {"type": "Feature", "properties": {"levels": 2, "addr": "", "name": "", "type": "yes", "tagged": false}, "geometry": {"type": "Polygon", "coordinates": [[[69.3871836, 53.2913368], [69.3873893, 53.2913573], [69.3874162, 53.2912607], [69.3872106, 53.2912402], [69.3871836, 53.2913368]]]}}, {"type": "Feature", "properties": {"levels": 2, "addr": "улица Садвакасова 11", "name": "", "type": "yes", "tagged": false}, "geometry": {"type": "Polygon", "coordinates": [[[69.3923445, 53.2912951], [69.3925878, 53.2913184], [69.3926952, 53.2909171], [69.3919494, 53.2908459], [69.3918405, 53.2912533], [69.3920942, 53.2912775], [69.3921639, 53.2910173], [69.3924125, 53.2910411], [69.3923445, 53.2912951]]]}}, {"type": "Feature", "properties": {"levels": 2, "addr": "", "name": "", "type": "yes", "tagged": false}, "geometry": {"type": "Polygon", "coordinates": [[[69.4015608, 53.2904817], [69.4017722, 53.290492], [69.4017778, 53.2904506], [69.4015664, 53.2904404], [69.4015608, 53.2904817]]]}}, {"type": "Feature", "properties": {"levels": 1.0, "addr": "улица 8 Марта 8", "name": "", "type": "yes", "tagged": true}, "geometry": {"type": "Polygon", "coordinates": [[[69.3963668, 53.2942797], [69.3965095, 53.2942958], [69.3965364, 53.2942104], [69.3963937, 53.2941943], [69.3963668, 53.2942797]]]}}, {"type": "Feature", "properties": {"levels": 2, "addr": "улица Янко 94", "name": "", "type": "detached", "tagged": false}, "geometry": {"type": "Polygon", "coordinates": [[[69.3964579, 53.2786174], [69.3966926, 53.2786378], [69.3967199, 53.2785253], [69.3964852, 53.2785049], [69.3964579, 53.2786174]]]}}, {"type": "Feature", "properties": {"levels": 2, "addr": "улица Акана-серэ 115/1", "name": "", "type": "yes", "tagged": false}, "geometry": {"type": "Polygon", "coordinates": [[[69.389423, 53.2817722], [69.3895468, 53.2817818], [69.3895793, 53.2816331], [69.3894554, 53.2816235], [69.389423, 53.2817722]]]}}, {"type": "Feature", "properties": {"levels": 1.0, "addr": "улица Садвакасова 45", "name": "", "type": "detached", "tagged": true}, "geometry": {"type": "Polygon", "coordinates": [[[69.3952588, 53.279237], [69.3953864, 53.2792481], [69.3954108, 53.2791475], [69.3952833, 53.2791364], [69.3952588, 53.279237]]]}}, {"type": "Feature", "properties": {"levels": 2, "addr": "", "name": "", "type": "yes", "tagged": false}, "geometry": {"type": "Polygon", "coordinates": [[[69.3912558, 53.2923788], [69.3914012, 53.2923933], [69.3914507, 53.2922158], [69.3913005, 53.2922033], [69.3912702, 53.2923114], [69.3912558, 53.2923788]]]}}, {"type": "Feature", "properties": {"levels": 1.0, "addr": "улица Ашимова 158", "name": "", "type": "detached", "tagged": true}, "geometry": {"type": "Polygon", "coordinates": [[[69.3936943, 53.2792745], [69.3938397, 53.2792858], [69.393868, 53.2791555], [69.3937225, 53.2791443], [69.3936943, 53.2792745]]]}}, {"type": "Feature", "properties": {"levels": 1.0, "addr": "улица Ашимова 184", "name": "", "type": "yes", "tagged": true}, "geometry": {"type": "Polygon", "coordinates": [[[69.3992804, 53.2797696], [69.3995078, 53.2797893], [69.3995451, 53.2796355], [69.3993177, 53.2796158], [69.3992804, 53.2797696]]]}}, {"type": "Feature", "properties": {"levels": 1.0, "addr": "улица Жумабека Ташенова 44а", "name": "", "type": "yes", "tagged": true}, "geometry": {"type": "Polygon", "coordinates": [[[69.3999027, 53.287998], [69.4002125, 53.2880227], [69.4002374, 53.287911], [69.3999276, 53.2878863], [69.3999027, 53.287998]]]}}, {"type": "Feature", "properties": {"levels": 2, "addr": "", "name": "", "type": "yes", "tagged": false}, "geometry": {"type": "Polygon", "coordinates": [[[69.3917672, 53.2798599], [69.3918472, 53.2798645], [69.3918584, 53.2797938], [69.3917785, 53.2797892], [69.3917672, 53.2798599]]]}}, {"type": "Feature", "properties": {"levels": 2, "addr": "", "name": "", "type": "yes", "tagged": false}, "geometry": {"type": "Polygon", "coordinates": [[[69.4003442, 53.2909969], [69.4005045, 53.2910396], [69.4005419, 53.2909893], [69.4003817, 53.2909467], [69.4003442, 53.2909969]]]}}, {"type": "Feature", "properties": {"levels": 1.0, "addr": "улица Ашимова 126/2", "name": "", "type": "yes", "tagged": true}, "geometry": {"type": "Polygon", "coordinates": [[[69.3863959, 53.2785975], [69.3865281, 53.278609], [69.3865523, 53.2785093], [69.3864201, 53.2784978], [69.3863959, 53.2785975]]]}}, {"type": "Feature", "properties": {"levels": 2, "addr": "улица Елемесова 17а", "name": "", "type": "yes", "tagged": false}, "geometry": {"type": "Polygon", "coordinates": [[[69.3902393, 53.2925725], [69.390423, 53.2925926], [69.3904707, 53.292437], [69.390287, 53.2924169], [69.3902393, 53.2925725]]]}}, {"type": "Feature", "properties": {"levels": 1.0, "addr": "улица Жумабека Ташенова 26", "name": "", "type": "yes", "tagged": true}, "geometry": {"type": "Polygon", "coordinates": [[[69.3993097, 53.2912823], [69.399482, 53.2913023], [69.3995153, 53.2911996], [69.3993429, 53.2911798], [69.3993097, 53.2912823]]]}}, {"type": "Feature", "properties": {"levels": 1.0, "addr": "улица Садвакасова 57", "name": "", "type": "detached", "tagged": true}, "geometry": {"type": "Polygon", "coordinates": [[[69.3955032, 53.2780812], [69.3957276, 53.2781034], [69.3957476, 53.2780246], [69.3955212, 53.2779987], [69.3955032, 53.2780812]]]}}, {"type": "Feature", "properties": {"levels": 2, "addr": "", "name": "", "type": "yes", "tagged": false}, "geometry": {"type": "Polygon", "coordinates": [[[69.4015445, 53.2905916], [69.4016603, 53.2905997], [69.4016745, 53.2905266], [69.4015587, 53.2905186], [69.4015445, 53.2905916]]]}}, {"type": "Feature", "properties": {"levels": 2, "addr": "", "name": "", "type": "yes", "tagged": false}, "geometry": {"type": "Polygon", "coordinates": [[[69.4013886, 53.2796389], [69.401652, 53.2796618], [69.4016748, 53.2795678], [69.4014114, 53.279545], [69.4013886, 53.2796389]]]}}, {"type": "Feature", "properties": {"levels": 2, "addr": "улица Сакена Жунусова 67", "name": "", "type": "yes", "tagged": false}, "geometry": {"type": "Polygon", "coordinates": [[[69.3955876, 53.2950439], [69.3957276, 53.2950616], [69.3957681, 53.2949472], [69.3956281, 53.2949295], [69.3955876, 53.2950439]]]}}, {"type": "Feature", "properties": {"levels": 2, "addr": "улица Янко 99", "name": "", "type": "detached", "tagged": false}, "geometry": {"type": "Polygon", "coordinates": [[[69.397037, 53.2793113], [69.3972281, 53.2793279], [69.397266, 53.2791717], [69.3970749, 53.2791551], [69.397037, 53.2793113]]]}}, {"type": "Feature", "properties": {"levels": 2, "addr": "улица Калинина 76", "name": "", "type": "yes", "tagged": false}, "geometry": {"type": "Polygon", "coordinates": [[[69.3847951, 53.2782197], [69.3849564, 53.2782336], [69.3849889, 53.2780998], [69.3848276, 53.2780858], [69.3847951, 53.2782197]]]}}, {"type": "Feature", "properties": {"levels": 2, "addr": "улица Потанина 19", "name": "", "type": "yes", "tagged": false}, "geometry": {"type": "Polygon", "coordinates": [[[69.387619, 53.2925116], [69.3878871, 53.29254], [69.3879265, 53.2924075], [69.3876583, 53.292379], [69.387619, 53.2925116]]]}}, {"type": "Feature", "properties": {"levels": 1.0, "addr": "улица Жумабека Ташенова 13", "name": "", "type": "yes", "tagged": true}, "geometry": {"type": "Polygon", "coordinates": [[[69.3999798, 53.2925455], [69.4001467, 53.2925665], [69.4001663, 53.2925107], [69.3999993, 53.2924898], [69.3999798, 53.2925455]]]}}, {"type": "Feature", "properties": {"levels": 2, "addr": "", "name": "", "type": "yes", "tagged": false}, "geometry": {"type": "Polygon", "coordinates": [[[69.3913264, 53.2911697], [69.3915816, 53.291188], [69.3916396, 53.290898], [69.3913844, 53.2908798], [69.3913264, 53.2911697]]]}}, {"type": "Feature", "properties": {"levels": 2, "addr": "улица Буденного 22а", "name": "", "type": "yes", "tagged": false}, "geometry": {"type": "Polygon", "coordinates": [[[69.4018078, 53.2906589], [69.4019945, 53.2906544], [69.4019821, 53.2904724], [69.4017954, 53.290477], [69.4018078, 53.2906589]]]}}, {"type": "Feature", "properties": {"levels": 2, "addr": "улица Пушкина 8а/2", "name": "", "type": "yes", "tagged": false}, "geometry": {"type": "Polygon", "coordinates": [[[69.4027099, 53.2880009], [69.4028109, 53.2880032], [69.4028154, 53.287932], [69.4027144, 53.2879297], [69.4027099, 53.2880009]]]}}, {"type": "Feature", "properties": {"levels": 1.0, "addr": "улица Тлеулина 12", "name": "", "type": "yes", "tagged": true}, "geometry": {"type": "Polygon", "coordinates": [[[69.3965404, 53.293677], [69.3967182, 53.2936995], [69.3967506, 53.2936082], [69.3965728, 53.2935857], [69.3965404, 53.293677]]]}}, {"type": "Feature", "properties": {"levels": 1.0, "addr": "улица Ильяса Есенберлина 101", "name": "", "type": "yes", "tagged": true}, "geometry": {"type": "Polygon", "coordinates": [[[69.3875325, 53.2782767], [69.3877006, 53.2782913], [69.3877412, 53.2781241], [69.3875731, 53.2781095], [69.3875325, 53.2782767]]]}}, {"type": "Feature", "properties": {"levels": 1.0, "addr": "проспект Нурсултана Назарбаева 14", "name": "", "type": "yes", "tagged": true}, "geometry": {"type": "Polygon", "coordinates": [[[69.385429, 53.2893704], [69.3855544, 53.2893835], [69.3857636, 53.2886647], [69.3856416, 53.288652], [69.385429, 53.2893704]]]}}, {"type": "Feature", "properties": {"levels": 1.0, "addr": "улица Жумабека Ташенова 26/4", "name": "", "type": "yes", "tagged": true}, "geometry": {"type": "Polygon", "coordinates": [[[69.399383, 53.2911116], [69.3995658, 53.2911139], [69.3995696, 53.2910043], [69.3993868, 53.291002], [69.399383, 53.2911116]]]}}, {"type": "Feature", "properties": {"levels": 1.0, "addr": "улица Тлеулина 98", "name": "", "type": "yes", "tagged": true}, "geometry": {"type": "Polygon", "coordinates": [[[69.3907341, 53.2929155], [69.3914576, 53.2929953], [69.3914999, 53.2928582], [69.3907764, 53.2927784], [69.3907341, 53.2929155]]]}}, {"type": "Feature", "properties": {"levels": 2, "addr": "улица Тлеулина 102а", "name": "", "type": "yes", "tagged": false}, "geometry": {"type": "Polygon", "coordinates": [[[69.3920069, 53.2927301], [69.3922547, 53.2927397], [69.3922744, 53.2925593], [69.3920266, 53.2925496], [69.3920069, 53.2927301]]]}}, {"type": "Feature", "properties": {"levels": 1.0, "addr": "улица Ашимова 164", "name": "", "type": "detached", "tagged": true}, "geometry": {"type": "Polygon", "coordinates": [[[69.3950562, 53.2793877], [69.3952483, 53.2794044], [69.395283, 53.2792613], [69.3950909, 53.2792446], [69.3950562, 53.2793877]]]}}, {"type": "Feature", "properties": {"levels": 1.0, "addr": "улица Наурызбай батыра 131", "name": "", "type": "yes", "tagged": true}, "geometry": {"type": "Polygon", "coordinates": [[[69.3902698, 53.2770958], [69.3904955, 53.2771154], [69.3905296, 53.2769747], [69.3903039, 53.2769551], [69.3902698, 53.2770958]]]}}, {"type": "Feature", "properties": {"levels": 1.0, "addr": "улица Малика Габдуллина 17", "name": "", "type": "yes", "tagged": true}, "geometry": {"type": "Polygon", "coordinates": [[[69.3951813, 53.2941085], [69.3953775, 53.2941301], [69.3954, 53.2940572], [69.3952038, 53.2940355], [69.3951813, 53.2941085]]]}}, {"type": "Feature", "properties": {"levels": 1.0, "addr": "улица Юрия Гагарина 127", "name": "", "type": "yes", "tagged": true}, "geometry": {"type": "Polygon", "coordinates": [[[69.4002615, 53.2919874], [69.4003746, 53.2920067], [69.400417, 53.291918], [69.4003039, 53.2918987], [69.4002615, 53.2919874]]]}}, {"type": "Feature", "properties": {"levels": 2, "addr": "", "name": "", "type": "yes", "tagged": false}, "geometry": {"type": "Polygon", "coordinates": [[[69.3892721, 53.2819267], [69.389253, 53.2820127], [69.3893742, 53.2820224], [69.3893933, 53.2819364], [69.3892721, 53.2819267]]]}}, {"type": "Feature", "properties": {"levels": 1.0, "addr": "улица Мухтара Ауэзова 211", "name": "", "type": "yes", "tagged": true}, "geometry": {"type": "Polygon", "coordinates": [[[69.4013725, 53.2898302], [69.4014557, 53.2898379], [69.4014826, 53.2897336], [69.4013995, 53.289726], [69.4013725, 53.2898302]]]}}, {"type": "Feature", "properties": {"levels": 2.0, "addr": "улица Ашимова 150", "name": "", "type": "yes", "tagged": true}, "geometry": {"type": "Polygon", "coordinates": [[[69.3919462, 53.2790902], [69.3921462, 53.2791039], [69.392172, 53.2789689], [69.391972, 53.2789552], [69.3919462, 53.2790902]]]}}, {"type": "Feature", "properties": {"levels": 1.0, "addr": "улица Тлеулина 88/1", "name": "", "type": "yes", "tagged": true}, "geometry": {"type": "Polygon", "coordinates": [[[69.3888407, 53.2926577], [69.3891111, 53.2926829], [69.3891528, 53.2925238], [69.3888823, 53.2924985], [69.3888407, 53.2926577]]]}}, {"type": "Feature", "properties": {"levels": 1.0, "addr": "улица Ахмета Байтурсынова 116", "name": "", "type": "yes", "tagged": true}, "geometry": {"type": "Polygon", "coordinates": [[[69.4001653, 53.2929721], [69.4003242, 53.2929801], [69.4003394, 53.2928733], [69.4001805, 53.2928652], [69.4001653, 53.2929721]]]}}, {"type": "Feature", "properties": {"levels": 2, "addr": "улица Островского 162", "name": "", "type": "detached", "tagged": false}, "geometry": {"type": "Polygon", "coordinates": [[[69.3952368, 53.2785125], [69.3955115, 53.278535], [69.3955277, 53.2784644], [69.395253, 53.2784418], [69.3952368, 53.2785125]]]}}, {"type": "Feature", "properties": {"levels": 1.0, "addr": "улица Малика Габдуллина 22", "name": "", "type": "yes", "tagged": true}, "geometry": {"type": "Polygon", "coordinates": [[[69.3946564, 53.2931508], [69.3948583, 53.293169], [69.3949015, 53.2929979], [69.3946997, 53.2929797], [69.3946564, 53.2931508]]]}}, {"type": "Feature", "properties": {"levels": 2, "addr": "улица Калинина 83", "name": "", "type": "yes", "tagged": false}, "geometry": {"type": "Polygon", "coordinates": [[[69.3857269, 53.2783751], [69.3859085, 53.2783909], [69.3859273, 53.2783132], [69.3857458, 53.2782975], [69.3857269, 53.2783751]]]}}, {"type": "Feature", "properties": {"levels": 1.0, "addr": "улица Ахмета Байтурсынова 135", "name": "", "type": "yes", "tagged": true}, "geometry": {"type": "Polygon", "coordinates": [[[69.3977102, 53.2931015], [69.3978567, 53.2931232], [69.3979144, 53.2929834], [69.3977678, 53.2929618], [69.3977102, 53.2931015]]]}}, {"type": "Feature", "properties": {"levels": 1.0, "addr": "улица Ашимова 128", "name": "", "type": "yes", "tagged": true}, "geometry": {"type": "Polygon", "coordinates": [[[69.3866289, 53.2786029], [69.3868734, 53.2786265], [69.3869199, 53.278454], [69.3866755, 53.2784304], [69.3866289, 53.2786029]]]}}, {"type": "Feature", "properties": {"levels": 2, "addr": "", "name": "", "type": "yes", "tagged": false}, "geometry": {"type": "Polygon", "coordinates": [[[69.3874779, 53.2948736], [69.3875331, 53.2949248], [69.3876405, 53.2948835], [69.3875853, 53.2948323], [69.3874779, 53.2948736]]]}}, {"type": "Feature", "properties": {"levels": 1.0, "addr": "улица Ашимова 172", "name": "", "type": "yes", "tagged": true}, "geometry": {"type": "Polygon", "coordinates": [[[69.3969981, 53.2795169], [69.3970887, 53.2795247], [69.3971993, 53.2795343], [69.3972227, 53.2794379], [69.3970215, 53.2794204], [69.3969981, 53.2795169]]]}}, {"type": "Feature", "properties": {"levels": 1.0, "addr": "улица Юрия Гагарина 100", "name": "", "type": "yes", "tagged": true}, "geometry": {"type": "Polygon", "coordinates": [[[69.3981303, 53.2913904], [69.3982883, 53.2914107], [69.3983144, 53.2913386], [69.3981564, 53.2913182], [69.3981303, 53.2913904]]]}}, {"type": "Feature", "properties": {"levels": 2, "addr": "улица Тлеулина 115", "name": "", "type": "yes", "tagged": false}, "geometry": {"type": "Polygon", "coordinates": [[[69.3981995, 53.2943306], [69.3983519, 53.294342], [69.398366, 53.2942742], [69.3982137, 53.2942628], [69.3981995, 53.2943306]]]}}, {"type": "Feature", "properties": {"levels": 2, "addr": "улица Островского 98а", "name": "", "type": "yes", "tagged": false}, "geometry": {"type": "Polygon", "coordinates": [[[69.3959097, 53.2785416], [69.3960686, 53.2785561], [69.3960829, 53.2784999], [69.395924, 53.2784854], [69.3959097, 53.2785416]]]}}, {"type": "Feature", "properties": {"levels": 1.0, "addr": "улица Сабатаева 124", "name": "", "type": "yes", "tagged": true}, "geometry": {"type": "Polygon", "coordinates": [[[69.3876533, 53.2799181], [69.3878437, 53.2799363], [69.3878886, 53.2797686], [69.3876982, 53.2797504], [69.3876533, 53.2799181]]]}}, {"type": "Feature", "properties": {"levels": 2, "addr": "улица Малика Габдуллина 43/1", "name": "", "type": "yes", "tagged": false}, "geometry": {"type": "Polygon", "coordinates": [[[69.3937997, 53.2949718], [69.3940377, 53.2949911], [69.394064, 53.2948756], [69.393826, 53.2948562], [69.3937997, 53.2949718]]]}}, {"type": "Feature", "properties": {"levels": 2, "addr": "", "name": "", "type": "yes", "tagged": false}, "geometry": {"type": "Polygon", "coordinates": [[[69.3961647, 53.2948559], [69.3962352, 53.29489], [69.3962637, 53.294869], [69.3961932, 53.2948349], [69.3961647, 53.2948559]]]}}, {"type": "Feature", "properties": {"levels": 2, "addr": "", "name": "", "type": "yes", "tagged": false}, "geometry": {"type": "Polygon", "coordinates": [[[69.4013425, 53.2928369], [69.4014745, 53.292861], [69.4015395, 53.2927341], [69.4014075, 53.2927099], [69.4013425, 53.2928369]]]}}, {"type": "Feature", "properties": {"levels": 1.0, "addr": "улица Островского 175", "name": "", "type": "detached", "tagged": true}, "geometry": {"type": "Polygon", "coordinates": [[[69.3971625, 53.2788821], [69.3973883, 53.2789017], [69.3974157, 53.2787886], [69.39719, 53.278769], [69.3971625, 53.2788821]]]}}, {"type": "Feature", "properties": {"levels": 1.0, "addr": "улица Островского 109", "name": "", "type": "yes", "tagged": true}, "geometry": {"type": "Polygon", "coordinates": [[[69.3837712, 53.2776891], [69.3840124, 53.27771], [69.3840398, 53.2775969], [69.3837986, 53.277576], [69.3837712, 53.2776891]]]}}, {"type": "Feature", "properties": {"levels": 2, "addr": "", "name": "", "type": "yes", "tagged": false}, "geometry": {"type": "Polygon", "coordinates": [[[69.3868118, 53.2926171], [69.3869423, 53.2926296], [69.386962, 53.2925562], [69.3869987, 53.2925545], [69.3870163, 53.2924883], [69.3868505, 53.2924725], [69.3868118, 53.2926171]]]}}, {"type": "Feature", "properties": {"levels": 2, "addr": "", "name": "", "type": "yes", "tagged": false}, "geometry": {"type": "Polygon", "coordinates": [[[69.3895961, 53.2807082], [69.3899503, 53.2807378], [69.3899721, 53.2806447], [69.3896179, 53.2806151], [69.3895961, 53.2807082]]]}}, {"type": "Feature", "properties": {"levels": 1.0, "addr": "улица Ильяса Есенберлина 113", "name": "", "type": "yes", "tagged": true}, "geometry": {"type": "Polygon", "coordinates": [[[69.3878549, 53.277144], [69.3879899, 53.2771557], [69.388009, 53.2770768], [69.387874, 53.2770651], [69.3878549, 53.277144]]]}}, {"type": "Feature", "properties": {"levels": 1.0, "addr": "улица Малика Габдуллина 13", "name": "", "type": "yes", "tagged": true}, "geometry": {"type": "Polygon", "coordinates": [[[69.3952137, 53.2942724], [69.3953946, 53.2942883], [69.3954173, 53.2941964], [69.3952364, 53.2941805], [69.3952137, 53.2942724]]]}}, {"type": "Feature", "properties": {"levels": 2, "addr": "улица Абая 141Б", "name": "", "type": "yes", "tagged": false}, "geometry": {"type": "Polygon", "coordinates": [[[69.4027786, 53.2882147], [69.4031252, 53.288233], [69.4031413, 53.2881235], [69.4027947, 53.2881053], [69.4027786, 53.2882147]]]}}, {"type": "Feature", "properties": {"levels": 1.0, "addr": "улица Буденного 1", "name": "", "type": "yes", "tagged": true}, "geometry": {"type": "Polygon", "coordinates": [[[69.402479, 53.2929163], [69.402599, 53.2929504], [69.4026777, 53.2928517], [69.4025577, 53.2928175], [69.402479, 53.2929163]]]}}, {"type": "Feature", "properties": {"levels": 1.0, "addr": "улица Жумабека Ташенова 105", "name": "", "type": "yes", "tagged": true}, "geometry": {"type": "Polygon", "coordinates": [[[69.4031017, 53.2793519], [69.4033349, 53.2793722], [69.4033615, 53.2792624], [69.4031283, 53.2792422], [69.4031017, 53.2793519]]]}}, {"type": "Feature", "properties": {"levels": 1.0, "addr": "улица Мухтара Ауэзова 264", "name": "", "type": "yes", "tagged": true}, "geometry": {"type": "Polygon", "coordinates": [[[69.3986664, 53.2890386], [69.3989304, 53.2890676], [69.3989647, 53.2889559], [69.3987007, 53.2889269], [69.3986664, 53.2890386]]]}}, {"type": "Feature", "properties": {"levels": 1.0, "addr": "улица Ахмета Байтурсынова 100", "name": "", "type": "yes", "tagged": true}, "geometry": {"type": "Polygon", "coordinates": [[[69.3978418, 53.2926723], [69.3979711, 53.2926852], [69.3980004, 53.29258], [69.3978712, 53.2925671], [69.3978418, 53.2926723]]]}}, {"type": "Feature", "properties": {"levels": 2, "addr": "", "name": "", "type": "yes", "tagged": false}, "geometry": {"type": "Polygon", "coordinates": [[[69.391691, 53.2802892], [69.3917958, 53.2802994], [69.3918486, 53.2801063], [69.3917439, 53.2800961], [69.391691, 53.2802892]]]}}, {"type": "Feature", "properties": {"levels": 2, "addr": "", "name": "", "type": "yes", "tagged": false}, "geometry": {"type": "Polygon", "coordinates": [[[69.401224, 53.2903904], [69.4013048, 53.2903968], [69.4013295, 53.290286], [69.4012487, 53.2902795], [69.401224, 53.2903904]]]}}, {"type": "Feature", "properties": {"levels": 2, "addr": "", "name": "", "type": "yes", "tagged": false}, "geometry": {"type": "Polygon", "coordinates": [[[69.3911587, 53.2796066], [69.3915214, 53.2796381], [69.3915419, 53.279554], [69.3911791, 53.2795225], [69.3911587, 53.2796066]]]}}, {"type": "Feature", "properties": {"levels": 1.0, "addr": "улица Жумабека Ташенова 6", "name": "", "type": "yes", "tagged": true}, "geometry": {"type": "Polygon", "coordinates": [[[69.3986773, 53.2934345], [69.3988416, 53.2934441], [69.3988516, 53.2933833], [69.3986873, 53.2933736], [69.3986773, 53.2934345]]]}}, {"type": "Feature", "properties": {"levels": 2, "addr": "", "name": "", "type": "yes", "tagged": false}, "geometry": {"type": "Polygon", "coordinates": [[[69.3887731, 53.2915748], [69.3889382, 53.2915946], [69.3889577, 53.2915363], [69.3887925, 53.2915166], [69.3887731, 53.2915748]]]}}, {"type": "Feature", "properties": {"levels": 1.0, "addr": "улица Ахмета Байтурсынова 110", "name": "", "type": "yes", "tagged": true}, "geometry": {"type": "Polygon", "coordinates": [[[69.3988998, 53.2927902], [69.3990452, 53.2928095], [69.3990718, 53.2927381], [69.3989263, 53.2927188], [69.3988998, 53.2927902]]]}}, {"type": "Feature", "properties": {"levels": 1.0, "addr": "улица Ашимова 120а", "name": "", "type": "yes", "tagged": true}, "geometry": {"type": "Polygon", "coordinates": [[[69.385675, 53.2785216], [69.385859, 53.2785375], [69.3858731, 53.2784794], [69.385689, 53.2784635], [69.385675, 53.2785216]]]}}, {"type": "Feature", "properties": {"levels": 1.0, "addr": "улица 8 Марта 4", "name": "", "type": "yes", "tagged": true}, "geometry": {"type": "Polygon", "coordinates": [[[69.3961432, 53.2943763], [69.3962375, 53.2943859], [69.3962687, 53.294277], [69.3961745, 53.2942673], [69.3961432, 53.2943763]]]}}, {"type": "Feature", "properties": {"levels": 1.0, "addr": "улица Магзи Абулкасымова 156", "name": "", "type": "yes", "tagged": true}, "geometry": {"type": "Polygon", "coordinates": [[[69.3967769, 53.2901048], [69.3969196, 53.2901248], [69.3969501, 53.290047], [69.3968074, 53.290027], [69.3967769, 53.2901048]]]}}, {"type": "Feature", "properties": {"levels": 1.0, "addr": "улица Ашимова 194", "name": "", "type": "yes", "tagged": true}, "geometry": {"type": "Polygon", "coordinates": [[[69.4009653, 53.2798975], [69.401155, 53.279911], [69.4011817, 53.2797764], [69.400992, 53.2797629], [69.4009653, 53.2798975]]]}}, {"type": "Feature", "properties": {"levels": 2, "addr": "улица Магзи Абулкасымова 192", "name": "", "type": "yes", "tagged": false}, "geometry": {"type": "Polygon", "coordinates": [[[69.4009138, 53.2902165], [69.4010323, 53.2902294], [69.4010764, 53.2900842], [69.4009579, 53.2900713], [69.4009138, 53.2902165]]]}}, {"type": "Feature", "properties": {"levels": 2, "addr": "улица Тлеулина 119", "name": "", "type": "yes", "tagged": false}, "geometry": {"type": "Polygon", "coordinates": [[[69.398186, 53.2941716], [69.3983612, 53.2941876], [69.3983847, 53.2940954], [69.3982094, 53.2940794], [69.398186, 53.2941716]]]}}, {"type": "Feature", "properties": {"levels": 1.0, "addr": "улица Островского 117", "name": "", "type": "yes", "tagged": true}, "geometry": {"type": "Polygon", "coordinates": [[[69.384947, 53.2778023], [69.3851485, 53.2778198], [69.385176, 53.2777062], [69.3849746, 53.2776887], [69.384947, 53.2778023]]]}}, {"type": "Feature", "properties": {"levels": 2, "addr": "улица Ахмета Байтурсынова 68", "name": "", "type": "yes", "tagged": false}, "geometry": {"type": "Polygon", "coordinates": [[[69.3885309, 53.2915459], [69.388685, 53.291563], [69.388707, 53.2914921], [69.3885529, 53.291475], [69.3885309, 53.2915459]]]}}, {"type": "Feature", "properties": {"levels": 1.0, "addr": "улица Жумабека Ташенова 17", "name": "", "type": "yes", "tagged": true}, "geometry": {"type": "Polygon", "coordinates": [[[69.3994788, 53.2924377], [69.3997399, 53.2924536], [69.3997533, 53.2923747], [69.3994923, 53.2923588], [69.3994788, 53.2924377]]]}}, {"type": "Feature", "properties": {"levels": 2, "addr": "улица Тлеулина 121", "name": "", "type": "yes", "tagged": false}, "geometry": {"type": "Polygon", "coordinates": [[[69.397922, 53.2941291], [69.3980809, 53.2941484], [69.3981084, 53.2940676], [69.3979495, 53.2940483], [69.397922, 53.2941291]]]}}, {"type": "Feature", "properties": {"levels": 1.0, "addr": "улица Янко 96", "name": "", "type": "detached", "tagged": true}, "geometry": {"type": "Polygon", "coordinates": [[[69.3965776, 53.2784049], [69.3967338, 53.2784162], [69.3967558, 53.2783073], [69.3965996, 53.2782961], [69.3965776, 53.2784049]]]}}, {"type": "Feature", "properties": {"levels": 2, "addr": "", "name": "", "type": "yes", "tagged": false}, "geometry": {"type": "Polygon", "coordinates": [[[69.3899577, 53.2908806], [69.3907425, 53.2909508], [69.3906766, 53.2912143], [69.3908945, 53.2912338], [69.3909906, 53.2908492], [69.389988, 53.2907596], [69.3899577, 53.2908806]]]}}, {"type": "Feature", "properties": {"levels": 1.0, "addr": "улица Ахмета Байтурсынова 117", "name": "", "type": "yes", "tagged": true}, "geometry": {"type": "Polygon", "coordinates": [[[69.3944812, 53.2926568], [69.3947186, 53.2926852], [69.394749, 53.2925941], [69.3945117, 53.2925657], [69.3944812, 53.2926568]]]}}, {"type": "Feature", "properties": {"levels": 2, "addr": "", "name": "", "type": "yes", "tagged": false}, "geometry": {"type": "Polygon", "coordinates": [[[69.4030985, 53.2876], [69.4032356, 53.2876023], [69.4032404, 53.2874986], [69.4031033, 53.2874964], [69.4030985, 53.2876]]]}}, {"type": "Feature", "properties": {"levels": 1.0, "addr": "улица Тлеулина 104", "name": "", "type": "yes", "tagged": true}, "geometry": {"type": "Polygon", "coordinates": [[[69.3923467, 53.2931126], [69.3927151, 53.2931548], [69.392762, 53.2930083], [69.3923936, 53.2929662], [69.3923467, 53.2931126]]]}}, {"type": "Feature", "properties": {"levels": 1.0, "addr": "улица Малика Габдуллина 34", "name": "", "type": "yes", "tagged": true}, "geometry": {"type": "Polygon", "coordinates": [[[69.3949754, 53.2917034], [69.3951797, 53.2917252], [69.3952886, 53.2913593], [69.3946848, 53.2912951], [69.3946467, 53.2914229], [69.3950463, 53.2914655], [69.3949754, 53.2917034]]]}}, {"type": "Feature", "properties": {"levels": 2, "addr": "улица Малика Габдуллина 53в", "name": "", "type": "yes", "tagged": false}, "geometry": {"type": "Polygon", "coordinates": [[[69.3964916, 53.2896104], [69.3967544, 53.2896332], [69.396797, 53.2894576], [69.3965342, 53.2894348], [69.3964916, 53.2896104]]]}}, {"type": "Feature", "properties": {"levels": 2.0, "addr": "улица Акана-серэ 119а", "name": "", "type": "yes", "tagged": true}, "geometry": {"type": "Polygon", "coordinates": [[[69.3896372, 53.2821083], [69.3898692, 53.2821383], [69.3899656, 53.281816], [69.3904952, 53.2818712], [69.390419, 53.2821861], [69.3906639, 53.2822126], [69.390753, 53.2818017], [69.3905066, 53.2817236], [69.3901222, 53.2816878], [69.3897497, 53.2816939], [69.3896372, 53.2821083]]]}}, {"type": "Feature", "properties": {"levels": 1.0, "addr": "улица 8 Марта 1", "name": "", "type": "yes", "tagged": true}, "geometry": {"type": "Polygon", "coordinates": [[[69.3970015, 53.2946884], [69.3971233, 53.2946975], [69.3971397, 53.2946191], [69.3970179, 53.2946099], [69.3970015, 53.2946884]]]}}, {"type": "Feature", "properties": {"levels": 1.0, "addr": "улица 8 Марта 44", "name": "", "type": "yes", "tagged": true}, "geometry": {"type": "Polygon", "coordinates": [[[69.3973735, 53.2893848], [69.3977946, 53.2894356], [69.3977364, 53.289608], [69.3979254, 53.2896308], [69.3980219, 53.2893439], [69.3974064, 53.2892652], [69.3973735, 53.2893848]]]}}, {"type": "Feature", "properties": {"levels": 1.0, "addr": "улица Островского 165", "name": "", "type": "religious", "tagged": true}, "geometry": {"type": "Polygon", "coordinates": [[[69.3951949, 53.2788185], [69.3953796, 53.2788346], [69.3954151, 53.2786882], [69.3952304, 53.2786722], [69.3951949, 53.2788185]]]}}, {"type": "Feature", "properties": {"levels": 1.0, "addr": "улица Жумабека Ташенова 44", "name": "", "type": "yes", "tagged": true}, "geometry": {"type": "Polygon", "coordinates": [[[69.3999307, 53.2882903], [69.4002546, 53.2883126], [69.400276, 53.2882018], [69.3999521, 53.2881795], [69.3999307, 53.2882903]]]}}, {"type": "Feature", "properties": {"levels": 2, "addr": "", "name": "", "type": "yes", "tagged": false}, "geometry": {"type": "Polygon", "coordinates": [[[69.3903835, 53.2807919], [69.3909545, 53.2808354], [69.3909705, 53.2807603], [69.3905667, 53.2807295], [69.3905791, 53.2806715], [69.3904119, 53.2806588], [69.3903835, 53.2807919]]]}}, {"type": "Feature", "properties": {"levels": 2, "addr": "", "name": "", "type": "yes", "tagged": false}, "geometry": {"type": "Polygon", "coordinates": [[[69.3999944, 53.2920629], [69.4001237, 53.2920774], [69.4001514, 53.2919891], [69.4000221, 53.2919746], [69.3999944, 53.2920629]]]}}, {"type": "Feature", "properties": {"levels": 1.0, "addr": "улица Жумабека Ташенова 29", "name": "", "type": "yes", "tagged": true}, "geometry": {"type": "Polygon", "coordinates": [[[69.4001339, 53.2908314], [69.4002928, 53.2908491], [69.4003153, 53.2907771], [69.4001564, 53.2907594], [69.4001339, 53.2908314]]]}}, {"type": "Feature", "properties": {"levels": 2, "addr": "улица Потанина 46а", "name": "", "type": "yes", "tagged": false}, "geometry": {"type": "Polygon", "coordinates": [[[69.3875653, 53.2886833], [69.3878081, 53.2887052], [69.3879125, 53.2882917], [69.3876712, 53.2882681], [69.3876333, 53.2884081], [69.3875653, 53.2886833]]]}}, {"type": "Feature", "properties": {"levels": 2, "addr": "", "name": "", "type": "yes", "tagged": false}, "geometry": {"type": "Polygon", "coordinates": [[[69.3955919, 53.2791344], [69.3956539, 53.2791424], [69.3956747, 53.2790851], [69.3956128, 53.279077], [69.3955919, 53.2791344]]]}}, {"type": "Feature", "properties": {"levels": 2, "addr": "улица Малика Габдуллина 18", "name": "", "type": "yes", "tagged": false}, "geometry": {"type": "Polygon", "coordinates": [[[69.3943712, 53.2939349], [69.3946225, 53.2939576], [69.3946905, 53.2936894], [69.3944391, 53.2936667], [69.3943712, 53.2939349]]]}}, {"type": "Feature", "properties": {"levels": 1.0, "addr": "улица Магзи Абулкасымова 168", "name": "", "type": "yes", "tagged": true}, "geometry": {"type": "Polygon", "coordinates": [[[69.4001898, 53.2905852], [69.4003029, 53.2905964], [69.4003216, 53.2905293], [69.4002085, 53.2905181], [69.4001898, 53.2905852]]]}}, {"type": "Feature", "properties": {"levels": 1.0, "addr": "улица Тлеулина 128", "name": "", "type": "yes", "tagged": true}, "geometry": {"type": "Polygon", "coordinates": [[[69.39774, 53.2937707], [69.3978262, 53.2937804], [69.3978431, 53.2937265], [69.3977569, 53.2937169], [69.39774, 53.2937707]]]}}, {"type": "Feature", "properties": {"levels": 1.0, "addr": "улица Тлеулина 99а", "name": "", "type": "yes", "tagged": true}, "geometry": {"type": "Polygon", "coordinates": [[[69.3954985, 53.2939537], [69.3956203, 53.293964], [69.395636, 53.2938972], [69.3955142, 53.2938869], [69.3954985, 53.2939537]]]}}, {"type": "Feature", "properties": {"levels": 2, "addr": "", "name": "", "type": "yes", "tagged": false}, "geometry": {"type": "Polygon", "coordinates": [[[69.3911749, 53.2808868], [69.391379, 53.2809045], [69.3914568, 53.280584], [69.3912527, 53.2805663], [69.3911749, 53.2808868]]]}}, {"type": "Feature", "properties": {"levels": 2, "addr": "улица Малика Габдуллина 96", "name": "", "type": "yes", "tagged": false}, "geometry": {"type": "Polygon", "coordinates": [[[69.3984242, 53.2789637], [69.3985922, 53.2789783], [69.3986136, 53.27889], [69.3984457, 53.2788754], [69.3984242, 53.2789637]]]}}, {"type": "Feature", "properties": {"levels": 2, "addr": "улица Ахмета Байтурсынова 66", "name": "", "type": "yes", "tagged": false}, "geometry": {"type": "Polygon", "coordinates": [[[69.3881455, 53.2914919], [69.3883415, 53.291509], [69.3883671, 53.2914043], [69.3881711, 53.2913872], [69.3881455, 53.2914919]]]}}, {"type": "Feature", "properties": {"levels": 2, "addr": "улица 8 Марта 16", "name": "", "type": "yes", "tagged": false}, "geometry": {"type": "Polygon", "coordinates": [[[69.3966374, 53.2931989], [69.3968744, 53.2932117], [69.39689, 53.2931093], [69.396653, 53.2930964], [69.3966374, 53.2931989]]]}}, {"type": "Feature", "properties": {"levels": 1.0, "addr": "проспект Нурсултана Назарбаева 96", "name": "", "type": "yes", "tagged": true}, "geometry": {"type": "Polygon", "coordinates": [[[69.3886639, 53.2785583], [69.3888579, 53.2785751], [69.3888818, 53.2784763], [69.3886878, 53.2784595], [69.3886639, 53.2785583]]]}}, {"type": "Feature", "properties": {"levels": 2, "addr": "", "name": "", "type": "yes", "tagged": false}, "geometry": {"type": "Polygon", "coordinates": [[[69.3956713, 53.2951244], [69.3958598, 53.2951486], [69.3958795, 53.2950936], [69.395691, 53.2950695], [69.3956713, 53.2951244]]]}}, {"type": "Feature", "properties": {"levels": 2, "addr": "улица Малика Габдуллина 53Б", "name": "", "type": "yes", "tagged": false}, "geometry": {"type": "Polygon", "coordinates": [[[69.3965601, 53.2894351], [69.3968534, 53.2894625], [69.3968776, 53.2893695], [69.3965843, 53.2893422], [69.3965601, 53.2894351]]]}}, {"type": "Feature", "properties": {"levels": 2, "addr": "", "name": "", "type": "yes", "tagged": false}, "geometry": {"type": "Polygon", "coordinates": [[[69.402032, 53.2929641], [69.4020697, 53.2928965], [69.4018564, 53.292854], [69.4018187, 53.2929216], [69.402032, 53.2929641]]]}}, {"type": "Feature", "properties": {"levels": 1.0, "addr": "улица Ашимова 110", "name": "", "type": "yes", "tagged": true}, "geometry": {"type": "Polygon", "coordinates": [[[69.3837643, 53.2783111], [69.3839564, 53.2783277], [69.3839889, 53.2781939], [69.3837968, 53.2781772], [69.3837643, 53.2783111]]]}}, {"type": "Feature", "properties": {"levels": 2, "addr": "", "name": "", "type": "yes", "tagged": false}, "geometry": {"type": "Polygon", "coordinates": [[[69.3869227, 53.2912628], [69.3870446, 53.2912776], [69.3870674, 53.2912104], [69.3869456, 53.2911956], [69.3869227, 53.2912628]]]}}, {"type": "Feature", "properties": {"levels": 1.0, "addr": "улица Ахмета Байтурсынова 111а/1", "name": "", "type": "yes", "tagged": true}, "geometry": {"type": "Polygon", "coordinates": [[[69.392767, 53.2926537], [69.3929507, 53.2926725], [69.3930413, 53.2923555], [69.3928577, 53.2923367], [69.392767, 53.2926537]]]}}, {"type": "Feature", "properties": {"levels": 1.0, "addr": "улица Ахмета Байтурсынова 112", "name": "", "type": "yes", "tagged": true}, "geometry": {"type": "Polygon", "coordinates": [[[69.3993265, 53.2928517], [69.3994343, 53.2928662], [69.399463, 53.2927897], [69.3993553, 53.2927752], [69.3993265, 53.2928517]]]}}, {"type": "Feature", "properties": {"levels": 2, "addr": "улица Наурызбай батыра 123/1", "name": "", "type": "yes", "tagged": false}, "geometry": {"type": "Polygon", "coordinates": [[[69.388875, 53.2768847], [69.3889918, 53.2768948], [69.3890115, 53.2768136], [69.3888947, 53.2768035], [69.388875, 53.2768847]]]}}, {"type": "Feature", "properties": {"levels": 1.0, "addr": "улица Сакена Жунусова 68", "name": "", "type": "yes", "tagged": true}, "geometry": {"type": "Polygon", "coordinates": [[[69.3950519, 53.2945002], [69.3952488, 53.2945217], [69.3953102, 53.2943206], [69.3951132, 53.2942991], [69.3950519, 53.2945002]]]}}, {"type": "Feature", "properties": {"levels": 2, "addr": "улица Юрия Гагарина 93", "name": "", "type": "yes", "tagged": false}, "geometry": {"type": "Polygon", "coordinates": [[[69.3941202, 53.2913102], [69.3942671, 53.2913302], [69.3942941, 53.2912593], [69.3941472, 53.2912394], [69.3941202, 53.2913102]]]}}, {"type": "Feature", "properties": {"levels": 2, "addr": "улица Пушкина", "name": "", "type": "yes", "tagged": false}, "geometry": {"type": "Polygon", "coordinates": [[[69.4019499, 53.2884215], [69.4024479, 53.28847], [69.4024692, 53.2883918], [69.4019713, 53.2883432], [69.4019499, 53.2884215]]]}}, {"type": "Feature", "properties": {"levels": 2, "addr": "улица Кудайбердиева 100", "name": "", "type": "yes", "tagged": false}, "geometry": {"type": "Polygon", "coordinates": [[[69.3989498, 53.2876905], [69.3992431, 53.2877155], [69.399272, 53.2875944], [69.3989787, 53.2875694], [69.3989498, 53.2876905]]]}}, {"type": "Feature", "properties": {"levels": 2, "addr": "", "name": "", "type": "yes", "tagged": false}, "geometry": {"type": "Polygon", "coordinates": [[[69.3949079, 53.2896824], [69.3955112, 53.2897371], [69.3955247, 53.2896838], [69.3949214, 53.289629], [69.3949079, 53.2896824]]]}}, {"type": "Feature", "properties": {"levels": 2, "addr": "", "name": "", "type": "yes", "tagged": false}, "geometry": {"type": "Polygon", "coordinates": [[[69.3987287, 53.2875401], [69.3988969, 53.2875556], [69.3989156, 53.287483], [69.3987474, 53.2874675], [69.3987287, 53.2875401]]]}}, {"type": "Feature", "properties": {"levels": 2, "addr": "улица Ашимова 163", "name": "", "type": "yes", "tagged": false}, "geometry": {"type": "Polygon", "coordinates": [[[69.3911611, 53.2794576], [69.3917725, 53.2795066], [69.3918116, 53.2793323], [69.3912002, 53.2792832], [69.3911611, 53.2794576]]]}}, {"type": "Feature", "properties": {"levels": 1.0, "addr": "улица Ахмета Байтурсынова 95", "name": "", "type": "yes", "tagged": true}, "geometry": {"type": "Polygon", "coordinates": [[[69.3890285, 53.2920001], [69.3890847, 53.2920058], [69.3890732, 53.2920463], [69.3892234, 53.2920615], [69.3892349, 53.2920211], [69.3893492, 53.2920327], [69.3893999, 53.2918547], [69.3890796, 53.2918221], [69.3890285, 53.2920001]]]}}, {"type": "Feature", "properties": {"levels": 1.0, "addr": "улица Юрия Гагарина 115", "name": "", "type": "yes", "tagged": true}, "geometry": {"type": "Polygon", "coordinates": [[[69.398213, 53.2918018], [69.3983477, 53.2918195], [69.3983627, 53.2917786], [69.3982281, 53.2917609], [69.398213, 53.2918018]]]}}, {"type": "Feature", "properties": {"levels": 2, "addr": "", "name": "", "type": "yes", "tagged": false}, "geometry": {"type": "Polygon", "coordinates": [[[69.3934847, 53.2930637], [69.3937138, 53.2930874], [69.3937837, 53.2928711], [69.3935485, 53.2928495], [69.3934847, 53.2930637]]]}}, {"type": "Feature", "properties": {"levels": 1.0, "addr": "улица Ашимова 126/1", "name": "", "type": "yes", "tagged": true}, "geometry": {"type": "Polygon", "coordinates": [[[69.3861845, 53.2785765], [69.3863412, 53.27859], [69.3863717, 53.2784645], [69.386215, 53.2784509], [69.3861845, 53.2785765]]]}}, {"type": "Feature", "properties": {"levels": 1.0, "addr": "улица 8 Марта 2", "name": "", "type": "yes", "tagged": true}, "geometry": {"type": "Polygon", "coordinates": [[[69.3962024, 53.2945146], [69.3962886, 53.2945243], [69.3963115, 53.2944513], [69.3962253, 53.2944416], [69.3962024, 53.2945146]]]}}, {"type": "Feature", "properties": {"levels": 1.0, "addr": "улица Ильяса Есенберлина 107", "name": "", "type": "yes", "tagged": true}, "geometry": {"type": "Polygon", "coordinates": [[[69.3877751, 53.2775451], [69.3880039, 53.2775649], [69.3880304, 53.2774557], [69.3878016, 53.2774359], [69.3877751, 53.2775451]]]}}, {"type": "Feature", "properties": {"levels": 1.0, "addr": "улица Ахмета Байтурсынова 137", "name": "", "type": "yes", "tagged": true}, "geometry": {"type": "Polygon", "coordinates": [[[69.3984462, 53.2931512], [69.3985539, 53.2931609], [69.3985795, 53.293059], [69.3984718, 53.2930493], [69.3984462, 53.2931512]]]}}, {"type": "Feature", "properties": {"levels": 2, "addr": "улица Островского 164", "name": "", "type": "detached", "tagged": false}, "geometry": {"type": "Polygon", "coordinates": [[[69.3957589, 53.2783067], [69.3959878, 53.2783212], [69.3960046, 53.2782264], [69.3957757, 53.278212], [69.3957589, 53.2783067]]]}}, {"type": "Feature", "properties": {"levels": 1.0, "addr": "улица Малика Габдуллина 24", "name": "", "type": "yes", "tagged": true}, "geometry": {"type": "Polygon", "coordinates": [[[69.3948012, 53.2929687], [69.3949802, 53.2929846], [69.3950092, 53.2928681], [69.3948302, 53.2928521], [69.3948012, 53.2929687]]]}}, {"type": "Feature", "properties": {"levels": 1.0, "addr": "улица Жумабека Ташенова 7", "name": "", "type": "yes", "tagged": true}, "geometry": {"type": "Polygon", "coordinates": [[[69.3994044, 53.2932353], [69.3995802, 53.2932571], [69.3995964, 53.2932104], [69.3994206, 53.2931887], [69.3994044, 53.2932353]]]}}, {"type": "Feature", "properties": {"levels": 2, "addr": "улица Янко 101", "name": "", "type": "detached", "tagged": false}, "geometry": {"type": "Polygon", "coordinates": [[[69.3971031, 53.2790506], [69.3972987, 53.2790676], [69.3973233, 53.2789663], [69.3971276, 53.2789494], [69.3971031, 53.2790506]]]}}, {"type": "Feature", "properties": {"levels": 1.0, "addr": "улица Жумабека Ташенова 34", "name": "", "type": "yes", "tagged": true}, "geometry": {"type": "Polygon", "coordinates": [[[69.3996651, 53.2900144], [69.399948, 53.2900405], [69.3999956, 53.2898563], [69.3997127, 53.2898302], [69.3996651, 53.2900144]]]}}, {"type": "Feature", "properties": {"levels": 2, "addr": "", "name": "", "type": "yes", "tagged": false}, "geometry": {"type": "Polygon", "coordinates": [[[69.3883812, 53.2922924], [69.3885057, 53.2923092], [69.3885951, 53.2920716], [69.3884706, 53.2920548], [69.3884079, 53.2922213], [69.3883812, 53.2922924]]]}}, {"type": "Feature", "properties": {"levels": 1.0, "addr": "улица Островского 157", "name": "", "type": "detached", "tagged": true}, "geometry": {"type": "Polygon", "coordinates": [[[69.3933108, 53.2785305], [69.3934589, 53.278545], [69.393487, 53.2784423], [69.3933389, 53.2784278], [69.3933108, 53.2785305]]]}}, {"type": "Feature", "properties": {"levels": 2, "addr": "улица Мухтара Ауэзова 278Б", "name": "", "type": "yes", "tagged": false}, "geometry": {"type": "Polygon", "coordinates": [[[69.4024683, 53.288958], [69.4027997, 53.2889944], [69.4028351, 53.2888792], [69.4025038, 53.2888428], [69.4024683, 53.288958]]]}}, {"type": "Feature", "properties": {"levels": 1.0, "addr": "улица Буденного 5", "name": "", "type": "yes", "tagged": true}, "geometry": {"type": "Polygon", "coordinates": [[[69.4019779, 53.2926742], [69.4020937, 53.2927], [69.4021595, 53.2925942], [69.4020437, 53.2925685], [69.4019779, 53.2926742]]]}}, {"type": "Feature", "properties": {"levels": 2, "addr": "улица Кудайбердиева 102", "name": "", "type": "yes", "tagged": false}, "geometry": {"type": "Polygon", "coordinates": [[[69.3995859, 53.2877474], [69.3997915, 53.2877679], [69.399818, 53.287673], [69.3996123, 53.2876525], [69.3995859, 53.2877474]]]}}, {"type": "Feature", "properties": {"levels": 2.0, "addr": "улица Жумабека Ташенова 42", "name": "Sandyq", "type": "yes", "tagged": true}, "geometry": {"type": "Polygon", "coordinates": [[[69.3999556, 53.2885844], [69.4001798, 53.288603], [69.4002354, 53.2883638], [69.4000112, 53.2883452], [69.3999556, 53.2885844]]]}}, {"type": "Feature", "properties": {"levels": 2, "addr": "", "name": "", "type": "yes", "tagged": false}, "geometry": {"type": "Polygon", "coordinates": [[[69.390353, 53.2810259], [69.390528, 53.281042], [69.390569, 53.2808828], [69.3903939, 53.2808667], [69.390353, 53.2810259]]]}}, {"type": "Feature", "properties": {"levels": 2, "addr": "", "name": "", "type": "yes", "tagged": false}, "geometry": {"type": "Polygon", "coordinates": [[[69.389031, 53.2967608], [69.3890983, 53.2967994], [69.3892406, 53.2967108], [69.3891733, 53.2966722], [69.389031, 53.2967608]]]}}, {"type": "Feature", "properties": {"levels": 2, "addr": "улица Малика Габдуллина 38", "name": "", "type": "yes", "tagged": false}, "geometry": {"type": "Polygon", "coordinates": [[[69.3951153, 53.2894103], [69.395627, 53.2894473], [69.3956445, 53.2893607], [69.3951328, 53.2893237], [69.3951153, 53.2894103]]]}}, {"type": "Feature", "properties": {"levels": 1.0, "addr": "улица Жумабека Ташенова 98", "name": "", "type": "yes", "tagged": true}, "geometry": {"type": "Polygon", "coordinates": [[[69.4023004, 53.2797017], [69.4025311, 53.2797217], [69.4025602, 53.2796017], [69.4023295, 53.2795817], [69.4023004, 53.2797017]]]}}, {"type": "Feature", "properties": {"levels": 3.0, "addr": "улица Ашимова 101", "name": "", "type": "yes", "tagged": true}, "geometry": {"type": "Polygon", "coordinates": [[[69.377963, 53.2782837], [69.378617, 53.2783284], [69.3786356, 53.2782204], [69.3779879, 53.2781813], [69.377963, 53.2782837]]]}}, {"type": "Feature", "properties": {"levels": 2, "addr": "", "name": "", "type": "yes", "tagged": false}, "geometry": {"type": "Polygon", "coordinates": [[[69.4013263, 53.2900056], [69.4014314, 53.2900169], [69.4014619, 53.2899151], [69.4013569, 53.2899039], [69.4013263, 53.2900056]]]}}, {"type": "Feature", "properties": {"levels": 1.0, "addr": "улица Тлеулина 103", "name": "", "type": "yes", "tagged": true}, "geometry": {"type": "Polygon", "coordinates": [[[69.3959384, 53.2939009], [69.3960489, 53.2939179], [69.3960886, 53.2938262], [69.3959781, 53.2938091], [69.3959384, 53.2939009]]]}}, {"type": "Feature", "properties": {"levels": 1.0, "addr": "улица 8 Марта 17", "name": "", "type": "yes", "tagged": true}, "geometry": {"type": "Polygon", "coordinates": [[[69.3974223, 53.293302], [69.397598, 53.2933214], [69.3976115, 53.293278], [69.3974358, 53.2932585], [69.3974223, 53.293302]]]}}, {"type": "Feature", "properties": {"levels": 1.0, "addr": "улица Магзи Абулкасымова 160", "name": "", "type": "yes", "tagged": true}, "geometry": {"type": "Polygon", "coordinates": [[[69.3974118, 53.2902107], [69.3975491, 53.2902284], [69.397588, 53.2901207], [69.3974506, 53.290103], [69.3974118, 53.2902107]]]}}, {"type": "Feature", "properties": {"levels": 1.0, "addr": "улица Ахмета Байтурсынова 114", "name": "", "type": "yes", "tagged": true}, "geometry": {"type": "Polygon", "coordinates": [[[69.3996889, 53.2928192], [69.3998235, 53.2928369], [69.3998665, 53.2927201], [69.3997319, 53.2927024], [69.3996889, 53.2928192]]]}}, {"type": "Feature", "properties": {"levels": 2, "addr": "", "name": "", "type": "yes", "tagged": false}, "geometry": {"type": "Polygon", "coordinates": [[[69.3898806, 53.2894075], [69.3905967, 53.2894824], [69.3907018, 53.2891237], [69.3904477, 53.2890971], [69.3904633, 53.2890437], [69.3901562, 53.2890116], [69.3901094, 53.2891711], [69.3899546, 53.2891549], [69.3898806, 53.2894075]]]}}, {"type": "Feature", "properties": {"levels": 1.0, "addr": "улица Тлеулина 116", "name": "", "type": "yes", "tagged": true}, "geometry": {"type": "Polygon", "coordinates": [[[69.394706, 53.293383], [69.3948583, 53.2933967], [69.3948884, 53.2932769], [69.394736, 53.2932633], [69.394706, 53.293383]]]}}, {"type": "Feature", "properties": {"levels": 2, "addr": "", "name": "", "type": "yes", "tagged": false}, "geometry": {"type": "Polygon", "coordinates": [[[69.3944012, 53.2906271], [69.3946303, 53.2906482], [69.3946606, 53.2905305], [69.3947775, 53.2905413], [69.3948971, 53.2900766], [69.3945512, 53.2900448], [69.3944012, 53.2906271]]]}}, {"type": "Feature", "properties": {"levels": 1.0, "addr": "улица Юрия Гагарина 117", "name": "", "type": "yes", "tagged": true}, "geometry": {"type": "Polygon", "coordinates": [[[69.3984985, 53.2918388], [69.3986601, 53.2918565], [69.3986834, 53.2917806], [69.3985218, 53.2917629], [69.3984985, 53.2918388]]]}}, {"type": "Feature", "properties": {"levels": 2, "addr": "улица Ахмета Байтурсынова 129", "name": "", "type": "yes", "tagged": false}, "geometry": {"type": "Polygon", "coordinates": [[[69.3966482, 53.2929767], [69.3968044, 53.2929976], [69.396833, 53.2929213], [69.3966768, 53.2929003], [69.3966482, 53.2929767]]]}}, {"type": "Feature", "properties": {"levels": 2, "addr": "улица Ашимова 132", "name": "", "type": "yes", "tagged": false}, "geometry": {"type": "Polygon", "coordinates": [[[69.3880498, 53.2787332], [69.388173, 53.2787447], [69.388218, 53.2785715], [69.3880949, 53.2785601], [69.3880498, 53.2787332]]]}}, {"type": "Feature", "properties": {"levels": 2, "addr": "", "name": "", "type": "yes", "tagged": false}, "geometry": {"type": "Polygon", "coordinates": [[[69.3871028, 53.2945185], [69.3872608, 53.2945355], [69.3872771, 53.2944815], [69.3871191, 53.2944645], [69.3871028, 53.2945185]]]}}, {"type": "Feature", "properties": {"levels": 1.0, "addr": "улица Елемесова 83", "name": "", "type": "detached", "tagged": true}, "geometry": {"type": "Polygon", "coordinates": [[[69.3932192, 53.2788155], [69.3933916, 53.2788333], [69.3934399, 53.2786653], [69.3932675, 53.2786475], [69.3932192, 53.2788155]]]}}, {"type": "Feature", "properties": {"levels": 2, "addr": "улица Ахмета Байтурсынова 169", "name": "", "type": "yes", "tagged": false}, "geometry": {"type": "Polygon", "coordinates": [[[69.4002375, 53.2933355], [69.4003685, 53.2933368], [69.4003705, 53.2932683], [69.4002394, 53.2932669], [69.4002375, 53.2933355]]]}}, {"type": "Feature", "properties": {"levels": 1.0, "addr": "улица Ахмета Байтурсынова 109", "name": "", "type": "yes", "tagged": true}, "geometry": {"type": "Polygon", "coordinates": [[[69.3921565, 53.2924655], [69.3927444, 53.2925357], [69.3927833, 53.2924196], [69.3921954, 53.2923494], [69.3921565, 53.2924655]]]}}, {"type": "Feature", "properties": {"levels": 2, "addr": "", "name": "", "type": "yes", "tagged": false}, "geometry": {"type": "Polygon", "coordinates": [[[69.3949214, 53.289629], [69.3950237, 53.2896373], [69.3950949, 53.2893232], [69.3949927, 53.289315], [69.3949214, 53.289629]]]}}, {"type": "Feature", "properties": {"levels": 1.0, "addr": "улица Юрия Гагарина 123", "name": "", "type": "yes", "tagged": true}, "geometry": {"type": "Polygon", "coordinates": [[[69.3998194, 53.2918987], [69.3999352, 53.2919084], [69.3999522, 53.2918354], [69.3998364, 53.2918257], [69.3998194, 53.2918987]]]}}, {"type": "Feature", "properties": {"levels": 1.0, "addr": "улица Ашимова 166", "name": "", "type": "detached", "tagged": true}, "geometry": {"type": "Polygon", "coordinates": [[[69.3955459, 53.2793905], [69.3957895, 53.2794116], [69.3958234, 53.279272], [69.3955798, 53.2792509], [69.3955459, 53.2793905]]]}}, {"type": "Feature", "properties": {"levels": 1.0, "addr": "улица Юрия Гагарина 120", "name": "", "type": "yes", "tagged": true}, "geometry": {"type": "Polygon", "coordinates": [[[69.4004818, 53.2916655], [69.4005707, 53.2916639], [69.4005673, 53.2915963], [69.4004784, 53.2915979], [69.4004818, 53.2916655]]]}}, {"type": "Feature", "properties": {"levels": 1.0, "addr": "улица Малика Габдуллина 25", "name": "", "type": "yes", "tagged": true}, "geometry": {"type": "Polygon", "coordinates": [[[69.3954619, 53.2932897], [69.3956484, 53.2933088], [69.3956754, 53.2932146], [69.3954889, 53.2931954], [69.3954619, 53.2932897]]]}}, {"type": "Feature", "properties": {"levels": 1.0, "addr": "улица Сабатаева 142", "name": "", "type": "yes", "tagged": true}, "geometry": {"type": "Polygon", "coordinates": [[[69.3912872, 53.2802034], [69.3916633, 53.2802334], [69.3916942, 53.2800945], [69.3913181, 53.2800648], [69.3912872, 53.2802034]]]}}, {"type": "Feature", "properties": {"levels": 1.0, "addr": "улица Магзи Абулкасымова 158", "name": "", "type": "yes", "tagged": true}, "geometry": {"type": "Polygon", "coordinates": [[[69.3969685, 53.2901394], [69.3971113, 53.2901539], [69.3971429, 53.2900424], [69.3970002, 53.2900279], [69.3969685, 53.2901394]]]}}, {"type": "Feature", "properties": {"levels": 2, "addr": "улица Малика Габдуллина 36Б", "name": "", "type": "yes", "tagged": false}, "geometry": {"type": "Polygon", "coordinates": [[[69.3944801, 53.2909694], [69.3946303, 53.2906482], [69.3944012, 53.2906271], [69.3942975, 53.2909415], [69.3944801, 53.2909694]]]}}, {"type": "Feature", "properties": {"levels": 2, "addr": "улица Островского", "name": "", "type": "yes", "tagged": false}, "geometry": {"type": "Polygon", "coordinates": [[[69.3882425, 53.2776027], [69.3884201, 53.2776181], [69.3884636, 53.2774388], [69.388286, 53.2774234], [69.3882425, 53.2776027]]]}}, {"type": "Feature", "properties": {"levels": 2, "addr": "", "name": "", "type": "yes", "tagged": false}, "geometry": {"type": "Polygon", "coordinates": [[[69.3922976, 53.2952392], [69.3923972, 53.2952569], [69.392419, 53.2952131], [69.3923194, 53.2951954], [69.3922976, 53.2952392]]]}}, {"type": "Feature", "properties": {"levels": 2, "addr": "", "name": "", "type": "yes", "tagged": false}, "geometry": {"type": "Polygon", "coordinates": [[[69.3914411, 53.282179], [69.3917403, 53.2822001], [69.3917556, 53.2821226], [69.3914564, 53.2821016], [69.3914411, 53.282179]]]}}, {"type": "Feature", "properties": {"levels": 1.0, "addr": "улица Сабатаева 118", "name": "", "type": "yes", "tagged": true}, "geometry": {"type": "Polygon", "coordinates": [[[69.3853909, 53.2798543], [69.3856356, 53.2798796], [69.3856699, 53.2797612], [69.3854252, 53.2797359], [69.3853909, 53.2798543]]]}}, {"type": "Feature", "properties": {"levels": 2, "addr": "улица 8 Марта 15а", "name": "", "type": "yes", "tagged": false}, "geometry": {"type": "Polygon", "coordinates": [[[69.3973978, 53.2934033], [69.3975463, 53.2934164], [69.3975598, 53.2933617], [69.3974113, 53.2933486], [69.3973978, 53.2934033]]]}}, {"type": "Feature", "properties": {"levels": 1.0, "addr": "улица 8 Марта 15", "name": "", "type": "yes", "tagged": true}, "geometry": {"type": "Polygon", "coordinates": [[[69.3978586, 53.2934388], [69.3981775, 53.2934834], [69.3982071, 53.2934078], [69.3978882, 53.2933632], [69.3978586, 53.2934388]]]}}, {"type": "Feature", "properties": {"levels": 2, "addr": "улица Ахмета Байтурсынова 101/1", "name": "", "type": "yes", "tagged": false}, "geometry": {"type": "Polygon", "coordinates": [[[69.3902536, 53.2923252], [69.3908594, 53.2923812], [69.3908878, 53.2922718], [69.3902819, 53.2922157], [69.3902536, 53.2923252]]]}}, {"type": "Feature", "properties": {"levels": 2, "addr": "", "name": "", "type": "yes", "tagged": false}, "geometry": {"type": "Polygon", "coordinates": [[[69.3968993, 53.2895736], [69.3969613, 53.2895817], [69.3969998, 53.2894756], [69.3969379, 53.2894675], [69.3968993, 53.2895736]]]}}, {"type": "Feature", "properties": {"levels": 2, "addr": "улица 8 Марта 99", "name": "", "type": "yes", "tagged": false}, "geometry": {"type": "Polygon", "coordinates": [[[69.4010168, 53.279679], [69.4012691, 53.2796931], [69.4012865, 53.2795814], [69.4010342, 53.2795674], [69.4010168, 53.279679]]]}}, {"type": "Feature", "properties": {"levels": 1.0, "addr": "улица Тлеулина 105", "name": "", "type": "yes", "tagged": true}, "geometry": {"type": "Polygon", "coordinates": [[[69.3962211, 53.2939106], [69.3962953, 53.2939197], [69.3963146, 53.2938635], [69.3962404, 53.2938544], [69.3962211, 53.2939106]]]}}, {"type": "Feature", "properties": {"levels": 1.0, "addr": "улица Ахмета Байтурсынова 164", "name": "", "type": "yes", "tagged": true}, "geometry": {"type": "Polygon", "coordinates": [[[69.4012967, 53.2929962], [69.4014233, 53.2930171], [69.4014705, 53.2929151], [69.4013439, 53.2928942], [69.4012967, 53.2929962]]]}}, {"type": "Feature", "properties": {"levels": 2, "addr": "улица Калинина 78", "name": "", "type": "yes", "tagged": false}, "geometry": {"type": "Polygon", "coordinates": [[[69.3848876, 53.2779958], [69.3850455, 53.2780095], [69.3850791, 53.2778707], [69.3849212, 53.2778571], [69.3848876, 53.2779958]]]}}, {"type": "Feature", "properties": {"levels": 1.0, "addr": "улица Тлеулина 109", "name": "", "type": "yes", "tagged": true}, "geometry": {"type": "Polygon", "coordinates": [[[69.3965201, 53.2939594], [69.3966648, 53.2939764], [69.3966937, 53.2938889], [69.396549, 53.2938718], [69.3965201, 53.2939594]]]}}, {"type": "Feature", "properties": {"levels": 2, "addr": "улица Сакена Жунусова 33/1", "name": "", "type": "yes", "tagged": false}, "geometry": {"type": "Polygon", "coordinates": [[[69.3873691, 53.2939884], [69.3875354, 53.2940073], [69.3875603, 53.2939291], [69.3873941, 53.2939102], [69.3873691, 53.2939884]]]}}, {"type": "Feature", "properties": {"levels": 2, "addr": "улица Островского 189", "name": "", "type": "yes", "tagged": false}, "geometry": {"type": "Polygon", "coordinates": [[[69.3998798, 53.2791514], [69.4000353, 53.2791649], [69.4000697, 53.279023], [69.3999142, 53.2790095], [69.3998798, 53.2791514]]]}}, {"type": "Feature", "properties": {"levels": 2, "addr": "", "name": "", "type": "yes", "tagged": false}, "geometry": {"type": "Polygon", "coordinates": [[[69.4029576, 53.2875362], [69.4030775, 53.287542], [69.4030851, 53.2874851], [69.4029652, 53.2874793], [69.4029576, 53.2875362]]]}}, {"type": "Feature", "properties": {"levels": 2, "addr": "", "name": "", "type": "yes", "tagged": false}, "geometry": {"type": "Polygon", "coordinates": [[[69.398582, 53.2926308], [69.3986924, 53.2926469], [69.3987444, 53.2925195], [69.398634, 53.2925034], [69.398582, 53.2926308]]]}}, {"type": "Feature", "properties": {"levels": 2, "addr": "улица Островского 133", "name": "", "type": "yes", "tagged": false}, "geometry": {"type": "Polygon", "coordinates": [[[69.3880308, 53.2783158], [69.3881915, 53.2783298], [69.3882238, 53.2781967], [69.3880631, 53.2781827], [69.3880308, 53.2783158]]]}}, {"type": "Feature", "properties": {"levels": 2, "addr": "", "name": "", "type": "yes", "tagged": false}, "geometry": {"type": "Polygon", "coordinates": [[[69.3947704, 53.287713], [69.3948884, 53.2877244], [69.3949137, 53.2876307], [69.3947956, 53.2876193], [69.3947704, 53.287713]]]}}, {"type": "Feature", "properties": {"levels": 2, "addr": "", "name": "", "type": "yes", "tagged": false}, "geometry": {"type": "Polygon", "coordinates": [[[69.3958698, 53.293223], [69.3959856, 53.2932343], [69.395997, 53.2931925], [69.3958812, 53.2931812], [69.3958698, 53.293223]]]}}, {"type": "Feature", "properties": {"levels": 1.0, "addr": "улица Садвакасова 47", "name": "", "type": "detached", "tagged": true}, "geometry": {"type": "Polygon", "coordinates": [[[69.3951597, 53.2789884], [69.3953159, 53.2790019], [69.3953402, 53.2789015], [69.395184, 53.2788879], [69.3951597, 53.2789884]]]}}, {"type": "Feature", "properties": {"levels": 1.0, "addr": "улица Ашимова 120/2", "name": "", "type": "yes", "tagged": true}, "geometry": {"type": "Polygon", "coordinates": [[[69.385143, 53.2785198], [69.3854154, 53.2785435], [69.3854381, 53.2784501], [69.3851657, 53.2784264], [69.385143, 53.2785198]]]}}, {"type": "Feature", "properties": {"levels": 1.0, "addr": "улица Жумабека Ташенова 27", "name": "", "type": "yes", "tagged": true}, "geometry": {"type": "Polygon", "coordinates": [[[69.4000478, 53.290981], [69.400231, 53.291018], [69.4002612, 53.2909645], [69.4000781, 53.2909275], [69.4000478, 53.290981]]]}}, {"type": "Feature", "properties": {"levels": 1.0, "addr": "улица Сакена Жунусова 70", "name": "", "type": "yes", "tagged": true}, "geometry": {"type": "Polygon", "coordinates": [[[69.3958685, 53.2946016], [69.3959709, 53.2946145], [69.3959966, 53.2945415], [69.3958942, 53.2945286], [69.3958685, 53.2946016]]]}}, {"type": "Feature", "properties": {"levels": 2, "addr": "улица Жумабека Ташенова 107", "name": "", "type": "yes", "tagged": false}, "geometry": {"type": "Polygon", "coordinates": [[[69.4033447, 53.2789373], [69.4036287, 53.2789619], [69.4037557, 53.2784383], [69.4034717, 53.2784137], [69.4033447, 53.2789373]]]}}, {"type": "Feature", "properties": {"levels": 2, "addr": "", "name": "", "type": "yes", "tagged": false}, "geometry": {"type": "Polygon", "coordinates": [[[69.3882083, 53.2770869], [69.3884502, 53.2771079], [69.3884792, 53.2769882], [69.3882373, 53.2769672], [69.3882083, 53.2770869]]]}}, {"type": "Feature", "properties": {"levels": 2, "addr": "улица Сакена Жунусова 43а", "name": "", "type": "yes", "tagged": false}, "geometry": {"type": "Polygon", "coordinates": [[[69.3922975, 53.2944632], [69.3925641, 53.2944971], [69.3925996, 53.294397], [69.392333, 53.2943632], [69.3922975, 53.2944632]]]}}, {"type": "Feature", "properties": {"levels": 2, "addr": "", "name": "", "type": "yes", "tagged": false}, "geometry": {"type": "Polygon", "coordinates": [[[69.4016797, 53.2902129], [69.4017835, 53.2902271], [69.4018051, 53.2901707], [69.4017013, 53.2901564], [69.4016797, 53.2902129]]]}}, {"type": "Feature", "properties": {"levels": 2, "addr": "", "name": "", "type": "yes", "tagged": false}, "geometry": {"type": "Polygon", "coordinates": [[[69.3952983, 53.289289], [69.3953764, 53.2892978], [69.3954232, 53.2891503], [69.3953451, 53.2891415], [69.3952983, 53.289289]]]}}, {"type": "Feature", "properties": {"levels": 2, "addr": "", "name": "", "type": "yes", "tagged": false}, "geometry": {"type": "Polygon", "coordinates": [[[69.391283, 53.2906679], [69.3914861, 53.290687], [69.3915938, 53.2902781], [69.3913907, 53.290259], [69.391283, 53.2906679]]]}}, {"type": "Feature", "properties": {"levels": 1.0, "addr": "улица Тлеулина 114", "name": "", "type": "yes", "tagged": true}, "geometry": {"type": "Polygon", "coordinates": [[[69.3943098, 53.2933876], [69.3945995, 53.2934136], [69.3946337, 53.293277], [69.3943441, 53.293251], [69.3943098, 53.2933876]]]}}, {"type": "Feature", "properties": {"levels": 1.0, "addr": "улица Ахмета Байтурсынова 139", "name": "", "type": "yes", "tagged": true}, "geometry": {"type": "Polygon", "coordinates": [[[69.397942, 53.293069], [69.3980659, 53.2930723], [69.3980716, 53.2929947], [69.3979477, 53.2929915], [69.397942, 53.293069]]]}}, {"type": "Feature", "properties": {"levels": 1.0, "addr": "улица Жумабека Ташенова 20а", "name": "", "type": "yes", "tagged": true}, "geometry": {"type": "Polygon", "coordinates": [[[69.399056, 53.2919241], [69.3992014, 53.2919435], [69.3992352, 53.2918526], [69.3990898, 53.2918333], [69.399056, 53.2919241]]]}}, {"type": "Feature", "properties": {"levels": 2, "addr": "улица Наурызбай батыра 123", "name": "", "type": "yes", "tagged": false}, "geometry": {"type": "Polygon", "coordinates": [[[69.3888031, 53.277072], [69.3889572, 53.2770854], [69.388993, 53.276938], [69.3888388, 53.2769246], [69.3888031, 53.277072]]]}}, {"type": "Feature", "properties": {"levels": 2, "addr": "", "name": "", "type": "yes", "tagged": false}, "geometry": {"type": "Polygon", "coordinates": [[[69.3877141, 53.2948577], [69.3878558, 53.294997], [69.3879529, 53.2949617], [69.3878112, 53.2948224], [69.3877141, 53.2948577]]]}}, {"type": "Feature", "properties": {"levels": 1.0, "addr": "улица Ахмета Байтурсынова 86", "name": "ЖК Астана", "type": "yes", "tagged": true}, "geometry": {"type": "Polygon", "coordinates": [[[69.3937423, 53.2921252], [69.3946474, 53.2922384], [69.3946862, 53.2921276], [69.3939724, 53.2920384], [69.3940296, 53.2918748], [69.3938384, 53.2918509], [69.3937423, 53.2921252]]]}}, {"type": "Feature", "properties": {"levels": 1.0, "addr": "улица Ашимова 174", "name": "", "type": "yes", "tagged": true}, "geometry": {"type": "Polygon", "coordinates": [[[69.3976988, 53.2796556], [69.3978844, 53.2796717], [69.397919, 53.2795292], [69.3977334, 53.2795131], [69.3976988, 53.2796556]]]}}, {"type": "Feature", "properties": {"levels": 1.0, "addr": "улица Мухтара Ауэзова 203", "name": "", "type": "yes", "tagged": true}, "geometry": {"type": "Polygon", "coordinates": [[[69.3986198, 53.2895647], [69.3999849, 53.2897052], [69.4000296, 53.2895498], [69.3986645, 53.2894094], [69.3986198, 53.2895647]]]}}, {"type": "Feature", "properties": {"levels": 2.0, "addr": "улица Ашимова 154", "name": "", "type": "detached", "tagged": true}, "geometry": {"type": "Polygon", "coordinates": [[[69.3931599, 53.2792164], [69.3933161, 53.2792325], [69.3933483, 53.2791209], [69.3931921, 53.2791048], [69.3931599, 53.2792164]]]}}, {"type": "Feature", "properties": {"levels": 2, "addr": "улица Островского 187", "name": "", "type": "yes", "tagged": false}, "geometry": {"type": "Polygon", "coordinates": [[[69.3995295, 53.2791496], [69.3997902, 53.2791722], [69.3998191, 53.2790528], [69.3995585, 53.2790302], [69.3995295, 53.2791496]]]}}, {"type": "Feature", "properties": {"levels": 2, "addr": "", "name": "", "type": "roof", "tagged": false}, "geometry": {"type": "Polygon", "coordinates": [[[69.3940177, 53.2950933], [69.3941548, 53.2951047], [69.3942289, 53.294786], [69.3940918, 53.2947746], [69.3940177, 53.2950933]]]}}, {"type": "Feature", "properties": {"levels": 2, "addr": "", "name": "", "type": "yes", "tagged": false}, "geometry": {"type": "Polygon", "coordinates": [[[69.4016576, 53.2928578], [69.4017599, 53.2928755], [69.4018032, 53.2927863], [69.4017008, 53.2927686], [69.4016576, 53.2928578]]]}}, {"type": "Feature", "properties": {"levels": 1.0, "addr": "улица Юрия Гагарина 122", "name": "", "type": "yes", "tagged": true}, "geometry": {"type": "Polygon", "coordinates": [[[69.4006299, 53.2916978], [69.4007643, 53.2917197], [69.4007967, 53.2916488], [69.4006622, 53.2916269], [69.4006299, 53.2916978]]]}}, {"type": "Feature", "properties": {"levels": 1.0, "addr": "улица Наурызбай батыра 117", "name": "", "type": "yes", "tagged": true}, "geometry": {"type": "Polygon", "coordinates": [[[69.3879342, 53.2768543], [69.388083, 53.2768672], [69.3881015, 53.2767911], [69.3879526, 53.2767782], [69.3879342, 53.2768543]]]}}, {"type": "Feature", "properties": {"levels": 2, "addr": "улица Абая 41а", "name": "", "type": "yes", "tagged": false}, "geometry": {"type": "Polygon", "coordinates": [[[69.4020778, 53.2881874], [69.4025196, 53.2882193], [69.4025466, 53.2880856], [69.4021048, 53.2880537], [69.4020778, 53.2881874]]]}}, {"type": "Feature", "properties": {"levels": 2, "addr": "улица Островского 74а", "name": "", "type": "yes", "tagged": false}, "geometry": {"type": "Polygon", "coordinates": [[[69.3883708, 53.277832], [69.3885179, 53.2778448], [69.3885338, 53.2777794], [69.3883867, 53.2777666], [69.3883708, 53.277832]]]}}, {"type": "Feature", "properties": {"levels": 2, "addr": "", "name": "", "type": "yes", "tagged": false}, "geometry": {"type": "Polygon", "coordinates": [[[69.4008954, 53.2903179], [69.4011055, 53.2903372], [69.401122, 53.2902731], [69.4009119, 53.2902538], [69.4008954, 53.2903179]]]}}, {"type": "Feature", "properties": {"levels": 2, "addr": "", "name": "", "type": "yes", "tagged": false}, "geometry": {"type": "Polygon", "coordinates": [[[69.3911172, 53.2917597], [69.3913001, 53.2917802], [69.3913885, 53.2914984], [69.3912056, 53.2914779], [69.3911172, 53.2917597]]]}}, {"type": "Feature", "properties": {"levels": 1.0, "addr": "улица Тлеулина 11", "name": "", "type": "yes", "tagged": true}, "geometry": {"type": "Polygon", "coordinates": [[[69.3973091, 53.2936887], [69.3974841, 53.293708], [69.3975016, 53.2936513], [69.3973266, 53.293632], [69.3973091, 53.2936887]]]}}, {"type": "Feature", "properties": {"levels": 2, "addr": "улица Мухтара Ауэзова 189/9", "name": "", "type": "yes", "tagged": false}, "geometry": {"type": "Polygon", "coordinates": [[[69.3892251, 53.2905003], [69.3909595, 53.2906613], [69.3910923, 53.2901503], [69.3893579, 53.2899893], [69.3892251, 53.2905003]]]}}, {"type": "Feature", "properties": {"levels": 2, "addr": "улица Сакена Жунусова 70а", "name": "", "type": "yes", "tagged": false}, "geometry": {"type": "Polygon", "coordinates": [[[69.3959493, 53.2944535], [69.3960921, 53.2944648], [69.3961159, 53.2943569], [69.3959732, 53.2943457], [69.3959493, 53.2944535]]]}}, {"type": "Feature", "properties": {"levels": 1.0, "addr": "улица Ильяса Есенберлина 105", "name": "", "type": "yes", "tagged": true}, "geometry": {"type": "Polygon", "coordinates": [[[69.387692, 53.2777667], [69.3878408, 53.2777796], [69.3878615, 53.2776943], [69.3877127, 53.2776814], [69.387692, 53.2777667]]]}}, {"type": "Feature", "properties": {"levels": 2, "addr": "улица Малика Габдуллина 51", "name": "", "type": "yes", "tagged": false}, "geometry": {"type": "Polygon", "coordinates": [[[69.3965715, 53.2898472], [69.3968191, 53.2898746], [69.3968816, 53.2896721], [69.3966341, 53.2896448], [69.3965715, 53.2898472]]]}}, {"type": "Feature", "properties": {"levels": 1.0, "addr": "улица 8 Марта 25/2", "name": "", "type": "yes", "tagged": true}, "geometry": {"type": "Polygon", "coordinates": [[[69.3978981, 53.292285], [69.3980555, 53.2923039], [69.398117, 53.2921199], [69.3979596, 53.2921011], [69.3978981, 53.292285]]]}}, {"type": "Feature", "properties": {"levels": 1.0, "addr": "улица Ашимова 196", "name": "", "type": "yes", "tagged": true}, "geometry": {"type": "Polygon", "coordinates": [[[69.4014399, 53.2799389], [69.4016663, 53.2799585], [69.4016953, 53.2798388], [69.4014689, 53.2798192], [69.4014399, 53.2799389]]]}}, {"type": "Feature", "properties": {"levels": 2.0, "addr": "улица Сабатаева 132", "name": "", "type": "yes", "tagged": true}, "geometry": {"type": "Polygon", "coordinates": [[[69.3895037, 53.2800623], [69.3896754, 53.2800772], [69.3897092, 53.2799376], [69.3895376, 53.2799227], [69.3895037, 53.2800623]]]}}, {"type": "Feature", "properties": {"levels": 1.0, "addr": "проспект Нурсултана Назарбаева 106", "name": "", "type": "yes", "tagged": true}, "geometry": {"type": "Polygon", "coordinates": [[[69.3889619, 53.2773737], [69.389145, 53.2773896], [69.3891674, 53.2772973], [69.3889842, 53.2772814], [69.3889619, 53.2773737]]]}}, {"type": "Feature", "properties": {"levels": 2, "addr": "", "name": "", "type": "yes", "tagged": false}, "geometry": {"type": "Polygon", "coordinates": [[[69.3876455, 53.2950876], [69.3877155, 53.2951542], [69.3880221, 53.2950393], [69.3879521, 53.2949726], [69.3876455, 53.2950876]]]}}, {"type": "Feature", "properties": {"levels": 2, "addr": "улица Островского 119", "name": "", "type": "yes", "tagged": false}, "geometry": {"type": "Polygon", "coordinates": [[[69.3853676, 53.277851], [69.3855123, 53.2778636], [69.3855416, 53.277743], [69.3853968, 53.2777305], [69.3853676, 53.277851]]]}}, {"type": "Feature", "properties": {"levels": 1.0, "addr": "улица Малика Габдуллина 43", "name": "", "type": "yes", "tagged": true}, "geometry": {"type": "Polygon", "coordinates": [[[69.3961538, 53.2908443], [69.396387, 53.2908652], [69.3964966, 53.290429], [69.3966839, 53.2904458], [69.3966726, 53.290491], [69.3968323, 53.2905054], [69.3968824, 53.2903064], [69.3963022, 53.2902542], [69.3961538, 53.2908443]]]}}, {"type": "Feature", "properties": {"levels": 1.0, "addr": "улица Жумабека Ташенова 5", "name": "", "type": "yes", "tagged": true}, "geometry": {"type": "Polygon", "coordinates": [[[69.3994016, 53.2935281], [69.3995309, 53.2935458], [69.3995686, 53.2934475], [69.3994393, 53.2934298], [69.3994016, 53.2935281]]]}}, {"type": "Feature", "properties": {"levels": 2, "addr": "улица Садвакасова 5/2", "name": "", "type": "yes", "tagged": false}, "geometry": {"type": "Polygon", "coordinates": [[[69.3916326, 53.2928605], [69.3917753, 53.292875], [69.3918086, 53.2927578], [69.3916659, 53.2927433], [69.3916326, 53.2928605]]]}}, {"type": "Feature", "properties": {"levels": 2, "addr": "", "name": "", "type": "yes", "tagged": false}, "geometry": {"type": "Polygon", "coordinates": [[[69.3890421, 53.2892157], [69.3892414, 53.2892382], [69.3892819, 53.2891104], [69.3890826, 53.2890878], [69.3890421, 53.2892157]]]}}, {"type": "Feature", "properties": {"levels": 2, "addr": "", "name": "", "type": "yes", "tagged": false}, "geometry": {"type": "Polygon", "coordinates": [[[69.3943884, 53.2917581], [69.3946254, 53.2917774], [69.3946403, 53.291712], [69.3944033, 53.2916927], [69.3943884, 53.2917581]]]}}, {"type": "Feature", "properties": {"levels": 1.0, "addr": "улица Тлеулина 94", "name": "", "type": "yes", "tagged": true}, "geometry": {"type": "Polygon", "coordinates": [[[69.3894509, 53.2927568], [69.3901644, 53.2928347], [69.3902022, 53.2927107], [69.3894887, 53.2926329], [69.3894509, 53.2927568]]]}}, {"type": "Feature", "properties": {"levels": 1.0, "addr": "улица Юрия Гагарина 114", "name": "", "type": "yes", "tagged": true}, "geometry": {"type": "Polygon", "coordinates": [[[69.3999241, 53.2916348], [69.4000587, 53.2916525], [69.4000993, 53.2915424], [69.3999646, 53.2915246], [69.3999241, 53.2916348]]]}}, {"type": "Feature", "properties": {"levels": 2, "addr": "", "name": "", "type": "yes", "tagged": false}, "geometry": {"type": "Polygon", "coordinates": [[[69.3911326, 53.282138], [69.3914278, 53.2821601], [69.3914431, 53.2820872], [69.3911479, 53.2820652], [69.3911326, 53.282138]]]}}, {"type": "Feature", "properties": {"levels": 1.0, "addr": "улица Ашимова 180", "name": "", "type": "yes", "tagged": true}, "geometry": {"type": "Polygon", "coordinates": [[[69.3982373, 53.2796989], [69.3984431, 53.2797168], [69.3984839, 53.2795488], [69.398278, 53.279531], [69.3982373, 53.2796989]]]}}, {"type": "Feature", "properties": {"levels": 2, "addr": "", "name": "", "type": "yes", "tagged": false}, "geometry": {"type": "Polygon", "coordinates": [[[69.3851738, 53.2794125], [69.3854288, 53.2794445], [69.3854783, 53.2793033], [69.3852233, 53.2792713], [69.3851738, 53.2794125]]]}}, {"type": "Feature", "properties": {"levels": 2, "addr": "улица Малика Габдуллина 23", "name": "", "type": "yes", "tagged": false}, "geometry": {"type": "Polygon", "coordinates": [[[69.3953554, 53.293516], [69.3955359, 53.2935353], [69.3955669, 53.2934319], [69.3953864, 53.2934126], [69.3953554, 53.293516]]]}}, {"type": "Feature", "properties": {"levels": 1.0, "addr": "улица Островского 173", "name": "", "type": "detached", "tagged": true}, "geometry": {"type": "Polygon", "coordinates": [[[69.3964575, 53.2788954], [69.3966395, 53.2789112], [69.3966689, 53.2787901], [69.3964869, 53.2787743], [69.3964575, 53.2788954]]]}}, {"type": "Feature", "properties": {"levels": 2, "addr": "улица Калинина 97", "name": "", "type": "yes", "tagged": false}, "geometry": {"type": "Polygon", "coordinates": [[[69.385772, 53.2780667], [69.3859387, 53.2780812], [69.3859569, 53.2780062], [69.3857902, 53.2779917], [69.385772, 53.2780667]]]}}, {"type": "Feature", "properties": {"levels": 1.0, "addr": "улица Жумабека Ташенова 42", "name": "", "type": "yes", "tagged": true}, "geometry": {"type": "Polygon", "coordinates": [[[69.3999369, 53.2887445], [69.40013, 53.2887631], [69.4001636, 53.2886386], [69.3999705, 53.28862], [69.3999369, 53.2887445]]]}}, {"type": "Feature", "properties": {"levels": 2, "addr": "", "name": "", "type": "yes", "tagged": false}, "geometry": {"type": "Polygon", "coordinates": [[[69.3910926, 53.2809908], [69.3911926, 53.2809971], [69.3912082, 53.2809081], [69.3911082, 53.2809018], [69.3910926, 53.2809908]]]}}, {"type": "Feature", "properties": {"levels": 2, "addr": "улица Магзи Абулкасымова 129", "name": "", "type": "yes", "tagged": false}, "geometry": {"type": "Polygon", "coordinates": [[[69.4006646, 53.2909134], [69.4007993, 53.2909329], [69.4008371, 53.2908393], [69.4007024, 53.2908198], [69.4006646, 53.2909134]]]}}, {"type": "Feature", "properties": {"levels": 1.0, "addr": "улица Сакена Жунусова 76", "name": "", "type": "yes", "tagged": true}, "geometry": {"type": "Polygon", "coordinates": [[[69.3962914, 53.2946628], [69.3964933, 53.2946821], [69.3965207, 53.2945801], [69.3963187, 53.2945608], [69.3962914, 53.2946628]]]}}, {"type": "Feature", "properties": {"levels": 2, "addr": "улица Садвакасова 9а", "name": "", "type": "yes", "tagged": false}, "geometry": {"type": "Polygon", "coordinates": [[[69.3917487, 53.2918892], [69.3920647, 53.2919198], [69.3921896, 53.2914537], [69.3918719, 53.2914233], [69.3917487, 53.2918892]]]}}, {"type": "Feature", "properties": {"levels": 1.0, "addr": "улица Жумабека Ташенова 4", "name": "", "type": "yes", "tagged": true}, "geometry": {"type": "Polygon", "coordinates": [[[69.3986396, 53.2937093], [69.3987689, 53.2937157], [69.3987758, 53.2936664], [69.3986465, 53.29366], [69.3986396, 53.2937093]]]}}, {"type": "Feature", "properties": {"levels": 1.0, "addr": "улица Островского 131", "name": "", "type": "yes", "tagged": true}, "geometry": {"type": "Polygon", "coordinates": [[[69.3879218, 53.2780384], [69.3880697, 53.2780512], [69.3880899, 53.2779676], [69.3879421, 53.2779548], [69.3879218, 53.2780384]]]}}, {"type": "Feature", "properties": {"levels": 2, "addr": "улица Буденного 19/1", "name": "", "type": "yes", "tagged": false}, "geometry": {"type": "Polygon", "coordinates": [[[69.4017237, 53.2926053], [69.4018322, 53.2926269], [69.4018713, 53.2925569], [69.4017627, 53.2925353], [69.4017237, 53.2926053]]]}}, {"type": "Feature", "properties": {"levels": 2, "addr": "улица Юрия Гагарина 102", "name": "", "type": "yes", "tagged": false}, "geometry": {"type": "Polygon", "coordinates": [[[69.3983407, 53.2914228], [69.3985039, 53.2914388], [69.3985257, 53.2913592], [69.3983625, 53.2913433], [69.3983407, 53.2914228]]]}}, {"type": "Feature", "properties": {"levels": 1.0, "addr": "улица Сабатаева 131", "name": "", "type": "yes", "tagged": true}, "geometry": {"type": "Polygon", "coordinates": [[[69.3862745, 53.2802323], [69.3864193, 53.280246], [69.3864576, 53.2801009], [69.3863129, 53.2800872], [69.3862745, 53.2802323]]]}}, {"type": "Feature", "properties": {"levels": 2, "addr": "улица Янко 88", "name": "", "type": "detached", "tagged": false}, "geometry": {"type": "Polygon", "coordinates": [[[69.3963342, 53.2792009], [69.3965755, 53.2792218], [69.3965985, 53.2791272], [69.3963572, 53.2791062], [69.3963342, 53.2792009]]]}}, {"type": "Feature", "properties": {"levels": 1.0, "addr": "улица Ашимова 116", "name": "", "type": "yes", "tagged": true}, "geometry": {"type": "Polygon", "coordinates": [[[69.3845002, 53.2784378], [69.3845901, 53.2784456], [69.3846125, 53.2783535], [69.3845225, 53.2783457], [69.3845002, 53.2784378]]]}}, {"type": "Feature", "properties": {"levels": 2, "addr": "улица Садвакасова 16", "name": "", "type": "yes", "tagged": false}, "geometry": {"type": "Polygon", "coordinates": [[[69.3909864, 53.2926766], [69.3912046, 53.2927024], [69.3912434, 53.292585], [69.3910252, 53.2925593], [69.3909864, 53.2926766]]]}}, {"type": "Feature", "properties": {"levels": 1.0, "addr": "улица Ашимова 200а", "name": "", "type": "yes", "tagged": true}, "geometry": {"type": "Polygon", "coordinates": [[[69.4018598, 53.2800155], [69.402088, 53.2800353], [69.4021196, 53.2799049], [69.4018914, 53.2798851], [69.4018598, 53.2800155]]]}}, {"type": "Feature", "properties": {"levels": 1.0, "addr": "улица Мухтара Ауэзова 211А", "name": "", "type": "yes", "tagged": true}, "geometry": {"type": "Polygon", "coordinates": [[[69.4011082, 53.2899718], [69.401294, 53.2899911], [69.4013243, 53.289887], [69.4011385, 53.2898677], [69.4011082, 53.2899718]]]}}, {"type": "Feature", "properties": {"levels": 1.0, "addr": "улица Тлеулина 101", "name": "", "type": "yes", "tagged": true}, "geometry": {"type": "Polygon", "coordinates": [[[69.3956022, 53.2938763], [69.3957431, 53.2938888], [69.3957758, 53.2937573], [69.3956349, 53.2937448], [69.3956022, 53.2938763]]]}}, {"type": "Feature", "properties": {"levels": 2, "addr": "улица Малика Габдуллина 94", "name": "", "type": "yes", "tagged": false}, "geometry": {"type": "Polygon", "coordinates": [[[69.398344, 53.2791636], [69.3985488, 53.2791813], [69.3985774, 53.2790635], [69.3983726, 53.2790457], [69.398344, 53.2791636]]]}}, {"type": "Feature", "properties": {"levels": 2, "addr": "улица Осипенко 2Б", "name": "ТД Вернисаж", "type": "yes", "tagged": false}, "geometry": {"type": "Polygon", "coordinates": [[[69.3777928, 53.2940982], [69.3786512, 53.2941837], [69.3787509, 53.2938263], [69.3778924, 53.2937408], [69.3777928, 53.2940982]]]}}, {"type": "Feature", "properties": {"levels": 2, "addr": "", "name": "", "type": "yes", "tagged": false}, "geometry": {"type": "Polygon", "coordinates": [[[69.3906393, 53.2894621], [69.390879, 53.2894798], [69.3909671, 53.2890536], [69.3907275, 53.2890359], [69.3906393, 53.2894621]]]}}, {"type": "Feature", "properties": {"levels": 2.0, "addr": "улица Малика Габдуллина 125", "name": "", "type": "yes", "tagged": true}, "geometry": {"type": "Polygon", "coordinates": [[[69.3990234, 53.2791937], [69.3992086, 53.2792097], [69.3992694, 53.2789591], [69.3990842, 53.278943], [69.3990234, 53.2791937]]]}}, {"type": "Feature", "properties": {"levels": 1.0, "addr": "улица Ахмета Байтурсынова 104", "name": "", "type": "yes", "tagged": true}, "geometry": {"type": "Polygon", "coordinates": [[[69.3980137, 53.2926775], [69.398275, 53.2927178], [69.398316, 53.2926225], [69.3980548, 53.2925822], [69.3980137, 53.2926775]]]}}, {"type": "Feature", "properties": {"levels": 2, "addr": "", "name": "", "type": "yes", "tagged": false}, "geometry": {"type": "Polygon", "coordinates": [[[69.3988082, 53.2917149], [69.399021, 53.2917712], [69.3990577, 53.2917216], [69.398845, 53.2916653], [69.3988082, 53.2917149]]]}}, {"type": "Feature", "properties": {"levels": 2, "addr": "улица Мухтара Ауэзова 191", "name": "", "type": "yes", "tagged": false}, "geometry": {"type": "Polygon", "coordinates": [[[69.3966134, 53.289319], [69.3967886, 53.2893395], [69.3968183, 53.2892488], [69.3966431, 53.2892283], [69.3966134, 53.289319]]]}}, {"type": "Feature", "properties": {"levels": 1.0, "addr": "улица Ахмета Байтурсынова 168", "name": "", "type": "yes", "tagged": true}, "geometry": {"type": "Polygon", "coordinates": [[[69.4018623, 53.2930784], [69.4019996, 53.2931025], [69.4020511, 53.292998], [69.4019137, 53.2929739], [69.4018623, 53.2930784]]]}}, {"type": "Feature", "properties": {"levels": 1.0, "addr": "улица Островского 171", "name": "", "type": "detached", "tagged": true}, "geometry": {"type": "Polygon", "coordinates": [[[69.3961817, 53.2788105], [69.3963002, 53.2788234], [69.3963234, 53.278747], [69.3962049, 53.2787341], [69.3961817, 53.2788105]]]}}, {"type": "Feature", "properties": {"levels": 2, "addr": "улица Ахмета Байтурсынова 109а", "name": "", "type": "yes", "tagged": false}, "geometry": {"type": "Polygon", "coordinates": [[[69.3924109, 53.2926254], [69.3925536, 53.292648], [69.3925908, 53.2925639], [69.392448, 53.2925414], [69.3924109, 53.2926254]]]}}, {"type": "Feature", "properties": {"levels": 2, "addr": "", "name": "", "type": "detached", "tagged": false}, "geometry": {"type": "Polygon", "coordinates": [[[69.3959158, 53.2791456], [69.3961275, 53.279164], [69.3961537, 53.2790561], [69.395942, 53.2790377], [69.3959158, 53.2791456]]]}}, {"type": "Feature", "properties": {"levels": 1.0, "addr": "улица Наурызбай батыра 119а", "name": "", "type": "yes", "tagged": true}, "geometry": {"type": "Polygon", "coordinates": [[[69.3884436, 53.2769174], [69.3885714, 53.2769285], [69.3886044, 53.2767923], [69.3884767, 53.2767813], [69.3884436, 53.2769174]]]}}, {"type": "Feature", "properties": {"levels": 2, "addr": "", "name": "", "type": "yes", "tagged": false}, "geometry": {"type": "Polygon", "coordinates": [[[69.4028138, 53.2886651], [69.4029471, 53.2886787], [69.4029727, 53.2885897], [69.4028394, 53.2885761], [69.4028138, 53.2886651]]]}}, {"type": "Feature", "properties": {"levels": 1.0, "addr": "улица Островского 121", "name": "", "type": "yes", "tagged": true}, "geometry": {"type": "Polygon", "coordinates": [[[69.385846, 53.2778837], [69.386043, 53.2779008], [69.3860618, 53.2778231], [69.3858649, 53.277806], [69.385846, 53.2778837]]]}}, {"type": "Feature", "properties": {"levels": 2, "addr": "улица Магзи Абулкасымова 127", "name": "", "type": "yes", "tagged": false}, "geometry": {"type": "Polygon", "coordinates": [[[69.4004089, 53.290883], [69.4005414, 53.2909035], [69.4005912, 53.2907882], [69.4004586, 53.2907677], [69.4004089, 53.290883]]]}}, {"type": "Feature", "properties": {"levels": 1.0, "addr": "улица 8 Марта 7", "name": "", "type": "yes", "tagged": true}, "geometry": {"type": "Polygon", "coordinates": [[[69.3971005, 53.2942559], [69.3972605, 53.2942718], [69.3972776, 53.2942102], [69.3971177, 53.2941942], [69.3971005, 53.2942559]]]}}, {"type": "Feature", "properties": {"levels": 1.0, "addr": "улица Ахмета Байтурсынова 158", "name": "", "type": "yes", "tagged": true}, "geometry": {"type": "Polygon", "coordinates": [[[69.4007931, 53.2929737], [69.4009278, 53.2929818], [69.4009402, 53.2929072], [69.4008056, 53.2928991], [69.4007931, 53.2929737]]]}}, {"type": "Feature", "properties": {"levels": 2, "addr": "", "name": "", "type": "yes", "tagged": false}, "geometry": {"type": "Polygon", "coordinates": [[[69.4014008, 53.2902415], [69.4016503, 53.29027], [69.4016684, 53.2902134], [69.4014189, 53.290185], [69.4014008, 53.2902415]]]}}, {"type": "Feature", "properties": {"levels": 2, "addr": "", "name": "", "type": "yes", "tagged": false}, "geometry": {"type": "Polygon", "coordinates": [[[69.3968072, 53.2899782], [69.3970065, 53.2899943], [69.3970191, 53.2899384], [69.3968198, 53.2899223], [69.3968072, 53.2899782]]]}}, {"type": "Feature", "properties": {"levels": 1.0, "addr": "улица Юрия Гагарина 113", "name": "", "type": "yes", "tagged": true}, "geometry": {"type": "Polygon", "coordinates": [[[69.3978656, 53.2918002], [69.3980003, 53.2918179], [69.39804, 53.29171], [69.3979053, 53.2916923], [69.3978656, 53.2918002]]]}}, {"type": "Feature", "properties": {"levels": 1.0, "addr": "улица Ахмета Байтурсынова 113", "name": "", "type": "yes", "tagged": true}, "geometry": {"type": "Polygon", "coordinates": [[[69.3936117, 53.292718], [69.3939201, 53.2927525], [69.3940043, 53.292484], [69.3936958, 53.2924495], [69.3936117, 53.292718]]]}}, {"type": "Feature", "properties": {"levels": 1.0, "addr": "улица Ашимова 170", "name": "", "type": "detached", "tagged": true}, "geometry": {"type": "Polygon", "coordinates": [[[69.3962373, 53.2794695], [69.3964803, 53.2794906], [69.3965104, 53.2793668], [69.3962674, 53.2793457], [69.3962373, 53.2794695]]]}}, {"type": "Feature", "properties": {"levels": 1.0, "addr": "улица 8 Марта 27а", "name": "", "type": "yes", "tagged": true}, "geometry": {"type": "Polygon", "coordinates": [[[69.3983692, 53.2921803], [69.3985139, 53.2921987], [69.3985335, 53.2921434], [69.3983888, 53.292125], [69.3983692, 53.2921803]]]}}, {"type": "Feature", "properties": {"levels": 1.0, "addr": "улица Янко 28", "name": "", "type": "yes", "tagged": true}, "geometry": {"type": "Polygon", "coordinates": [[[69.3929208, 53.2920748], [69.3933492, 53.292124], [69.393388, 53.2920032], [69.3929597, 53.2919541], [69.3929208, 53.2920748]]]}}, {"type": "Feature", "properties": {"levels": 2, "addr": "улица Островского 126", "name": "", "type": "yes", "tagged": false}, "geometry": {"type": "Polygon", "coordinates": [[[69.3880619, 53.2775841], [69.3881938, 53.2775955], [69.3882363, 53.2774202], [69.3881044, 53.2774088], [69.3880619, 53.2775841]]]}}, {"type": "Feature", "properties": {"levels": 2, "addr": "", "name": "", "type": "yes", "tagged": false}, "geometry": {"type": "Polygon", "coordinates": [[[69.3895371, 53.2953052], [69.3896125, 53.2953873], [69.3897324, 53.2953479], [69.3896569, 53.2952658], [69.3895371, 53.2953052]]]}}, {"type": "Feature", "properties": {"levels": 2, "addr": "улица Буденного 7", "name": "", "type": "yes", "tagged": false}, "geometry": {"type": "Polygon", "coordinates": [[[69.401655, 53.2923122], [69.4017674, 53.2923429], [69.4018068, 53.2922914], [69.4016944, 53.2922607], [69.401655, 53.2923122]]]}}, {"type": "Feature", "properties": {"levels": 1.0, "addr": "улица Кошкарбаева 45", "name": "", "type": "yes", "tagged": true}, "geometry": {"type": "Polygon", "coordinates": [[[69.3984509, 53.2900383], [69.3987216, 53.2900678], [69.3988305, 53.2897111], [69.3985596, 53.2896816], [69.3984509, 53.2900383]]]}}, {"type": "Feature", "properties": {"levels": 2, "addr": "улица Жумабека Ташенова 9", "name": "", "type": "yes", "tagged": false}, "geometry": {"type": "Polygon", "coordinates": [[[69.399752, 53.2933349], [69.3998651, 53.2933494], [69.3998998, 53.2932525], [69.3997867, 53.293238], [69.399752, 53.2933349]]]}}, {"type": "Feature", "properties": {"levels": 2, "addr": "улица Ахмета Байтурсынова 101", "name": "ЕВРО ЛЮКС", "type": "yes", "tagged": false}, "geometry": {"type": "Polygon", "coordinates": [[[69.3900855, 53.2921929], [69.3902819, 53.2922157], [69.3908878, 53.2922718], [69.3912702, 53.2923114], [69.3913005, 53.2922033], [69.3913277, 53.292106], [69.3906407, 53.2920373], [69.3906535, 53.2919917], [69.3898842, 53.2919147], [69.3898408, 53.2920695], [69.3901125, 53.2920967], [69.3900855, 53.2921929]]]}}, {"type": "Feature", "properties": {"levels": 1.0, "addr": "улица Юрия Гагарина 141", "name": "", "type": "yes", "tagged": true}, "geometry": {"type": "Polygon", "coordinates": [[[69.4007614, 53.2920746], [69.4008418, 53.2920849], [69.400861, 53.2920312], [69.4007806, 53.292021], [69.4007614, 53.2920746]]]}}, {"type": "Feature", "properties": {"levels": 1.0, "addr": "улица Малика Габдуллина 30", "name": "", "type": "yes", "tagged": true}, "geometry": {"type": "Polygon", "coordinates": [[[69.3948092, 53.2922429], [69.3950708, 53.2922706], [69.3951753, 53.2919191], [69.3947559, 53.2918746], [69.3947121, 53.2920221], [69.3948698, 53.2920389], [69.3948092, 53.2922429]]]}}, {"type": "Feature", "properties": {"levels": 1.0, "addr": "улица Ахмета Байтурсынова 166", "name": "", "type": "yes", "tagged": true}, "geometry": {"type": "Polygon", "coordinates": [[[69.4015637, 53.2930333], [69.4016768, 53.2930462], [69.4017124, 53.2929345], [69.4015993, 53.2929216], [69.4015637, 53.2930333]]]}}, {"type": "Feature", "properties": {"levels": 2, "addr": "улица 8 Марта 100", "name": "", "type": "yes", "tagged": false}, "geometry": {"type": "Polygon", "coordinates": [[[69.4002895, 53.2791753], [69.4004747, 53.2791914], [69.4005012, 53.2790822], [69.400316, 53.2790661], [69.4002895, 53.2791753]]]}}, {"type": "Feature", "properties": {"levels": 2, "addr": "", "name": "", "type": "yes", "tagged": false}, "geometry": {"type": "Polygon", "coordinates": [[[69.3892685, 53.2806808], [69.3895961, 53.2807082], [69.3896492, 53.2804808], [69.3893216, 53.2804535], [69.3892685, 53.2806808]]]}}, {"type": "Feature", "properties": {"levels": 1.0, "addr": "улица Ахмета Байтурсынова 106", "name": "", "type": "yes", "tagged": true}, "geometry": {"type": "Polygon", "coordinates": [[[69.398415, 53.2925487], [69.3985577, 53.2925729], [69.3985888, 53.2925074], [69.398446, 53.2924832], [69.398415, 53.2925487]]]}}, {"type": "Feature", "properties": {"levels": 1.0, "addr": "улица Островского 151", "name": "", "type": "yes", "tagged": true}, "geometry": {"type": "Polygon", "coordinates": [[[69.391808, 53.278582], [69.3921042, 53.2786046], [69.3921334, 53.2784678], [69.3918371, 53.2784452], [69.391808, 53.278582]]]}}, {"type": "Feature", "properties": {"levels": 1.0, "addr": "улица Наурызбай батыра 119", "name": "", "type": "yes", "tagged": true}, "geometry": {"type": "Polygon", "coordinates": [[[69.388273, 53.2768863], [69.3884198, 53.2768994], [69.3884406, 53.2768135], [69.3882935, 53.2768007], [69.388273, 53.2768863]]]}}, {"type": "Feature", "properties": {"levels": 2, "addr": "", "name": "", "type": "yes", "tagged": false}, "geometry": {"type": "Polygon", "coordinates": [[[69.4013263, 53.2905642], [69.4014691, 53.2905739], [69.4014863, 53.2904829], [69.4013436, 53.2904732], [69.4013263, 53.2905642]]]}}, {"type": "Feature", "properties": {"levels": 2.0, "addr": "", "name": "", "type": "yes", "tagged": true}, "geometry": {"type": "Polygon", "coordinates": [[[69.3944962, 53.2879522], [69.3947892, 53.2879811], [69.3948354, 53.2878127], [69.3945425, 53.2877839], [69.3944962, 53.2879522]]]}}, {"type": "Feature", "properties": {"levels": 2, "addr": "", "name": "", "type": "yes", "tagged": false}, "geometry": {"type": "Polygon", "coordinates": [[[69.3903422, 53.2805356], [69.3904634, 53.2805485], [69.3904851, 53.2804755], [69.3903639, 53.2804627], [69.3903422, 53.2805356]]]}}, {"type": "Feature", "properties": {"levels": 2, "addr": "улица Ахмета Байтурсынова 151", "name": "", "type": "yes", "tagged": false}, "geometry": {"type": "Polygon", "coordinates": [[[69.3983973, 53.2932907], [69.3985131, 53.2933036], [69.3985359, 53.2932301], [69.3984201, 53.2932173], [69.3983973, 53.2932907]]]}}, {"type": "Feature", "properties": {"levels": 1.0, "addr": "улица Ахмета Байтурсынова 146", "name": "", "type": "yes", "tagged": true}, "geometry": {"type": "Polygon", "coordinates": [[[69.4005669, 53.2929657], [69.4006692, 53.2929721], [69.4006786, 53.2929187], [69.4005763, 53.2929123], [69.4005669, 53.2929657]]]}}, {"type": "Feature", "properties": {"levels": 1.0, "addr": "улица Тлеулина 136", "name": "", "type": "yes", "tagged": true}, "geometry": {"type": "Polygon", "coordinates": [[[69.3984996, 53.2939378], [69.3986477, 53.2939555], [69.3986756, 53.2938723], [69.3985275, 53.2938546], [69.3984996, 53.2939378]]]}}, {"type": "Feature", "properties": {"levels": 2, "addr": "улица Калинина 76а", "name": "", "type": "yes", "tagged": false}, "geometry": {"type": "Polygon", "coordinates": [[[69.3853103, 53.2781709], [69.385508, 53.2781881], [69.3855438, 53.2780406], [69.3853461, 53.2780235], [69.3853103, 53.2781709]]]}}, {"type": "Feature", "properties": {"levels": 1.0, "addr": "улица Ашимова 145", "name": "", "type": "yes", "tagged": true}, "geometry": {"type": "Polygon", "coordinates": [[[69.3876952, 53.2792235], [69.3878552, 53.2792395], [69.3878819, 53.2791434], [69.387722, 53.2791275], [69.3876952, 53.2792235]]]}}, {"type": "Feature", "properties": {"levels": 1.0, "addr": "улица Тлеулина 120", "name": "", "type": "yes", "tagged": true}, "geometry": {"type": "Polygon", "coordinates": [[[69.3957519, 53.2935773], [69.3958812, 53.2935918], [69.3959058, 53.2935134], [69.3957765, 53.293499], [69.3957519, 53.2935773]]]}}, {"type": "Feature", "properties": {"levels": 1.0, "addr": "проспект Нурсултана Назарбаева 102", "name": "", "type": "yes", "tagged": true}, "geometry": {"type": "Polygon", "coordinates": [[[69.3886607, 53.2778959], [69.3890789, 53.2779322], [69.3891088, 53.2778092], [69.3886906, 53.277773], [69.3886607, 53.2778959]]]}}, {"type": "Feature", "properties": {"levels": 2, "addr": "улица Сакена Жунусова 43/2", "name": "", "type": "yes", "tagged": false}, "geometry": {"type": "Polygon", "coordinates": [[[69.3937378, 53.2951445], [69.3938787, 53.295157], [69.3939153, 53.2950096], [69.3937744, 53.2949971], [69.3937378, 53.2951445]]]}}, {"type": "Feature", "properties": {"levels": 1.0, "addr": "улица Сакена Жунусова 74", "name": "", "type": "yes", "tagged": true}, "geometry": {"type": "Polygon", "coordinates": [[[69.3960544, 53.2946419], [69.3961352, 53.2946515], [69.3961541, 53.2945949], [69.3960733, 53.2945852], [69.3960544, 53.2946419]]]}}, {"type": "Feature", "properties": {"levels": 1.0, "addr": "улица Островского 115", "name": "", "type": "yes", "tagged": true}, "geometry": {"type": "Polygon", "coordinates": [[[69.3847511, 53.2778049], [69.3848751, 53.2778157], [69.3849052, 53.2776917], [69.3847811, 53.2776809], [69.3847511, 53.2778049]]]}}, {"type": "Feature", "properties": {"levels": 1.0, "addr": "улица Ашимова 200", "name": "", "type": "yes", "tagged": true}, "geometry": {"type": "Polygon", "coordinates": [[[69.4021624, 53.2800256], [69.4023811, 53.280045], [69.4024104, 53.2799268], [69.4021918, 53.2799074], [69.4021624, 53.2800256]]]}}, {"type": "Feature", "properties": {"levels": 1.0, "addr": "улица Ашимова 159", "name": "", "type": "yes", "tagged": true}, "geometry": {"type": "Polygon", "coordinates": [[[69.3902867, 53.2793644], [69.3904342, 53.2793772], [69.3904629, 53.279259], [69.3903154, 53.2792463], [69.3902867, 53.2793644]]]}}, {"type": "Feature", "properties": {"levels": 2, "addr": "улица Буденного", "name": "", "type": "yes", "tagged": false}, "geometry": {"type": "Polygon", "coordinates": [[[69.4014879, 53.2901746], [69.4016414, 53.290194], [69.4016692, 53.2901152], [69.4015157, 53.2900959], [69.4014879, 53.2901746]]]}}, {"type": "Feature", "properties": {"levels": 2, "addr": "", "name": "", "type": "yes", "tagged": false}, "geometry": {"type": "Polygon", "coordinates": [[[69.3956308, 53.2940652], [69.3957469, 53.2940686], [69.3957543, 53.2939785], [69.3956382, 53.2939751], [69.3956308, 53.2940652]]]}}, {"type": "Feature", "properties": {"levels": 2, "addr": "", "name": "", "type": "yes", "tagged": false}, "geometry": {"type": "Polygon", "coordinates": [[[69.3896797, 53.2804615], [69.3898305, 53.2804728], [69.3898909, 53.2801838], [69.3897401, 53.2801725], [69.3896797, 53.2804615]]]}}, {"type": "Feature", "properties": {"levels": 2, "addr": "", "name": "", "type": "yes", "tagged": false}, "geometry": {"type": "Polygon", "coordinates": [[[69.3891177, 53.2898404], [69.3910406, 53.2900078], [69.3911131, 53.2897103], [69.3891902, 53.2895428], [69.3891177, 53.2898404]]]}}, {"type": "Feature", "properties": {"levels": 1.0, "addr": "улица 8 Марта 25", "name": "", "type": "yes", "tagged": true}, "geometry": {"type": "Polygon", "coordinates": [[[69.397739, 53.292201], [69.3978925, 53.2922187], [69.3979358, 53.2920848], [69.3977823, 53.2920671], [69.397739, 53.292201]]]}}, {"type": "Feature", "properties": {"levels": 2, "addr": "улица Юрия Гагарина 119", "name": "", "type": "yes", "tagged": false}, "geometry": {"type": "Polygon", "coordinates": [[[69.3987543, 53.2918276], [69.3989779, 53.2918501], [69.3989908, 53.2918041], [69.3987673, 53.2917816], [69.3987543, 53.2918276]]]}}, {"type": "Feature", "properties": {"levels": 1.0, "addr": "улица Юрия Гагарина 129", "name": "", "type": "yes", "tagged": true}, "geometry": {"type": "Polygon", "coordinates": [[[69.4004042, 53.2920195], [69.4005254, 53.2920404], [69.4005598, 53.2919693], [69.4004386, 53.2919484], [69.4004042, 53.2920195]]]}}, {"type": "Feature", "properties": {"levels": 2, "addr": "", "name": "", "type": "yes", "tagged": false}, "geometry": {"type": "Polygon", "coordinates": [[[69.3894492, 53.2829396], [69.3896668, 53.2829601], [69.3897706, 53.2825664], [69.3901159, 53.2825989], [69.3900522, 53.2828404], [69.390287, 53.2828625], [69.3903892, 53.2824744], [69.3895915, 53.2823993], [69.3894492, 53.2829396]]]}}, {"type": "Feature", "properties": {"levels": 1.0, "addr": "улица Ашимова 132а", "name": "", "type": "yes", "tagged": true}, "geometry": {"type": "Polygon", "coordinates": [[[69.3877816, 53.2787255], [69.3880188, 53.278746], [69.3880432, 53.2786454], [69.3878061, 53.2786248], [69.3877816, 53.2787255]]]}}, {"type": "Feature", "properties": {"levels": 1.0, "addr": "улица Мухтара Ауэзова 193", "name": "", "type": "yes", "tagged": true}, "geometry": {"type": "Polygon", "coordinates": [[[69.3970791, 53.2893572], [69.3972399, 53.2893763], [69.3972612, 53.2893123], [69.3971004, 53.2892932], [69.3970791, 53.2893572]]]}}, {"type": "Feature", "properties": {"levels": 1.0, "addr": "улица Ашимова 88", "name": "", "type": "yes", "tagged": true}, "geometry": {"type": "Polygon", "coordinates": [[[69.3904805, 53.2794197], [69.3906944, 53.2794382], [69.3907315, 53.2792854], [69.3905176, 53.2792668], [69.3904805, 53.2794197]]]}}, {"type": "Feature", "properties": {"levels": 1.0, "addr": "улица Елемесова 81", "name": "", "type": "detached", "tagged": true}, "geometry": {"type": "Polygon", "coordinates": [[[69.3931896, 53.279049], [69.3933243, 53.2790619], [69.3933583, 53.2789346], [69.3932237, 53.2789217], [69.3931896, 53.279049]]]}}, {"type": "Feature", "properties": {"levels": 2, "addr": "улица Садвакасова 9", "name": "", "type": "yes", "tagged": false}, "geometry": {"type": "Polygon", "coordinates": [[[69.3911706, 53.2919172], [69.3917214, 53.2919777], [69.3917487, 53.2918892], [69.3911978, 53.2918287], [69.3911706, 53.2919172]]]}}, {"type": "Feature", "properties": {"levels": 2.0, "addr": "улица Ашимова 152", "name": "", "type": "yes", "tagged": true}, "geometry": {"type": "Polygon", "coordinates": [[[69.3922223, 53.2791711], [69.3925918, 53.2791984], [69.39263, 53.2790138], [69.3922605, 53.2789865], [69.3922223, 53.2791711]]]}}, {"type": "Feature", "properties": {"levels": 1.0, "addr": "улица Жумабека Ташенова 21", "name": "", "type": "yes", "tagged": true}, "geometry": {"type": "Polygon", "coordinates": [[[69.3996094, 53.2920677], [69.3996939, 53.2920782], [69.3997101, 53.2920315], [69.3996255, 53.292021], [69.3996094, 53.2920677]]]}}, {"type": "Feature", "properties": {"levels": 1.0, "addr": "улица Ашимова 168", "name": "", "type": "detached", "tagged": true}, "geometry": {"type": "Polygon", "coordinates": [[[69.395907, 53.2794405], [69.3961014, 53.2794574], [69.3961316, 53.2793326], [69.3959373, 53.2793157], [69.395907, 53.2794405]]]}}, {"type": "Feature", "properties": {"levels": 2, "addr": "улица Калинина 85", "name": "", "type": "yes", "tagged": false}, "geometry": {"type": "Polygon", "coordinates": [[[69.3859489, 53.278321], [69.3860829, 53.2783327], [69.3861053, 53.2782407], [69.3859712, 53.2782291], [69.3859489, 53.278321]]]}}, {"type": "Feature", "properties": {"levels": 1.0, "addr": "улица Мухтара Ауэзова 213", "name": "", "type": "yes", "tagged": true}, "geometry": {"type": "Polygon", "coordinates": [[[69.4040412, 53.2901481], [69.4047211, 53.2902015], [69.4047523, 53.2900601], [69.4040724, 53.2900066], [69.4040412, 53.2901481]]]}}, {"type": "Feature", "properties": {"levels": 2, "addr": "улица Янко 90", "name": "", "type": "detached", "tagged": false}, "geometry": {"type": "Polygon", "coordinates": [[[69.3963541, 53.2790378], [69.3965776, 53.2790571], [69.3965943, 53.2789883], [69.3963707, 53.278969], [69.3963541, 53.2790378]]]}}, {"type": "Feature", "properties": {"levels": 1.0, "addr": "улица Юрия Гагарина 124", "name": "", "type": "yes", "tagged": true}, "geometry": {"type": "Polygon", "coordinates": [[[69.4008508, 53.2917104], [69.4009908, 53.2917152], [69.4009952, 53.2916697], [69.4008552, 53.2916649], [69.4008508, 53.2917104]]]}}, {"type": "Feature", "properties": {"levels": 1.0, "addr": "улица Жумабека Ташенова 28", "name": "", "type": "yes", "tagged": true}, "geometry": {"type": "Polygon", "coordinates": [[[69.3994957, 53.2909394], [69.3995954, 53.2909442], [69.3996122, 53.29082], [69.3995126, 53.2908151], [69.3994957, 53.2909394]]]}}, {"type": "Feature", "properties": {"levels": 2, "addr": "", "name": "", "type": "yes", "tagged": false}, "geometry": {"type": "Polygon", "coordinates": [[[69.397866, 53.2943947], [69.3979955, 53.2944084], [69.3980131, 53.294349], [69.3978836, 53.2943354], [69.397866, 53.2943947]]]}}, {"type": "Feature", "properties": {"levels": 2, "addr": "улица Садвакасова 58", "name": "", "type": "detached", "tagged": false}, "geometry": {"type": "Polygon", "coordinates": [[[69.3945739, 53.2784661], [69.3947301, 53.2784838], [69.3947853, 53.2783098], [69.3946291, 53.2782921], [69.3945739, 53.2784661]]]}}, {"type": "Feature", "properties": {"levels": 2, "addr": "", "name": "", "type": "yes", "tagged": false}, "geometry": {"type": "Polygon", "coordinates": [[[69.402295, 53.2926223], [69.4024169, 53.2926758], [69.4024797, 53.2926247], [69.4023578, 53.2925712], [69.402295, 53.2926223]]]}}, {"type": "Feature", "properties": {"levels": 1.0, "addr": "улица Сабатаева 120", "name": "ARMAN Tower", "type": "yes", "tagged": true}, "geometry": {"type": "Polygon", "coordinates": [[[69.3867049, 53.2799199], [69.3869348, 53.2799427], [69.3870097, 53.2796729], [69.3867799, 53.2796501], [69.3867049, 53.2799199]]]}}, {"type": "Feature", "properties": {"levels": 2, "addr": "", "name": "", "type": "yes", "tagged": false}, "geometry": {"type": "Polygon", "coordinates": [[[69.3962104, 53.2948263], [69.3962752, 53.2948581], [69.396305, 53.2948365], [69.3962403, 53.2948046], [69.3962104, 53.2948263]]]}}, {"type": "Feature", "properties": {"levels": 2, "addr": "улица Малика Габдуллина 36а", "name": "", "type": "yes", "tagged": false}, "geometry": {"type": "Polygon", "coordinates": [[[69.3952266, 53.2907986], [69.3955314, 53.2908267], [69.3956914, 53.2902051], [69.3953866, 53.2901771], [69.3952266, 53.2907986]]]}}, {"type": "Feature", "properties": {"levels": 2, "addr": "улица Янко 105", "name": "", "type": "detached", "tagged": false}, "geometry": {"type": "Polygon", "coordinates": [[[69.3972689, 53.2786835], [69.3974427, 53.2786986], [69.3974649, 53.2786071], [69.3972911, 53.2785921], [69.3972689, 53.2786835]]]}}, {"type": "Feature", "properties": {"levels": 2, "addr": "", "name": "", "type": "yes", "tagged": false}, "geometry": {"type": "Polygon", "coordinates": [[[69.3913229, 53.291466], [69.3914829, 53.2914819], [69.391516, 53.2913631], [69.3913561, 53.2913471], [69.3913229, 53.291466]]]}}, {"type": "Feature", "properties": {"levels": 2, "addr": "", "name": "", "type": "yes", "tagged": false}, "geometry": {"type": "Polygon", "coordinates": [[[69.3896532, 53.2806057], [69.3899741, 53.2806336], [69.3900038, 53.2805113], [69.389683, 53.2804834], [69.3896532, 53.2806057]]]}}, {"type": "Feature", "properties": {"levels": 1.0, "addr": "проспект Нурсултана Назарбаева 4", "name": "", "type": "yes", "tagged": true}, "geometry": {"type": "Polygon", "coordinates": [[[69.3846288, 53.2922468], [69.3846195, 53.2922769], [69.3843618, 53.2931135], [69.3843539, 53.293139], [69.3845873, 53.2931647], [69.3848622, 53.2922725], [69.3846288, 53.2922468]]]}}, {"type": "Feature", "properties": {"levels": 1.0, "addr": "проспект Нурсултана Назарбаева 6", "name": "", "type": "yes", "tagged": true}, "geometry": {"type": "Polygon", "coordinates": [[[69.3849339, 53.2909885], [69.3849214, 53.2910322], [69.3846799, 53.291876], [69.3846018, 53.2918681], [69.3845858, 53.2919242], [69.3848206, 53.2919482], [69.3850907, 53.2910046], [69.3849339, 53.2909885]]]}}, {"type": "Feature", "properties": {"levels": 2.0, "addr": "улица Жумабека Ташенова 48", "name": "", "type": "yes", "tagged": true}, "geometry": {"type": "Polygon", "coordinates": [[[69.3999657, 53.2877614], [69.4003336, 53.2877901], [69.4003812, 53.2875724], [69.4001561, 53.2875549], [69.400133, 53.2876606], [69.3999901, 53.2876495], [69.3999657, 53.2877614]]]}}, {"type": "Feature", "properties": {"levels": 2, "addr": "проспект Абылай-хана 1а/2", "name": "", "type": "yes", "tagged": false}, "geometry": {"type": "Polygon", "coordinates": [[[69.3917783, 53.2955885], [69.3919335, 53.2958141], [69.3921988, 53.2957489], [69.3919575, 53.2953982], [69.3916935, 53.2954631], [69.3915026, 53.2955099], [69.3915915, 53.2956354], [69.3917783, 53.2955885]]]}}, {"type": "Feature", "properties": {"levels": 1, "addr": "улица Наурызбай батыра 101", "name": "", "type": "house", "tagged": false}, "geometry": {"type": "Polygon", "coordinates": [[[69.384905, 53.2766041], [69.3850803, 53.2766169], [69.3851012, 53.2765146], [69.3849258, 53.2765018], [69.384905, 53.2766041]]]}}, {"type": "Feature", "properties": {"levels": 1, "addr": "улица Наурызбай батыра 103", "name": "", "type": "house", "tagged": false}, "geometry": {"type": "Polygon", "coordinates": [[[69.3851221, 53.2767044], [69.3853133, 53.2767164], [69.3853312, 53.2766143], [69.38514, 53.2766023], [69.3851221, 53.2767044]]]}}, {"type": "Feature", "properties": {"levels": 1, "addr": "улица Биржан сала 74", "name": "", "type": "house", "tagged": false}, "geometry": {"type": "Polygon", "coordinates": [[[69.3807025, 53.2787985], [69.3808938, 53.2788155], [69.3809323, 53.2786608], [69.380741, 53.2786438], [69.3807025, 53.2787985]]]}}, {"type": "Feature", "properties": {"levels": 1, "addr": "улица Биржан сала 79", "name": "", "type": "house", "tagged": false}, "geometry": {"type": "Polygon", "coordinates": [[[69.3814273, 53.2790307], [69.3815602, 53.2790439], [69.3815803, 53.2789708], [69.3814474, 53.2789577], [69.3814273, 53.2790307]]]}}, {"type": "Feature", "properties": {"levels": 1, "addr": "улица Биржан сала 81", "name": "", "type": "house", "tagged": false}, "geometry": {"type": "Polygon", "coordinates": [[[69.3814707, 53.2788424], [69.3816102, 53.2788561], [69.3816362, 53.2787613], [69.3814968, 53.2787476], [69.3814707, 53.2788424]]]}}, {"type": "Feature", "properties": {"levels": 1.0, "addr": "улица Биржан сала 84", "name": "", "type": "house", "tagged": true}, "geometry": {"type": "Polygon", "coordinates": [[[69.3809424, 53.2778273], [69.381162, 53.2778502], [69.3812026, 53.2777114], [69.380983, 53.2776885], [69.3809424, 53.2778273]]]}}, {"type": "Feature", "properties": {"levels": 1, "addr": "улица Наурызбай батыра 85", "name": "", "type": "house", "tagged": false}, "geometry": {"type": "Polygon", "coordinates": [[[69.382233, 53.2763964], [69.3823992, 53.2764133], [69.3824288, 53.2763091], [69.3822625, 53.2762922], [69.382233, 53.2763964]]]}}, {"type": "Feature", "properties": {"levels": 1.0, "addr": "улица Биржан сала 86", "name": "", "type": "house", "tagged": true}, "geometry": {"type": "Polygon", "coordinates": [[[69.3810218, 53.2776634], [69.3812467, 53.2776828], [69.3812786, 53.2775508], [69.3810537, 53.2775313], [69.3810218, 53.2776634]]]}}, {"type": "Feature", "properties": {"levels": 1.0, "addr": "улица Биржан сала 87", "name": "", "type": "house", "tagged": true}, "geometry": {"type": "Polygon", "coordinates": [[[69.3816915, 53.2780149], [69.381902, 53.2780309], [69.3819226, 53.2779337], [69.3817122, 53.2779177], [69.3816915, 53.2780149]]]}}, {"type": "Feature", "properties": {"levels": 1, "addr": "улица Наурызбай батыра 87", "name": "", "type": "house", "tagged": false}, "geometry": {"type": "Polygon", "coordinates": [[[69.382454, 53.2764329], [69.3825986, 53.2764475], [69.3826369, 53.2763119], [69.3824923, 53.2762973], [69.382454, 53.2764329]]]}}, {"type": "Feature", "properties": {"levels": 1.0, "addr": "улица Биржан сала 88", "name": "", "type": "house", "tagged": true}, "geometry": {"type": "Polygon", "coordinates": [[[69.3811179, 53.2774693], [69.3813017, 53.2774815], [69.3813268, 53.2773464], [69.3811431, 53.2773342], [69.3811179, 53.2774693]]]}}, {"type": "Feature", "properties": {"levels": 1.0, "addr": "улица Биржан сала 89", "name": "", "type": "house", "tagged": true}, "geometry": {"type": "Polygon", "coordinates": [[[69.3817448, 53.2779039], [69.3818978, 53.2779146], [69.3819109, 53.2778479], [69.3817579, 53.2778372], [69.3817448, 53.2779039]]]}}, {"type": "Feature", "properties": {"levels": 1, "addr": "улица Наурызбай батыра 89", "name": "", "type": "house", "tagged": false}, "geometry": {"type": "Polygon", "coordinates": [[[69.3826667, 53.2764344], [69.3828131, 53.2764497], [69.3828405, 53.2763556], [69.382694, 53.2763404], [69.3826667, 53.2764344]]]}}, {"type": "Feature", "properties": {"levels": 1, "addr": "улица Наурызбай батыра 91", "name": "", "type": "house", "tagged": false}, "geometry": {"type": "Polygon", "coordinates": [[[69.3829234, 53.2764487], [69.383045, 53.2764623], [69.3830702, 53.2763818], [69.3829486, 53.2763682], [69.3829234, 53.2764487]]]}}, {"type": "Feature", "properties": {"levels": 1.0, "addr": "улица Биржан сала 93", "name": "", "type": "house", "tagged": true}, "geometry": {"type": "Polygon", "coordinates": [[[69.3817757, 53.2776897], [69.3819766, 53.2777068], [69.3820003, 53.2776077], [69.3817994, 53.2775905], [69.3817757, 53.2776897]]]}}, {"type": "Feature", "properties": {"levels": 1, "addr": "улица Наурызбай батыра 93", "name": "", "type": "house", "tagged": false}, "geometry": {"type": "Polygon", "coordinates": [[[69.3831745, 53.2764658], [69.3832856, 53.2764746], [69.3833026, 53.2763974], [69.3831916, 53.2763886], [69.3831745, 53.2764658]]]}}, {"type": "Feature", "properties": {"levels": 1.0, "addr": "улица Биржан сала 95", "name": "", "type": "house", "tagged": true}, "geometry": {"type": "Polygon", "coordinates": [[[69.3818427, 53.2775306], [69.3820309, 53.2775484], [69.3820612, 53.2774339], [69.3818731, 53.2774161], [69.3818427, 53.2775306]]]}}, {"type": "Feature", "properties": {"levels": 1, "addr": "улица Наурызбай батыра 95", "name": "", "type": "house", "tagged": false}, "geometry": {"type": "Polygon", "coordinates": [[[69.3833486, 53.2764789], [69.383368, 53.276398], [69.3835087, 53.27641], [69.3834894, 53.2764909], [69.3833486, 53.2764789]]]}}, {"type": "Feature", "properties": {"levels": 1, "addr": "улица Наурызбай батыра 97", "name": "", "type": "house", "tagged": false}, "geometry": {"type": "Polygon", "coordinates": [[[69.3840781, 53.276551], [69.3843485, 53.2765765], [69.3843713, 53.2764903], [69.3841009, 53.2764647], [69.3840781, 53.276551]]]}}, {"type": "Feature", "properties": {"levels": 1, "addr": "улица Наурызбай батыра 99", "name": "", "type": "house", "tagged": false}, "geometry": {"type": "Polygon", "coordinates": [[[69.3845169, 53.2766308], [69.3847287, 53.2766439], [69.3847461, 53.276543], [69.3846571, 53.2765375], [69.3846644, 53.2764952], [69.3845416, 53.2764876], [69.3845169, 53.2766308]]]}}, {"type": "Feature", "properties": {"levels": 1, "addr": "улица Валиханова 141", "name": "", "type": "house", "tagged": false}, "geometry": {"type": "Polygon", "coordinates": [[[69.3915067, 53.2749307], [69.3916835, 53.2749454], [69.3916576, 53.2750566], [69.3914808, 53.2750418], [69.3915067, 53.2749307]]]}}, {"type": "Feature", "properties": {"levels": 1.0, "addr": "улица Валиханова 145", "name": "", "type": "house", "tagged": true}, "geometry": {"type": "Polygon", "coordinates": [[[69.3925913, 53.2750183], [69.3927172, 53.2750339], [69.3927542, 53.2749272], [69.3926283, 53.2749115], [69.3925913, 53.2750183]]]}}, {"type": "Feature", "properties": {"levels": 2, "addr": "улица Ашимова 195", "name": "", "type": "apartments", "tagged": false}, "geometry": {"type": "Polygon", "coordinates": [[[69.3976933, 53.2802524], [69.3977572, 53.2799888], [69.3972599, 53.2799457], [69.3971964, 53.280208], [69.3968975, 53.2801821], [69.3969783, 53.2798037], [69.3981973, 53.2799164], [69.3980941, 53.280291], [69.3976933, 53.2802524]]]}}, {"type": "Feature", "properties": {"levels": 3.0, "addr": "улица Исмаилова 37", "name": "", "type": "yes", "tagged": true}, "geometry": {"type": "Polygon", "coordinates": [[[69.3989334, 53.2981664], [69.3990689, 53.2982486], [69.3991899, 53.2981773], [69.3990544, 53.2980951], [69.3989334, 53.2981664]]]}}, {"type": "Feature", "properties": {"levels": 2.0, "addr": "улица Акана-серэ 71", "name": "", "type": "house", "tagged": true}, "geometry": {"type": "Polygon", "coordinates": [[[69.3745578, 53.2804019], [69.3748097, 53.2804275], [69.3748593, 53.2802534], [69.3746074, 53.2802277], [69.3745578, 53.2804019]]]}}, {"type": "Feature", "properties": {"levels": 9.0, "addr": "проспект Нурсултана Назарбаева 86", "name": "", "type": "apartments", "tagged": true}, "geometry": {"type": "Polygon", "coordinates": [[[69.3879922, 53.279904], [69.3883297, 53.2799391], [69.3884205, 53.2799318], [69.3884689, 53.2799083], [69.3884948, 53.2798632], [69.3886149, 53.2794593], [69.3884208, 53.2794391], [69.3883133, 53.2798085], [69.3880761, 53.2797839], [69.3880734, 53.2797933], [69.3880258, 53.2797884], [69.3879922, 53.279904]]]}}, {"type": "Feature", "properties": {"levels": 1.0, "addr": "Алихана 104", "name": "", "type": "house", "tagged": true}, "geometry": {"type": "Polygon", "coordinates": [[[69.3710653, 53.2755847], [69.3712621, 53.2755938], [69.3712502, 53.2756855], [69.3710534, 53.2756764], [69.3710653, 53.2755847]]]}}, {"type": "Feature", "properties": {"levels": 1.0, "addr": "Алихана 106", "name": "", "type": "house", "tagged": true}, "geometry": {"type": "Polygon", "coordinates": [[[69.3714754, 53.2752992], [69.3716128, 53.2753146], [69.3715743, 53.2754374], [69.3714369, 53.275422], [69.3714754, 53.2752992]]]}}, {"type": "Feature", "properties": {"levels": 1.0, "addr": "Алихана 73", "name": "", "type": "house", "tagged": true}, "geometry": {"type": "Polygon", "coordinates": [[[69.3714602, 53.2779092], [69.3714988, 53.2777658], [69.371652, 53.2777806], [69.3716133, 53.277924], [69.3714602, 53.2779092]]]}}, {"type": "Feature", "properties": {"levels": 1, "addr": "Алихана 89", "name": "", "type": "house", "tagged": false}, "geometry": {"type": "Polygon", "coordinates": [[[69.3718512, 53.276427], [69.3719949, 53.2764436], [69.3720331, 53.2763256], [69.3718893, 53.276309], [69.3718512, 53.276427]]]}}, {"type": "Feature", "properties": {"levels": 1.0, "addr": "Алихана 95", "name": "", "type": "house", "tagged": true}, "geometry": {"type": "Polygon", "coordinates": [[[69.3722021, 53.2757717], [69.372364, 53.2757808], [69.3723792, 53.275685], [69.3722172, 53.2756759], [69.3722021, 53.2757717]]]}}, {"type": "Feature", "properties": {"levels": 1.0, "addr": "Алихана 97", "name": "", "type": "house", "tagged": true}, "geometry": {"type": "Polygon", "coordinates": [[[69.3722572, 53.2756219], [69.3723818, 53.2756305], [69.3723996, 53.275538], [69.372275, 53.2755295], [69.3722572, 53.2756219]]]}}, {"type": "Feature", "properties": {"levels": 6.0, "addr": "проспект Нурсултана Назарбаева", "name": "", "type": "apartments", "tagged": true}, "geometry": {"type": "Polygon", "coordinates": [[[69.3822503, 53.2947526], [69.3822686, 53.2946887], [69.3822875, 53.2946227], [69.3826545, 53.2946603], [69.3826417, 53.294705], [69.3826158, 53.2947957], [69.3824938, 53.2947832], [69.3824999, 53.2947617], [69.3823842, 53.2947499], [69.3823797, 53.2947658], [69.3822503, 53.2947526]]]}}, {"type": "Feature", "properties": {"levels": 6.0, "addr": "проспект Нурсултана Назарбаева", "name": "", "type": "apartments", "tagged": true}, "geometry": {"type": "Polygon", "coordinates": [[[69.3829825, 53.2948861], [69.3830106, 53.2947874], [69.3830231, 53.2947437], [69.3826417, 53.294705], [69.3826158, 53.2947957], [69.3826012, 53.2948453], [69.3827246, 53.2948579], [69.3827302, 53.294838], [69.3828392, 53.294849], [69.382833, 53.2948709], [69.3829825, 53.2948861]]]}}, {"type": "Feature", "properties": {"levels": 6.0, "addr": "проспект Нурсултана Назарбаева 2К", "name": "", "type": "apartments", "tagged": true}, "geometry": {"type": "Polygon", "coordinates": [[[69.382972, 53.2949232], [69.3829825, 53.2948861], [69.3830106, 53.2947874], [69.3833914, 53.2948261], [69.3833329, 53.2950315], [69.3831282, 53.2950107], [69.383148, 53.2949411], [69.382972, 53.2949232]]]}}, {"type": "Feature", "properties": {"levels": 3.0, "addr": "проспект Нурсултана Назарбаева 6/1", "name": "\"Науан Әзірет\" Орталық Мешіті", "type": "mosque", "tagged": true}, "geometry": {"type": "Polygon", "coordinates": [[[69.3828006, 53.2940774], [69.3832118, 53.2943109], [69.3831855, 53.2943274], [69.3831801, 53.2943447], [69.3831962, 53.2943627], [69.3832311, 53.2943739], [69.3832619, 53.2943715], [69.3832929, 53.2943517], [69.3834418, 53.2944348], [69.3835125, 53.2943896], [69.3835934, 53.2944347], [69.3836957, 53.2943692], [69.383794, 53.2943063], [69.3837252, 53.2942679], [69.3838104, 53.2942134], [69.3836569, 53.2941277], [69.3836828, 53.2941111], [69.383692, 53.2940925], [69.3836757, 53.2940744], [69.3836395, 53.2940638], [69.3836083, 53.2940679], [69.3835802, 53.2940857], [69.3834422, 53.2940076], [69.3834757, 53.2939865], [69.3833937, 53.29394], [69.3833594, 53.2939617], [69.3831535, 53.293845], [69.3831837, 53.2938259], [69.3831918, 53.2938077], [69.3831786, 53.2937865], [69.3831361, 53.2937752], [69.3830952, 53.2937809], [69.3826775, 53.2940469], [69.3826793, 53.29407], [69.3826977, 53.294086], [69.3827351, 53.2940955], [69.3827709, 53.2940961], [69.3828006, 53.2940774]]]}}, {"type": "Feature", "properties": {"levels": 2, "addr": "улица Акана-серэ 56", "name": "", "type": "yes", "tagged": false}, "geometry": {"type": "Polygon", "coordinates": [[[69.3734464, 53.2797826], [69.3732594, 53.2797639], [69.3732872, 53.2796641], [69.3734742, 53.2796827], [69.3734464, 53.2797826]]]}}, {"type": "Feature", "properties": {"levels": 2, "addr": "улица Акана-серэ 58", "name": "", "type": "yes", "tagged": false}, "geometry": {"type": "Polygon", "coordinates": [[[69.3736689, 53.279815], [69.3739204, 53.2798396], [69.3739785, 53.2796276], [69.373727, 53.279603], [69.3736689, 53.279815]]]}}, {"type": "Feature", "properties": {"levels": 2, "addr": "улица Магжана Жумабаева 54", "name": "", "type": "yes", "tagged": false}, "geometry": {"type": "Polygon", "coordinates": [[[69.3744735, 53.2796941], [69.3746128, 53.2797077], [69.3746396, 53.2796094], [69.3745003, 53.2795958], [69.3744735, 53.2796941]]]}}, {"type": "Feature", "properties": {"levels": 2, "addr": "улица Акана-серэ 60", "name": "", "type": "yes", "tagged": false}, "geometry": {"type": "Polygon", "coordinates": [[[69.3740576, 53.2798407], [69.3741833, 53.2798535], [69.3742075, 53.2797683], [69.3740818, 53.2797556], [69.3740576, 53.2798407]]]}}, {"type": "Feature", "properties": {"levels": 2, "addr": "улица Акана-серэ 62", "name": "", "type": "yes", "tagged": false}, "geometry": {"type": "Polygon", "coordinates": [[[69.3743995, 53.2798842], [69.3745577, 53.2798996], [69.3745842, 53.2798026], [69.374426, 53.2797872], [69.3743995, 53.2798842]]]}}, {"type": "Feature", "properties": {"levels": 1.0, "addr": "улица Зарапа Темирбекова 61", "name": "", "type": "yes", "tagged": true}, "geometry": {"type": "Polygon", "coordinates": [[[69.373284, 53.27962], [69.3734889, 53.2796426], [69.3735422, 53.27947], [69.3733373, 53.2794474], [69.373284, 53.27962]]]}}, {"type": "Feature", "properties": {"levels": 1.0, "addr": "улица Зарапа Темирбекова 65", "name": "", "type": "yes", "tagged": true}, "geometry": {"type": "Polygon", "coordinates": [[[69.3735107, 53.2792821], [69.3737361, 53.2793072], [69.3737746, 53.2791838], [69.3735492, 53.2791587], [69.3735107, 53.2792821]]]}}, {"type": "Feature", "properties": {"levels": 1.0, "addr": "улица Зарапа Темирбекова 63", "name": "", "type": "yes", "tagged": true}, "geometry": {"type": "Polygon", "coordinates": [[[69.3733614, 53.279389], [69.3733905, 53.2792998], [69.3735398, 53.2793173], [69.3735107, 53.2794064], [69.3733614, 53.279389]]]}}, {"type": "Feature", "properties": {"levels": 1.0, "addr": "улица Сабатаева 71", "name": "", "type": "yes", "tagged": true}, "geometry": {"type": "Polygon", "coordinates": [[[69.3734395, 53.279072], [69.3736397, 53.2790919], [69.3736868, 53.2789222], [69.373453, 53.278899], [69.3734274, 53.2789913], [69.373461, 53.2789946], [69.3734395, 53.279072]]]}}, {"type": "Feature", "properties": {"levels": 1.0, "addr": "улица Сабатаева 77а", "name": "", "type": "yes", "tagged": true}, "geometry": {"type": "Polygon", "coordinates": [[[69.374053, 53.2790767], [69.374088, 53.2789536], [69.3748307, 53.279029], [69.3747098, 53.2794541], [69.3744861, 53.2794314], [69.374572, 53.2791294], [69.374053, 53.2790767]]]}}, {"type": "Feature", "properties": {"levels": 2, "addr": "улица Акана-серэ 64", "name": "", "type": "yes", "tagged": false}, "geometry": {"type": "Polygon", "coordinates": [[[69.3747222, 53.2798913], [69.374962, 53.2799178], [69.375021, 53.2797268], [69.3747812, 53.2797003], [69.3747222, 53.2798913]]]}}, {"type": "Feature", "properties": {"levels": 2, "addr": "", "name": "", "type": "yes", "tagged": false}, "geometry": {"type": "Polygon", "coordinates": [[[69.3763438, 53.2793168], [69.3764688, 53.2793279], [69.3765012, 53.2791974], [69.3763762, 53.2791863], [69.3763438, 53.2793168]]]}}, {"type": "Feature", "properties": {"levels": 1.0, "addr": "Сагдиева 60", "name": "", "type": "yes", "tagged": true}, "geometry": {"type": "Polygon", "coordinates": [[[69.3765076, 53.279328], [69.3766956, 53.2793446], [69.3767294, 53.2792085], [69.3765414, 53.2791918], [69.3765076, 53.279328]]]}}, {"type": "Feature", "properties": {"levels": 2, "addr": "улица Акана-серэ 72", "name": "", "type": "yes", "tagged": false}, "geometry": {"type": "Polygon", "coordinates": [[[69.3771078, 53.2801269], [69.3772726, 53.2801403], [69.3772971, 53.2800328], [69.3771322, 53.2800194], [69.3771078, 53.2801269]]]}}, {"type": "Feature", "properties": {"levels": 2, "addr": "улица Акана-серэ 74", "name": "", "type": "yes", "tagged": false}, "geometry": {"type": "Polygon", "coordinates": [[[69.3773854, 53.2801492], [69.3774753, 53.2801568], [69.3774961, 53.2800687], [69.3774062, 53.2800611], [69.3773854, 53.2801492]]]}}, {"type": "Feature", "properties": {"levels": 2, "addr": "", "name": "", "type": "yes", "tagged": false}, "geometry": {"type": "Polygon", "coordinates": [[[69.3775322, 53.2799851], [69.3776343, 53.2799946], [69.3776545, 53.279917], [69.3775524, 53.2799075], [69.3775322, 53.2799851]]]}}, {"type": "Feature", "properties": {"levels": 1.0, "addr": "Сагдиева 41", "name": "", "type": "yes", "tagged": true}, "geometry": {"type": "Polygon", "coordinates": [[[69.3771787, 53.2798169], [69.3771876, 53.2797811], [69.3773545, 53.2797958], [69.3773401, 53.2798541], [69.3772389, 53.2798452], [69.3772444, 53.2798227], [69.3771787, 53.2798169]]]}}, {"type": "Feature", "properties": {"levels": 1.0, "addr": "Сагдиева 47", "name": "", "type": "yes", "tagged": true}, "geometry": {"type": "Polygon", "coordinates": [[[69.3773188, 53.2793591], [69.3774779, 53.279375], [69.3774973, 53.2793056], [69.3773381, 53.2792897], [69.3773188, 53.2793591]]]}}, {"type": "Feature", "properties": {"levels": 2, "addr": "улица Ашимова 109", "name": "", "type": "yes", "tagged": false}, "geometry": {"type": "Polygon", "coordinates": [[[69.3795808, 53.2785264], [69.3797766, 53.2785442], [69.3798084, 53.2784191], [69.3796127, 53.2784013], [69.3795808, 53.2785264]]]}}, {"type": "Feature", "properties": {"levels": 2, "addr": "улица Бауржана Момышулы 73", "name": "", "type": "yes", "tagged": false}, "geometry": {"type": "Polygon", "coordinates": [[[69.3797865, 53.2787339], [69.3798239, 53.2785898], [69.3795983, 53.2785688], [69.3795609, 53.2787129], [69.3797865, 53.2787339]]]}}, {"type": "Feature", "properties": {"levels": 2, "addr": "улица Ашимова 115", "name": "", "type": "yes", "tagged": false}, "geometry": {"type": "Polygon", "coordinates": [[[69.3803304, 53.2784612], [69.380369, 53.278329], [69.3805864, 53.2783517], [69.3805479, 53.2784839], [69.3803304, 53.2784612]]]}}, {"type": "Feature", "properties": {"levels": 2, "addr": "улица Ашимова 117", "name": "", "type": "yes", "tagged": false}, "geometry": {"type": "Polygon", "coordinates": [[[69.3806523, 53.2784906], [69.3808278, 53.2785088], [69.3808604, 53.2783964], [69.3806849, 53.2783782], [69.3806523, 53.2784906]]]}}, {"type": "Feature", "properties": {"levels": 2, "addr": "улица Биржан сала 76", "name": "", "type": "yes", "tagged": false}, "geometry": {"type": "Polygon", "coordinates": [[[69.3808545, 53.2785302], [69.3808882, 53.2784178], [69.3810596, 53.2784362], [69.3810259, 53.2785486], [69.3808545, 53.2785302]]]}}, {"type": "Feature", "properties": {"levels": 2, "addr": "улица Ашимова 111", "name": "", "type": "yes", "tagged": false}, "geometry": {"type": "Polygon", "coordinates": [[[69.3798596, 53.2786002], [69.3800257, 53.2786161], [69.3800568, 53.2784997], [69.3798907, 53.2784839], [69.3798596, 53.2786002]]]}}, {"type": "Feature", "properties": {"levels": 2, "addr": "Сагдиева 51", "name": "", "type": "yes", "tagged": false}, "geometry": {"type": "Polygon", "coordinates": [[[69.3775542, 53.2784716], [69.3776937, 53.2784891], [69.3777287, 53.2783897], [69.3775892, 53.2783722], [69.3775542, 53.2784716]]]}}, {"type": "Feature", "properties": {"levels": 1.0, "addr": "Сагдиева 68", "name": "", "type": "yes", "tagged": true}, "geometry": {"type": "Polygon", "coordinates": [[[69.3767882, 53.2783685], [69.3769799, 53.2783862], [69.3770052, 53.2782884], [69.3768135, 53.2782706], [69.3767882, 53.2783685]]]}}, {"type": "Feature", "properties": {"levels": 1.0, "addr": "улица Ашимова 94", "name": "", "type": "yes", "tagged": true}, "geometry": {"type": "Polygon", "coordinates": [[[69.3797464, 53.2780132], [69.3797781, 53.2778623], [69.3800593, 53.2778834], [69.3800276, 53.2780344], [69.3797464, 53.2780132]]]}}, {"type": "Feature", "properties": {"levels": 1.0, "addr": "улица Ашимова 96", "name": "", "type": "yes", "tagged": true}, "geometry": {"type": "Polygon", "coordinates": [[[69.3802405, 53.2781014], [69.3804391, 53.2781166], [69.3804672, 53.2779852], [69.3802687, 53.27797], [69.3802405, 53.2781014]]]}}, {"type": "Feature", "properties": {"levels": 1.0, "addr": "улица Ашимова 98", "name": "", "type": "yes", "tagged": true}, "geometry": {"type": "Polygon", "coordinates": [[[69.3805521, 53.2781203], [69.3807695, 53.2781374], [69.3808001, 53.2779979], [69.3805827, 53.2779809], [69.3805521, 53.2781203]]]}}, {"type": "Feature", "properties": {"levels": 1.0, "addr": "улица Бауржана Момышулы 79", "name": "", "type": "yes", "tagged": true}, "geometry": {"type": "Polygon", "coordinates": [[[69.3798519, 53.2777191], [69.380045, 53.2777372], [69.3800816, 53.2775977], [69.3798886, 53.2775795], [69.3798519, 53.2777191]]]}}, {"type": "Feature", "properties": {"levels": 1.0, "addr": "улица Бауржана Момышулы 81", "name": "", "type": "yes", "tagged": true}, "geometry": {"type": "Polygon", "coordinates": [[[69.379888, 53.2775273], [69.3800571, 53.2775448], [69.3801029, 53.277386], [69.3799339, 53.2773686], [69.379888, 53.2775273]]]}}, {"type": "Feature", "properties": {"levels": 2, "addr": "улица Островского 99", "name": "", "type": "yes", "tagged": false}, "geometry": {"type": "Polygon", "coordinates": [[[69.3804356, 53.277527], [69.3805589, 53.2775365], [69.3805913, 53.2773858], [69.380468, 53.2773763], [69.3804356, 53.277527]]]}}, {"type": "Feature", "properties": {"levels": 2, "addr": "", "name": "", "type": "yes", "tagged": false}, "geometry": {"type": "Polygon", "coordinates": [[[69.3807733, 53.2779186], [69.3807918, 53.2778558], [69.3811882, 53.2778976], [69.3811697, 53.2779604], [69.3807733, 53.2779186]]]}}, {"type": "Feature", "properties": {"levels": 2.0, "addr": "улица Сабатаева 100", "name": "", "type": "detached", "tagged": true}, "geometry": {"type": "Polygon", "coordinates": [[[69.3816389, 53.2793105], [69.3818885, 53.2793357], [69.3819374, 53.2791626], [69.3816879, 53.2791373], [69.3816389, 53.2793105]]]}}, {"type": "Feature", "properties": {"levels": 2.0, "addr": "улица Сабатаева 104", "name": "", "type": "detached", "tagged": true}, "geometry": {"type": "Polygon", "coordinates": [[[69.382104, 53.2793822], [69.3823427, 53.2794055], [69.3823749, 53.2792876], [69.3821361, 53.2792643], [69.382104, 53.2793822]]]}}, {"type": "Feature", "properties": {"levels": 2.0, "addr": "улица Сабатаева 106", "name": "", "type": "detached", "tagged": true}, "geometry": {"type": "Polygon", "coordinates": [[[69.3824803, 53.2794023], [69.3827165, 53.2794233], [69.3827497, 53.2792895], [69.3825135, 53.2792685], [69.3824803, 53.2794023]]]}}, {"type": "Feature", "properties": {"levels": 1.0, "addr": "улица Каныша Сатпаева 24", "name": "", "type": "detached", "tagged": true}, "geometry": {"type": "Polygon", "coordinates": [[[69.3825548, 53.2791191], [69.3825768, 53.2790147], [69.3828071, 53.279032], [69.3827852, 53.2791364], [69.3825548, 53.2791191]]]}}, {"type": "Feature", "properties": {"levels": 1.0, "addr": "улица Ашимова 127", "name": "", "type": "detached", "tagged": true}, "geometry": {"type": "Polygon", "coordinates": [[[69.3826905, 53.2787031], [69.3829548, 53.2787348], [69.3829995, 53.2786018], [69.3827353, 53.27857], [69.3826905, 53.2787031]]]}}, {"type": "Feature", "properties": {"levels": 2, "addr": "", "name": "", "type": "yes", "tagged": false}, "geometry": {"type": "Polygon", "coordinates": [[[69.3820125, 53.2791631], [69.382041, 53.2790676], [69.3824163, 53.2791075], [69.3823878, 53.279203], [69.3820125, 53.2791631]]]}}, {"type": "Feature", "properties": {"levels": 1.0, "addr": "улица Ашимова 121", "name": "", "type": "yes", "tagged": true}, "geometry": {"type": "Polygon", "coordinates": [[[69.3815195, 53.2786027], [69.381749, 53.2786262], [69.3817834, 53.278506], [69.3815539, 53.2784825], [69.3815195, 53.2786027]]]}}, {"type": "Feature", "properties": {"levels": 1.0, "addr": "улица Ашимова 123", "name": "", "type": "yes", "tagged": true}, "geometry": {"type": "Polygon", "coordinates": [[[69.3819143, 53.2786517], [69.3822161, 53.2786801], [69.3822416, 53.2785832], [69.3821603, 53.2785755], [69.3821705, 53.2785368], [69.3819499, 53.278516], [69.3819143, 53.2786517]]]}}, {"type": "Feature", "properties": {"levels": 1.0, "addr": "улица Ашимова 125", "name": "", "type": "yes", "tagged": true}, "geometry": {"type": "Polygon", "coordinates": [[[69.3823628, 53.2786728], [69.3824891, 53.278685], [69.3825195, 53.2785729], [69.3823932, 53.2785606], [69.3823628, 53.2786728]]]}}, {"type": "Feature", "properties": {"levels": 2, "addr": "", "name": "", "type": "yes", "tagged": false}, "geometry": {"type": "Polygon", "coordinates": [[[69.3819299, 53.2788384], [69.3820048, 53.2788458], [69.3820246, 53.2787734], [69.3819498, 53.2787661], [69.3819299, 53.2788384]]]}}, {"type": "Feature", "properties": {"levels": 2, "addr": "улица Кудайбердиева", "name": "", "type": "yes", "tagged": false}, "geometry": {"type": "Polygon", "coordinates": [[[69.3850221, 53.2868931], [69.3850907, 53.2869011], [69.3851106, 53.2868402], [69.385042, 53.2868322], [69.3850221, 53.2868931]]]}}, {"type": "Feature", "properties": {"levels": 2.0, "addr": "улица Ильяса Есенберлина 42", "name": "", "type": "yes", "tagged": true}, "geometry": {"type": "Polygon", "coordinates": [[[69.384717, 53.2861792], [69.3848579, 53.2861932], [69.3849062, 53.2860201], [69.3847653, 53.286006], [69.384717, 53.2861792]]]}}, {"type": "Feature", "properties": {"levels": 2, "addr": "", "name": "", "type": "yes", "tagged": false}, "geometry": {"type": "Polygon", "coordinates": [[[69.3855881, 53.2871898], [69.3856997, 53.2872028], [69.3857275, 53.2871176], [69.3856159, 53.2871046], [69.3855881, 53.2871898]]]}}, {"type": "Feature", "properties": {"levels": 2, "addr": "улица Ильяса Есенберлина 51", "name": "", "type": "yes", "tagged": false}, "geometry": {"type": "Polygon", "coordinates": [[[69.3852608, 53.2870294], [69.3851817, 53.2872712], [69.3853493, 53.2872908], [69.3854284, 53.287049], [69.3852608, 53.2870294]]]}}, {"type": "Feature", "properties": {"levels": 2, "addr": "", "name": "", "type": "yes", "tagged": false}, "geometry": {"type": "Polygon", "coordinates": [[[69.3855988, 53.2869508], [69.385713, 53.2869642], [69.3857651, 53.2868049], [69.3856509, 53.2867916], [69.3855988, 53.2869508]]]}}, {"type": "Feature", "properties": {"levels": 2, "addr": "улица Ильяса Есенберлина 38Б", "name": "", "type": "yes", "tagged": false}, "geometry": {"type": "Polygon", "coordinates": [[[69.3846117, 53.2865692], [69.3845921, 53.2866278], [69.384753, 53.2866471], [69.3847726, 53.2865885], [69.3846117, 53.2865692]]]}}, {"type": "Feature", "properties": {"levels": 1.0, "addr": "улица Магзи Абулкасымова 96", "name": "", "type": "yes", "tagged": true}, "geometry": {"type": "Polygon", "coordinates": [[[69.3754339, 53.2877185], [69.3755735, 53.2877339], [69.3756057, 53.2876297], [69.3754661, 53.2876143], [69.3754339, 53.2877185]]]}}, {"type": "Feature", "properties": {"levels": 2, "addr": "Сагдиева 33А", "name": "", "type": "yes", "tagged": false}, "geometry": {"type": "Polygon", "coordinates": [[[69.3768427, 53.2814838], [69.3768856, 53.2813555], [69.3767752, 53.2813423], [69.3767323, 53.2814706], [69.3768427, 53.2814838]]]}}, {"type": "Feature", "properties": {"levels": 2, "addr": "", "name": "", "type": "yes", "tagged": false}, "geometry": {"type": "Polygon", "coordinates": [[[69.3754527, 53.2875678], [69.3755653, 53.2875822], [69.3756016, 53.2874809], [69.375489, 53.2874665], [69.3754527, 53.2875678]]]}}, {"type": "Feature", "properties": {"levels": 2, "addr": "", "name": "", "type": "yes", "tagged": false}, "geometry": {"type": "Polygon", "coordinates": [[[69.3759059, 53.2874844], [69.3760132, 53.2874972], [69.3760434, 53.2874072], [69.3759361, 53.2873944], [69.3759059, 53.2874844]]]}}, {"type": "Feature", "properties": {"levels": 2, "addr": "", "name": "", "type": "yes", "tagged": false}, "geometry": {"type": "Polygon", "coordinates": [[[69.3852608, 53.2870102], [69.385414, 53.2870281], [69.3854566, 53.2868979], [69.3853034, 53.28688], [69.3852608, 53.2870102]]]}}, {"type": "Feature", "properties": {"levels": 2, "addr": "", "name": "", "type": "yes", "tagged": false}, "geometry": {"type": "Polygon", "coordinates": [[[69.3860494, 53.2873004], [69.3861274, 53.2873095], [69.386154, 53.2872282], [69.386076, 53.2872191], [69.3860494, 53.2873004]]]}}, {"type": "Feature", "properties": {"levels": 2, "addr": "улица Кудайбердиева 75а", "name": "", "type": "yes", "tagged": false}, "geometry": {"type": "Polygon", "coordinates": [[[69.3853762, 53.2872651], [69.3855827, 53.2872893], [69.3856095, 53.2872074], [69.3854029, 53.2871832], [69.3853762, 53.2872651]]]}}, {"type": "Feature", "properties": {"levels": 2, "addr": "", "name": "", "type": "yes", "tagged": false}, "geometry": {"type": "Polygon", "coordinates": [[[69.3860253, 53.2872042], [69.3861461, 53.2872183], [69.3861728, 53.2871368], [69.3860519, 53.2871227], [69.3860253, 53.2872042]]]}}, {"type": "Feature", "properties": {"levels": 2, "addr": "", "name": "", "type": "yes", "tagged": false}, "geometry": {"type": "Polygon", "coordinates": [[[69.3849443, 53.2870134], [69.3850497, 53.2870257], [69.3850784, 53.286938], [69.384973, 53.2869257], [69.3849443, 53.2870134]]]}}, {"type": "Feature", "properties": {"levels": 1.0, "addr": "Береговая улица 3", "name": "", "type": "yes", "tagged": true}, "geometry": {"type": "Polygon", "coordinates": [[[69.3756225, 53.2925762], [69.3757754, 53.2925858], [69.3757915, 53.2924944], [69.3756386, 53.2924848], [69.3756225, 53.2925762]]]}}, {"type": "Feature", "properties": {"levels": 1.0, "addr": "Береговая улица 11", "name": "", "type": "yes", "tagged": true}, "geometry": {"type": "Polygon", "coordinates": [[[69.376049, 53.2933024], [69.3762313, 53.2932463], [69.3761709, 53.2931761], [69.3759885, 53.2932323], [69.376049, 53.2933024]]]}}, {"type": "Feature", "properties": {"levels": 1.0, "addr": "Береговая улица 33", "name": "", "type": "yes", "tagged": true}, "geometry": {"type": "Polygon", "coordinates": [[[69.3773337, 53.2946058], [69.3774571, 53.2947132], [69.3775671, 53.2946681], [69.3774437, 53.2945606], [69.3773337, 53.2946058]]]}}, {"type": "Feature", "properties": {"levels": 1.0, "addr": "Береговая улица 15", "name": "", "type": "yes", "tagged": true}, "geometry": {"type": "Polygon", "coordinates": [[[69.3761723, 53.2934531], [69.3763789, 53.293397], [69.3763248, 53.2933259], [69.3761182, 53.293382], [69.3761723, 53.2934531]]]}}, {"type": "Feature", "properties": {"levels": 1.0, "addr": "Береговая улица 37", "name": "", "type": "yes", "tagged": true}, "geometry": {"type": "Polygon", "coordinates": [[[69.3773565, 53.294896], [69.3772824, 53.2949479], [69.3773923, 53.295004], [69.3774665, 53.2949521], [69.3773565, 53.294896]]]}}, {"type": "Feature", "properties": {"levels": 2, "addr": "", "name": "", "type": "yes", "tagged": false}, "geometry": {"type": "Polygon", "coordinates": [[[69.3770521, 53.2930619], [69.3771299, 53.2930651], [69.3771371, 53.2930027], [69.3770593, 53.2929995], [69.3770521, 53.2930619]]]}}, {"type": "Feature", "properties": {"levels": 2, "addr": "", "name": "", "type": "yes", "tagged": false}, "geometry": {"type": "Polygon", "coordinates": [[[69.3769529, 53.2940864], [69.3770467, 53.2940527], [69.3769883, 53.2939945], [69.3768944, 53.2940281], [69.3769529, 53.2940864]]]}}, {"type": "Feature", "properties": {"levels": 1.0, "addr": "Береговая улица 5", "name": "", "type": "yes", "tagged": true}, "geometry": {"type": "Polygon", "coordinates": [[[69.3756225, 53.2926515], [69.3756384, 53.2927355], [69.3757805, 53.2927258], [69.3757646, 53.2926419], [69.3756225, 53.2926515]]]}}, {"type": "Feature", "properties": {"levels": 2, "addr": "", "name": "", "type": "yes", "tagged": false}, "geometry": {"type": "Polygon", "coordinates": [[[69.3788908, 53.2959235], [69.3789585, 53.2959317], [69.3789873, 53.2958466], [69.3789196, 53.2958384], [69.3788908, 53.2959235]]]}}, {"type": "Feature", "properties": {"levels": 2, "addr": "", "name": "", "type": "yes", "tagged": false}, "geometry": {"type": "Polygon", "coordinates": [[[69.3771728, 53.2935589], [69.3772774, 53.2935461], [69.377237, 53.2934285], [69.3771324, 53.2934413], [69.3771728, 53.2935589]]]}}, {"type": "Feature", "properties": {"levels": 2, "addr": "", "name": "", "type": "yes", "tagged": false}, "geometry": {"type": "Polygon", "coordinates": [[[69.3786628, 53.2966755], [69.3787662, 53.296688], [69.3787808, 53.296645], [69.3786773, 53.2966325], [69.3786628, 53.2966755]]]}}, {"type": "Feature", "properties": {"levels": 1.0, "addr": "Жагалау", "name": "", "type": "yes", "tagged": true}, "geometry": {"type": "Polygon", "coordinates": [[[69.3783275, 53.2965913], [69.3784589, 53.2965865], [69.3784495, 53.2964945], [69.3783181, 53.2964993], [69.3783275, 53.2965913]]]}}, {"type": "Feature", "properties": {"levels": 2, "addr": "", "name": "", "type": "yes", "tagged": false}, "geometry": {"type": "Polygon", "coordinates": [[[69.3779198, 53.2961705], [69.3780298, 53.2961961], [69.3780699, 53.2961347], [69.3779599, 53.296109], [69.3779198, 53.2961705]]]}}, {"type": "Feature", "properties": {"levels": 1.0, "addr": "Береговая улица 13", "name": "", "type": "yes", "tagged": true}, "geometry": {"type": "Polygon", "coordinates": [[[69.3763306, 53.2932896], [69.3764513, 53.2932623], [69.3764148, 53.2932045], [69.3762941, 53.2932318], [69.3763306, 53.2932896]]]}}, {"type": "Feature", "properties": {"levels": 2, "addr": "", "name": "", "type": "yes", "tagged": false}, "geometry": {"type": "Polygon", "coordinates": [[[69.3786547, 53.2965392], [69.3787117, 53.296546], [69.3787352, 53.2964766], [69.3786782, 53.2964697], [69.3786547, 53.2965392]]]}}, {"type": "Feature", "properties": {"levels": 2, "addr": "", "name": "", "type": "yes", "tagged": false}, "geometry": {"type": "Polygon", "coordinates": [[[69.3767624, 53.2935493], [69.3768295, 53.2935413], [69.3768055, 53.2934698], [69.3767385, 53.2934778], [69.3767624, 53.2935493]]]}}, {"type": "Feature", "properties": {"levels": 1.0, "addr": "Береговая улица 25", "name": "", "type": "yes", "tagged": true}, "geometry": {"type": "Polygon", "coordinates": [[[69.3766659, 53.2940367], [69.3767276, 53.2941072], [69.3768619, 53.2940652], [69.3768002, 53.2939947], [69.3766659, 53.2940367]]]}}, {"type": "Feature", "properties": {"levels": 1.0, "addr": "Береговая улица 7", "name": "", "type": "yes", "tagged": true}, "geometry": {"type": "Polygon", "coordinates": [[[69.3757727, 53.2929882], [69.3759658, 53.2929449], [69.3759204, 53.2928725], [69.3757273, 53.2929158], [69.3757727, 53.2929882]]]}}, {"type": "Feature", "properties": {"levels": 1.0, "addr": "Жагалау 49", "name": "", "type": "yes", "tagged": true}, "geometry": {"type": "Polygon", "coordinates": [[[69.3782068, 53.295954], [69.3783489, 53.2960053], [69.3784231, 53.2959319], [69.3782809, 53.2958806], [69.3782068, 53.295954]]]}}, {"type": "Feature", "properties": {"levels": 1.0, "addr": "Береговая улица 43", "name": "", "type": "yes", "tagged": true}, "geometry": {"type": "Polygon", "coordinates": [[[69.3776784, 53.295199], [69.3777682, 53.2952767], [69.3778809, 53.2952302], [69.377791, 53.2951525], [69.3776784, 53.295199]]]}}, {"type": "Feature", "properties": {"levels": 2, "addr": "", "name": "", "type": "yes", "tagged": false}, "geometry": {"type": "Polygon", "coordinates": [[[69.3858103, 53.2990101], [69.3859167, 53.2990134], [69.3859249, 53.2989198], [69.3858185, 53.2989164], [69.3858103, 53.2990101]]]}}, {"type": "Feature", "properties": {"levels": 1.0, "addr": "Береговая улица 17", "name": "", "type": "yes", "tagged": true}, "geometry": {"type": "Polygon", "coordinates": [[[69.3762206, 53.2935012], [69.3762877, 53.293583], [69.3763963, 53.2935511], [69.3763293, 53.2934694], [69.3762206, 53.2935012]]]}}, {"type": "Feature", "properties": {"levels": 1.0, "addr": "Жагалау 59", "name": "", "type": "yes", "tagged": true}, "geometry": {"type": "Polygon", "coordinates": [[[69.378188, 53.2966097], [69.3782645, 53.2967444], [69.3783904, 53.2967188], [69.378314, 53.2965842], [69.378188, 53.2966097]]]}}, {"type": "Feature", "properties": {"levels": 2, "addr": "", "name": "", "type": "yes", "tagged": false}, "geometry": {"type": "Polygon", "coordinates": [[[69.3778662, 53.2959877], [69.3780137, 53.2960502], [69.3780765, 53.2959973], [69.377929, 53.2959348], [69.3778662, 53.2959877]]]}}, {"type": "Feature", "properties": {"levels": 2, "addr": "", "name": "", "type": "yes", "tagged": false}, "geometry": {"type": "Polygon", "coordinates": [[[69.3787137, 53.2965937], [69.3788207, 53.2966066], [69.3788398, 53.2965504], [69.3787327, 53.2965374], [69.3787137, 53.2965937]]]}}, {"type": "Feature", "properties": {"levels": 1.0, "addr": "Береговая улица 39", "name": "", "type": "yes", "tagged": true}, "geometry": {"type": "Polygon", "coordinates": [[[69.3773753, 53.2948799], [69.3774799, 53.2949312], [69.3775893, 53.2948516], [69.3774847, 53.2948003], [69.3773753, 53.2948799]]]}}, {"type": "Feature", "properties": {"levels": 1.0, "addr": "Береговая улица 29", "name": "", "type": "yes", "tagged": true}, "geometry": {"type": "Polygon", "coordinates": [[[69.3769984, 53.2943957], [69.3771004, 53.2943428], [69.3770277, 53.2942928], [69.3769258, 53.2943457], [69.3769984, 53.2943957]]]}}, {"type": "Feature", "properties": {"levels": 1.0, "addr": "Береговая улица 41", "name": "", "type": "yes", "tagged": true}, "geometry": {"type": "Polygon", "coordinates": [[[69.3772922, 53.2951461], [69.377378, 53.2951958], [69.3774454, 53.2951542], [69.3773596, 53.2951045], [69.3772922, 53.2951461]]]}}, {"type": "Feature", "properties": {"levels": 2, "addr": "", "name": "", "type": "yes", "tagged": false}, "geometry": {"type": "Polygon", "coordinates": [[[69.3770628, 53.2941265], [69.3771648, 53.2940944], [69.3771229, 53.2940469], [69.377021, 53.2940789], [69.3770628, 53.2941265]]]}}, {"type": "Feature", "properties": {"levels": 1.0, "addr": "Береговая улица 33а", "name": "", "type": "yes", "tagged": true}, "geometry": {"type": "Polygon", "coordinates": [[[69.3778541, 53.2946964], [69.3779721, 53.2946483], [69.3778902, 53.2945765], [69.3777722, 53.2946246], [69.3778541, 53.2946964]]]}}, {"type": "Feature", "properties": {"levels": 2, "addr": "Береговая улица 9", "name": "", "type": "yes", "tagged": false}, "geometry": {"type": "Polygon", "coordinates": [[[69.3759416, 53.2931838], [69.3760972, 53.2931581], [69.376067, 53.2930928], [69.3759115, 53.2931184], [69.3759416, 53.2931838]]]}}, {"type": "Feature", "properties": {"levels": 2, "addr": "Жагалау 61", "name": "", "type": "yes", "tagged": false}, "geometry": {"type": "Polygon", "coordinates": [[[69.3784656, 53.297073], [69.3786158, 53.2971042], [69.3786577, 53.2970324], [69.3785075, 53.2970012], [69.3784656, 53.297073]]]}}, {"type": "Feature", "properties": {"levels": 1.0, "addr": "Жагалау 53", "name": "", "type": "yes", "tagged": true}, "geometry": {"type": "Polygon", "coordinates": [[[69.3780646, 53.2962442], [69.3781988, 53.2962604], [69.3782336, 53.2961576], [69.3780994, 53.2961414], [69.3780646, 53.2962442]]]}}, {"type": "Feature", "properties": {"levels": 1.0, "addr": "Береговая улица 45", "name": "", "type": "yes", "tagged": true}, "geometry": {"type": "Polygon", "coordinates": [[[69.3775792, 53.2955372], [69.3776945, 53.2955693], [69.3777447, 53.2955047], [69.3776294, 53.2954727], [69.3775792, 53.2955372]]]}}, {"type": "Feature", "properties": {"levels": 2, "addr": "Жагалау 51", "name": "", "type": "yes", "tagged": false}, "geometry": {"type": "Polygon", "coordinates": [[[69.3790275, 53.2961496], [69.3791015, 53.2961586], [69.3791241, 53.2960919], [69.3790501, 53.296083], [69.3790275, 53.2961496]]]}}, {"type": "Feature", "properties": {"levels": 1.0, "addr": "Жагалау", "name": "", "type": "yes", "tagged": true}, "geometry": {"type": "Polygon", "coordinates": [[[69.3783409, 53.2963211], [69.3784778, 53.2963377], [69.3784965, 53.2962827], [69.3783595, 53.2962661], [69.3783409, 53.2963211]]]}}, {"type": "Feature", "properties": {"levels": 1.0, "addr": "Береговая улица 19", "name": "", "type": "yes", "tagged": true}, "geometry": {"type": "Polygon", "coordinates": [[[69.3766297, 53.2933697], [69.3766887, 53.2934258], [69.3767881, 53.2933885], [69.3767291, 53.2933324], [69.3766297, 53.2933697]]]}}, {"type": "Feature", "properties": {"levels": 1.0, "addr": "Жагалау 57", "name": "", "type": "yes", "tagged": true}, "geometry": {"type": "Polygon", "coordinates": [[[69.3779547, 53.2965199], [69.3780676, 53.2965336], [69.3780818, 53.2964915], [69.3782117, 53.2965072], [69.378243, 53.2964146], [69.3780003, 53.2963853], [69.3779547, 53.2965199]]]}}, {"type": "Feature", "properties": {"levels": 1.0, "addr": "улица Островского 211", "name": "", "type": "yes", "tagged": true}, "geometry": {"type": "Polygon", "coordinates": [[[69.4049695, 53.2794459], [69.4049514, 53.2795135], [69.4052171, 53.2795389], [69.4052352, 53.2794713], [69.4049695, 53.2794459]]]}}, {"type": "Feature", "properties": {"levels": 2, "addr": "улица Абая 130", "name": "Береке", "type": "yes", "tagged": false}, "geometry": {"type": "Polygon", "coordinates": [[[69.3985991, 53.2864763], [69.3996303, 53.2865589], [69.3996801, 53.2863368], [69.3995831, 53.286329], [69.3995558, 53.2864508], [69.3986981, 53.2863821], [69.3987254, 53.2862603], [69.3986489, 53.2862542], [69.3985991, 53.2864763]]]}}, {"type": "Feature", "properties": {"levels": 2, "addr": "улица Калинина 5а", "name": "", "type": "yes", "tagged": false}, "geometry": {"type": "Polygon", "coordinates": [[[69.3817656, 53.2919422], [69.3817356, 53.2920307], [69.3819475, 53.2920563], [69.3819775, 53.2919678], [69.3817656, 53.2919422]]]}}, {"type": "Feature", "properties": {"levels": 2, "addr": "улица Магзи Абулкасымова 83", "name": "", "type": "yes", "tagged": false}, "geometry": {"type": "Polygon", "coordinates": [[[69.381555, 53.2886409], [69.3815316, 53.2887166], [69.3816476, 53.2887295], [69.381671, 53.2886537], [69.381555, 53.2886409]]]}}, {"type": "Feature", "properties": {"levels": 1.0, "addr": "улица Магзи Абулкасымова 81", "name": "", "type": "yes", "tagged": true}, "geometry": {"type": "Polygon", "coordinates": [[[69.3812258, 53.2887624], [69.3813669, 53.2887773], [69.3814205, 53.2885962], [69.3812794, 53.2885812], [69.3812258, 53.2887624]]]}}, {"type": "Feature", "properties": {"levels": 2.0, "addr": "улица Ауельбекова 161", "name": "", "type": "yes", "tagged": true}, "geometry": {"type": "Polygon", "coordinates": [[[69.4033309, 53.2854119], [69.4037306, 53.2854424], [69.4037595, 53.2853066], [69.4033599, 53.2852761], [69.4033309, 53.2854119]]]}}, {"type": "Feature", "properties": {"levels": 2, "addr": "", "name": "", "type": "yes", "tagged": false}, "geometry": {"type": "Polygon", "coordinates": [[[69.3822214, 53.2884334], [69.3823783, 53.288451], [69.3824148, 53.2883351], [69.3822579, 53.2883175], [69.3822214, 53.2884334]]]}}, {"type": "Feature", "properties": {"levels": 2, "addr": "", "name": "", "type": "yes", "tagged": false}, "geometry": {"type": "Polygon", "coordinates": [[[69.4029101, 53.2856199], [69.4031542, 53.2856311], [69.403171, 53.2855005], [69.4029269, 53.2854893], [69.4029101, 53.2856199]]]}}, {"type": "Feature", "properties": {"levels": 2, "addr": "", "name": "", "type": "yes", "tagged": false}, "geometry": {"type": "Polygon", "coordinates": [[[69.4023179, 53.2854039], [69.402625, 53.2854331], [69.4026417, 53.2853658], [69.4023311, 53.285345], [69.4023179, 53.2854039]]]}}, {"type": "Feature", "properties": {"levels": 2.0, "addr": "улица Ауельбекова 159", "name": "", "type": "yes", "tagged": true}, "geometry": {"type": "Polygon", "coordinates": [[[69.4028706, 53.2853902], [69.403171, 53.2854126], [69.4032031, 53.2852589], [69.4029027, 53.2852365], [69.4028706, 53.2853902]]]}}, {"type": "Feature", "properties": {"levels": 2, "addr": "улица Пушкина 16а", "name": "", "type": "yes", "tagged": false}, "geometry": {"type": "Polygon", "coordinates": [[[69.4026731, 53.2858732], [69.40314, 53.2859128], [69.4031697, 53.2857872], [69.4033081, 53.285799], [69.403326, 53.2857233], [69.4031999, 53.2857126], [69.4028742, 53.2856849], [69.4028578, 53.2857541], [69.4027044, 53.2857411], [69.4026731, 53.2858732]]]}}, {"type": "Feature", "properties": {"levels": 2, "addr": "", "name": "", "type": "yes", "tagged": false}, "geometry": {"type": "Polygon", "coordinates": [[[69.3826192, 53.2943161], [69.3827667, 53.2944011], [69.3828853, 53.2943276], [69.3827377, 53.2942426], [69.3826192, 53.2943161]]]}}, {"type": "Feature", "properties": {"levels": 2, "addr": "улица Ауельбекова 115", "name": "Alser.kz", "type": "yes", "tagged": false}, "geometry": {"type": "Polygon", "coordinates": [[[69.3853474, 53.2836227], [69.3855137, 53.2836411], [69.3855239, 53.2836083], [69.3853576, 53.2835899], [69.3853474, 53.2836227]]]}}, {"type": "Feature", "properties": {"levels": 2, "addr": "", "name": "", "type": "yes", "tagged": false}, "geometry": {"type": "Polygon", "coordinates": [[[69.3932316, 53.2970597], [69.3933389, 53.2971815], [69.393403, 53.2971614], [69.3932958, 53.2970395], [69.3932316, 53.2970597]]]}}, {"type": "Feature", "properties": {"levels": 2, "addr": "", "name": "", "type": "yes", "tagged": false}, "geometry": {"type": "Polygon", "coordinates": [[[69.3738059, 53.2815405], [69.3739329, 53.2815525], [69.3739476, 53.2814968], [69.3738208, 53.281484], [69.3738059, 53.2815405]]]}}, {"type": "Feature", "properties": {"levels": 2, "addr": "", "name": "", "type": "yes", "tagged": false}, "geometry": {"type": "Polygon", "coordinates": [[[69.3936715, 53.2969924], [69.39387, 53.2972585], [69.394089, 53.2972002], [69.3938905, 53.296934], [69.3936715, 53.2969924]]]}}, {"type": "Feature", "properties": {"levels": 2, "addr": "", "name": "", "type": "yes", "tagged": false}, "geometry": {"type": "Polygon", "coordinates": [[[69.3925665, 53.2968577], [69.3929044, 53.2968641], [69.3929109, 53.2967423], [69.3925729, 53.2967359], [69.3925665, 53.2968577]]]}}, {"type": "Feature", "properties": {"levels": 2, "addr": "", "name": "", "type": "yes", "tagged": false}, "geometry": {"type": "Polygon", "coordinates": [[[69.3936125, 53.2982363], [69.3938593, 53.2985345], [69.3941279, 53.2984551], [69.3938811, 53.2981569], [69.3936125, 53.2982363]]]}}, {"type": "Feature", "properties": {"levels": 2, "addr": "", "name": "", "type": "yes", "tagged": false}, "geometry": {"type": "Polygon", "coordinates": [[[69.39284, 53.29722], [69.3931512, 53.2976047], [69.3933444, 53.2975489], [69.3930333, 53.2971642], [69.39284, 53.29722]]]}}, {"type": "Feature", "properties": {"levels": 2, "addr": "улица Абая 112/2", "name": "", "type": "yes", "tagged": false}, "geometry": {"type": "Polygon", "coordinates": [[[69.3865076, 53.2847614], [69.3864693, 53.2849083], [69.3866755, 53.2849278], [69.3866891, 53.2848784], [69.3867141, 53.2847806], [69.3865076, 53.2847614]]]}}, {"type": "Feature", "properties": {"levels": 2, "addr": "", "name": "", "type": "yes", "tagged": false}, "geometry": {"type": "Polygon", "coordinates": [[[69.3860553, 53.2848486], [69.3864443, 53.2848809], [69.3864762, 53.2847434], [69.3861878, 53.2847194], [69.3861756, 53.284772], [69.386075, 53.2847637], [69.3860553, 53.2848486]]]}}, {"type": "Feature", "properties": {"levels": 2, "addr": "улица Акана-серэ 180", "name": "", "type": "yes", "tagged": false}, "geometry": {"type": "Polygon", "coordinates": [[[69.4024055, 53.2824278], [69.4025664, 53.2824422], [69.4025851, 53.2823677], [69.4024242, 53.2823532], [69.4024055, 53.2824278]]]}}, {"type": "Feature", "properties": {"levels": 1.0, "addr": "улица Жумабека Ташенова 79", "name": "", "type": "yes", "tagged": true}, "geometry": {"type": "Polygon", "coordinates": [[[69.4023495, 53.2821937], [69.4023295, 53.2822682], [69.4025468, 53.282289], [69.4025668, 53.2822145], [69.4023495, 53.2821937]]]}}, {"type": "Feature", "properties": {"levels": 1.0, "addr": "улица Сабатаева 219", "name": "", "type": "yes", "tagged": true}, "geometry": {"type": "Polygon", "coordinates": [[[69.4049727, 53.2818553], [69.4051119, 53.2818683], [69.4051441, 53.2817448], [69.4050049, 53.2817318], [69.4049727, 53.2818553]]]}}, {"type": "Feature", "properties": {"levels": 1.0, "addr": "улица Жумабека Ташенова 81", "name": "", "type": "yes", "tagged": true}, "geometry": {"type": "Polygon", "coordinates": [[[69.4024703, 53.2821215], [69.4026178, 53.282136], [69.4026326, 53.2820819], [69.4024851, 53.2820674], [69.4024703, 53.2821215]]]}}, {"type": "Feature", "properties": {"levels": 1.0, "addr": "улица Жумабека Ташенова 83", "name": "", "type": "yes", "tagged": true}, "geometry": {"type": "Polygon", "coordinates": [[[69.4025346, 53.2819788], [69.4029423, 53.2820173], [69.4029735, 53.2818993], [69.4025658, 53.2818608], [69.4025346, 53.2819788]]]}}, {"type": "Feature", "properties": {"levels": 2, "addr": "улица Акана-серэ 182", "name": "", "type": "yes", "tagged": false}, "geometry": {"type": "Polygon", "coordinates": [[[69.4027842, 53.2824163], [69.4029639, 53.2824292], [69.4029809, 53.2823438], [69.4028012, 53.282331], [69.4027842, 53.2824163]]]}}, {"type": "Feature", "properties": {"levels": 2, "addr": "улица Акана-серэ 184", "name": "", "type": "yes", "tagged": false}, "geometry": {"type": "Polygon", "coordinates": [[[69.4032205, 53.2825161], [69.4032297, 53.2824762], [69.4033702, 53.2824877], [69.403397, 53.2823707], [69.4031648, 53.2823517], [69.4031289, 53.2825086], [69.4032205, 53.2825161]]]}}, {"type": "Feature", "properties": {"levels": 2, "addr": "", "name": "", "type": "yes", "tagged": false}, "geometry": {"type": "Polygon", "coordinates": [[[69.403291, 53.2819788], [69.4033876, 53.2819852], [69.4033968, 53.2819354], [69.4033003, 53.281929], [69.403291, 53.2819788]]]}}, {"type": "Feature", "properties": {"levels": 2, "addr": "", "name": "", "type": "yes", "tagged": false}, "geometry": {"type": "Polygon", "coordinates": [[[69.3999081, 53.2807472], [69.4000073, 53.2807569], [69.4000341, 53.2806591], [69.3999349, 53.2806494], [69.3999081, 53.2807472]]]}}, {"type": "Feature", "properties": {"levels": 2, "addr": "улица Калинина", "name": "", "type": "yes", "tagged": false}, "geometry": {"type": "Polygon", "coordinates": [[[69.3812104, 53.292035], [69.3813532, 53.2920507], [69.3813827, 53.2919545], [69.3812399, 53.2919388], [69.3812104, 53.292035]]]}}, {"type": "Feature", "properties": {"levels": 2, "addr": "улица Валиханова 173", "name": "", "type": "yes", "tagged": false}, "geometry": {"type": "Polygon", "coordinates": [[[69.40064, 53.2762338], [69.40063, 53.2762712], [69.4008277, 53.27629], [69.4008377, 53.2762526], [69.40064, 53.2762338]]]}}, {"type": "Feature", "properties": {"levels": 2, "addr": "улица 8 Марта 89а", "name": "", "type": "yes", "tagged": false}, "geometry": {"type": "Polygon", "coordinates": [[[69.4003962, 53.2809059], [69.4005223, 53.2809204], [69.4005389, 53.2808684], [69.4004129, 53.2808539], [69.4003962, 53.2809059]]]}}, {"type": "Feature", "properties": {"levels": 1.0, "addr": "улица Буденного 48", "name": "", "type": "yes", "tagged": true}, "geometry": {"type": "Polygon", "coordinates": [[[69.4035351, 53.2820862], [69.4036848, 53.2821019], [69.4037223, 53.2819736], [69.4035726, 53.2819579], [69.4035351, 53.2820862]]]}}, {"type": "Feature", "properties": {"levels": 1.0, "addr": "улица Сабатаева 209", "name": "", "type": "yes", "tagged": true}, "geometry": {"type": "Polygon", "coordinates": [[[69.4029691, 53.2816613], [69.403087, 53.281673], [69.4031085, 53.281596], [69.4029906, 53.2815843], [69.4029691, 53.2816613]]]}}, {"type": "Feature", "properties": {"levels": 1.0, "addr": "улица Буденного 46", "name": "", "type": "yes", "tagged": true}, "geometry": {"type": "Polygon", "coordinates": [[[69.4035163, 53.2822514], [69.4036511, 53.282265], [69.4036806, 53.2821608], [69.4035458, 53.2821472], [69.4035163, 53.2822514]]]}}, {"type": "Feature", "properties": {"levels": 1.0, "addr": "улица Сабатаева 211", "name": "", "type": "yes", "tagged": true}, "geometry": {"type": "Polygon", "coordinates": [[[69.4032239, 53.2817286], [69.4033768, 53.2817447], [69.4033996, 53.2816671], [69.4032467, 53.2816511], [69.4032239, 53.2817286]]]}}, {"type": "Feature", "properties": {"levels": 1.0, "addr": "улица Валиханова 151", "name": "", "type": "industrial", "tagged": true}, "geometry": {"type": "Polygon", "coordinates": [[[69.393072, 53.2752506], [69.393254, 53.2752681], [69.3932568, 53.2752576], [69.3936348, 53.2752939], [69.3936628, 53.2751899], [69.3936398, 53.2751877], [69.3936268, 53.2752361], [69.3932674, 53.2752016], [69.3932871, 53.2751282], [69.3931095, 53.2751111], [69.393072, 53.2752506]]]}}, {"type": "Feature", "properties": {"levels": 2.0, "addr": "улица Магжана Жумабаева 83", "name": "", "type": "yes", "tagged": true}, "geometry": {"type": "Polygon", "coordinates": [[[69.3758324, 53.2770106], [69.3760388, 53.2770398], [69.376028, 53.2770671], [69.376071, 53.2770731], [69.3760608, 53.2770989], [69.3762119, 53.2771203], [69.3762605, 53.2769973], [69.3762227, 53.276992], [69.3762405, 53.276947], [69.3761025, 53.2769275], [69.3761124, 53.2769024], [69.3758878, 53.2768706], [69.3758324, 53.2770106]]]}}, {"type": "Feature", "properties": {"levels": 1.0, "addr": "улица Янко 100", "name": "", "type": "detached", "tagged": true}, "geometry": {"type": "Polygon", "coordinates": [[[69.3968661, 53.2781001], [69.3968887, 53.2780302], [69.3967485, 53.278014], [69.3967597, 53.2779793], [69.3965619, 53.2779564], [69.3965281, 53.278061], [69.3968661, 53.2781001]]]}}, {"type": "Feature", "properties": {"levels": 2, "addr": "", "name": "", "type": "yes", "tagged": false}, "geometry": {"type": "Polygon", "coordinates": [[[69.374089, 53.2761534], [69.3741104, 53.2760892], [69.3740207, 53.2760785], [69.3739992, 53.2761427], [69.374089, 53.2761534]]]}}, {"type": "Feature", "properties": {"levels": 1.0, "addr": "улица Ашимова 67", "name": "", "type": "yes", "tagged": true}, "geometry": {"type": "Polygon", "coordinates": [[[69.3715234, 53.2776041], [69.3716844, 53.2776265], [69.371709, 53.2775634], [69.3715481, 53.277541], [69.3715234, 53.2776041]]]}}, {"type": "Feature", "properties": {"levels": 1.0, "addr": "улица Наурызбай батыра 159", "name": "", "type": "detached", "tagged": true}, "geometry": {"type": "Polygon", "coordinates": [[[69.3960398, 53.2776435], [69.3961015, 53.2774815], [69.3959755, 53.2774644], [69.3959138, 53.2776264], [69.3960398, 53.2776435]]]}}, {"type": "Feature", "properties": {"levels": 1.0, "addr": "улица Наурызбай батыра 151", "name": "", "type": "detached", "tagged": true}, "geometry": {"type": "Polygon", "coordinates": [[[69.3945161, 53.2772939], [69.3944678, 53.2774636], [69.39461, 53.277478], [69.3946582, 53.2773084], [69.3945161, 53.2772939]]]}}, {"type": "Feature", "properties": {"levels": 1.0, "addr": "улица Наурызбай батыра 44", "name": "", "type": "yes", "tagged": true}, "geometry": {"type": "Polygon", "coordinates": [[[69.3730268, 53.2751357], [69.3731985, 53.2751454], [69.3732147, 53.275042], [69.373043, 53.2750323], [69.3730268, 53.2751357]]]}}, {"type": "Feature", "properties": {"levels": 1.0, "addr": "улица Валиханова 147", "name": "", "type": "yes", "tagged": true}, "geometry": {"type": "Polygon", "coordinates": [[[69.3929084, 53.2749555], [69.3928838, 53.2750317], [69.3930367, 53.2750493], [69.3930612, 53.2749732], [69.3929084, 53.2749555]]]}}, {"type": "Feature", "properties": {"levels": 1.0, "addr": "улица Косшигулова 77а", "name": "", "type": "yes", "tagged": true}, "geometry": {"type": "Polygon", "coordinates": [[[69.3833745, 53.275245], [69.3833607, 53.2753159], [69.383476, 53.2753239], [69.3834898, 53.275253], [69.3833745, 53.275245]]]}}, {"type": "Feature", "properties": {"levels": 1.0, "addr": "улица Биржан сала 97", "name": "", "type": "yes", "tagged": true}, "geometry": {"type": "Polygon", "coordinates": [[[69.3818697, 53.2772538], [69.3820345, 53.2772681], [69.3820613, 53.2771574], [69.3818966, 53.2771432], [69.3818697, 53.2772538]]]}}, {"type": "Feature", "properties": {"levels": 2, "addr": "улица Потанина 91", "name": "", "type": "yes", "tagged": false}, "geometry": {"type": "Polygon", "coordinates": [[[69.3923746, 53.2756372], [69.3925302, 53.2756516], [69.3925552, 53.2755551], [69.3923996, 53.2755406], [69.3923746, 53.2756372]]]}}, {"type": "Feature", "properties": {"levels": 1.0, "addr": "улица Калинина 95", "name": "", "type": "yes", "tagged": true}, "geometry": {"type": "Polygon", "coordinates": [[[69.3859386, 53.2771576], [69.3861183, 53.2771736], [69.3861315, 53.2771208], [69.3859518, 53.2771047], [69.3859386, 53.2771576]]]}}, {"type": "Feature", "properties": {"levels": 2, "addr": "", "name": "", "type": "yes", "tagged": false}, "geometry": {"type": "Polygon", "coordinates": [[[69.3758217, 53.2757909], [69.3758431, 53.2757139], [69.3757592, 53.2757056], [69.3757377, 53.2757826], [69.3758217, 53.2757909]]]}}, {"type": "Feature", "properties": {"levels": 1.0, "addr": "улица Косшигулова 110", "name": "", "type": "yes", "tagged": true}, "geometry": {"type": "Polygon", "coordinates": [[[69.3905909, 53.275642], [69.3907036, 53.2756516], [69.39073, 53.2755411], [69.3906173, 53.2755315], [69.3905909, 53.275642]]]}}, {"type": "Feature", "properties": {"levels": 1.0, "addr": "проспект Нурсултана Назарбаева 114", "name": "", "type": "yes", "tagged": true}, "geometry": {"type": "Polygon", "coordinates": [[[69.3892337, 53.2763348], [69.3892174, 53.2764132], [69.3893676, 53.2764244], [69.3893839, 53.2763461], [69.3892337, 53.2763348]]]}}, {"type": "Feature", "properties": {"levels": 2, "addr": "улица Островского 118", "name": "", "type": "yes", "tagged": false}, "geometry": {"type": "Polygon", "coordinates": [[[69.386628, 53.2774607], [69.3867755, 53.2774784], [69.3868095, 53.2773766], [69.386662, 53.2773589], [69.386628, 53.2774607]]]}}, {"type": "Feature", "properties": {"levels": 1.0, "addr": "улица Наурызбай батыра 127", "name": "", "type": "yes", "tagged": true}, "geometry": {"type": "Polygon", "coordinates": [[[69.3898896, 53.276962], [69.3898765, 53.2770168], [69.3900079, 53.277028], [69.390021, 53.2769732], [69.3898896, 53.276962]]]}}, {"type": "Feature", "properties": {"levels": 5.0, "addr": "Сагдиева 59", "name": "", "type": "apartments", "tagged": true}, "geometry": {"type": "Polygon", "coordinates": [[[69.3779497, 53.2772231], [69.3782268, 53.277248], [69.3782681, 53.2770842], [69.377991, 53.2770592], [69.3779497, 53.2772231]]]}}, {"type": "Feature", "properties": {"levels": 2, "addr": "улица 8 Марта 98", "name": "", "type": "yes", "tagged": false}, "geometry": {"type": "Polygon", "coordinates": [[[69.4002053, 53.2794301], [69.4004574, 53.2794526], [69.4004737, 53.2793872], [69.4002215, 53.2793648], [69.4002053, 53.2794301]]]}}, {"type": "Feature", "properties": {"levels": 1.0, "addr": "улица Наурызбай батыра 81", "name": "", "type": "yes", "tagged": true}, "geometry": {"type": "Polygon", "coordinates": [[[69.3812636, 53.2763573], [69.3813038, 53.2762483], [69.3811336, 53.2762258], [69.3810934, 53.2763349], [69.3812636, 53.2763573]]]}}, {"type": "Feature", "properties": {"levels": 2, "addr": "", "name": "", "type": "yes", "tagged": false}, "geometry": {"type": "Polygon", "coordinates": [[[69.3961203, 53.2781423], [69.3961418, 53.2780702], [69.3960844, 53.2780641], [69.3960629, 53.2781362], [69.3961203, 53.2781423]]]}}, {"type": "Feature", "properties": {"levels": 1.0, "addr": "улица Наурызбай батыра 77", "name": "", "type": "yes", "tagged": true}, "geometry": {"type": "Polygon", "coordinates": [[[69.3802824, 53.2760621], [69.3802556, 53.276193], [69.3806521, 53.2762221], [69.3806789, 53.2760912], [69.3802824, 53.2760621]]]}}, {"type": "Feature", "properties": {"levels": 1.0, "addr": "улица Наурызбай батыра 61", "name": "", "type": "yes", "tagged": true}, "geometry": {"type": "Polygon", "coordinates": [[[69.3763661, 53.275936], [69.3764037, 53.2757821], [69.3762324, 53.2757671], [69.3761949, 53.2759211], [69.3763661, 53.275936]]]}}, {"type": "Feature", "properties": {"levels": 1.0, "addr": "улица Бауржана Момышулы 118", "name": "", "type": "yes", "tagged": true}, "geometry": {"type": "Polygon", "coordinates": [[[69.3796985, 53.2753285], [69.3797387, 53.2752402], [69.3796486, 53.2752255], [69.3796084, 53.2753138], [69.3796985, 53.2753285]]]}}, {"type": "Feature", "properties": {"levels": 1.0, "addr": "улица Бауржана Момышулы 110", "name": "", "type": "yes", "tagged": true}, "geometry": {"type": "Polygon", "coordinates": [[[69.3794665, 53.2762498], [69.3794495, 53.2763282], [69.3795943, 53.2763394], [69.3796113, 53.2762611], [69.3794665, 53.2762498]]]}}, {"type": "Feature", "properties": {"levels": 1.0, "addr": "улица Биржан сала 99", "name": "", "type": "yes", "tagged": true}, "geometry": {"type": "Polygon", "coordinates": [[[69.382024, 53.2770469], [69.3822633, 53.2770699], [69.3823667, 53.2766859], [69.3821273, 53.2766629], [69.382024, 53.2770469]]]}}, {"type": "Feature", "properties": {"levels": 1.0, "addr": "улица Косшигулова 88", "name": "", "type": "yes", "tagged": true}, "geometry": {"type": "Polygon", "coordinates": [[[69.3861076, 53.2751776], [69.3862261, 53.27519], [69.3862556, 53.2750889], [69.3861371, 53.2750766], [69.3861076, 53.2751776]]]}}, {"type": "Feature", "properties": {"levels": 1.0, "addr": "Сагдиева 86", "name": "", "type": "yes", "tagged": true}, "geometry": {"type": "Polygon", "coordinates": [[[69.3776537, 53.2753459], [69.3779192, 53.2753732], [69.3779352, 53.2753176], [69.3776696, 53.2752903], [69.3776537, 53.2753459]]]}}, {"type": "Feature", "properties": {"levels": 2, "addr": "улица Потанина 97", "name": "", "type": "yes", "tagged": false}, "geometry": {"type": "Polygon", "coordinates": [[[69.3925382, 53.2752089], [69.392675, 53.2752282], [69.3927257, 53.2750993], [69.3925889, 53.27508], [69.3925382, 53.2752089]]]}}, {"type": "Feature", "properties": {"levels": 1.0, "addr": "улица Наурызбай батыра 76", "name": "", "type": "yes", "tagged": true}, "geometry": {"type": "Polygon", "coordinates": [[[69.3795349, 53.2757406], [69.379636, 53.275746], [69.3796548, 53.2756209], [69.3795536, 53.2756155], [69.3795349, 53.2757406]]]}}, {"type": "Feature", "properties": {"levels": 1.0, "addr": "улица Наурызбай батыра 69", "name": "", "type": "yes", "tagged": true}, "geometry": {"type": "Polygon", "coordinates": [[[69.3788121, 53.27599], [69.3787837, 53.2760982], [69.3789205, 53.276111], [69.3789489, 53.2760028], [69.3788121, 53.27599]]]}}, {"type": "Feature", "properties": {"levels": 1.0, "addr": "улица Наурызбай батыра 53", "name": "", "type": "yes", "tagged": true}, "geometry": {"type": "Polygon", "coordinates": [[[69.3746617, 53.2755953], [69.3746382, 53.2757], [69.3748119, 53.2757139], [69.3748353, 53.2756092], [69.3746617, 53.2755953]]]}}, {"type": "Feature", "properties": {"levels": 2, "addr": "улица Акана-серэ 52", "name": "ЖК Diamond", "type": "yes", "tagged": false}, "geometry": {"type": "Polygon", "coordinates": [[[69.3716304, 53.2795659], [69.3725516, 53.2796456], [69.3726154, 53.2793823], [69.372445, 53.2793676], [69.3724071, 53.2795239], [69.3716564, 53.279459], [69.3716304, 53.2795659]]]}}, {"type": "Feature", "properties": {"levels": 1.0, "addr": "улица Каныша Сатпаева 54/1", "name": "", "type": "yes", "tagged": true}, "geometry": {"type": "Polygon", "coordinates": [[[69.3835528, 53.2754439], [69.3835361, 53.2754994], [69.3837292, 53.2755202], [69.3837459, 53.2754647], [69.3835528, 53.2754439]]]}}, {"type": "Feature", "properties": {"levels": 2, "addr": "", "name": "", "type": "yes", "tagged": false}, "geometry": {"type": "Polygon", "coordinates": [[[69.3718507, 53.2791645], [69.3721028, 53.2791934], [69.3721313, 53.2791045], [69.3718792, 53.2790756], [69.3718507, 53.2791645]]]}}, {"type": "Feature", "properties": {"levels": 2, "addr": "", "name": "", "type": "yes", "tagged": false}, "geometry": {"type": "Polygon", "coordinates": [[[69.3860298, 53.2776628], [69.3862015, 53.2776804], [69.3862189, 53.2776199], [69.3860472, 53.2776023], [69.3860298, 53.2776628]]]}}, {"type": "Feature", "properties": {"levels": 1.0, "addr": "улица Наурызбай батыра 55", "name": "", "type": "yes", "tagged": true}, "geometry": {"type": "Polygon", "coordinates": [[[69.3751806, 53.2757253], [69.3753461, 53.2757433], [69.3753729, 53.2756551], [69.3752075, 53.2756371], [69.3751806, 53.2757253]]]}}, {"type": "Feature", "properties": {"levels": 1.0, "addr": "улица Косшигулова 73", "name": "", "type": "yes", "tagged": true}, "geometry": {"type": "Polygon", "coordinates": [[[69.3827884, 53.2751857], [69.3827782, 53.2752447], [69.382856, 53.2752495], [69.3828662, 53.2751905], [69.3827884, 53.2751857]]]}}, {"type": "Feature", "properties": {"levels": 2, "addr": "", "name": "", "type": "yes", "tagged": false}, "geometry": {"type": "Polygon", "coordinates": [[[69.3849355, 53.2774992], [69.3850428, 53.2775104], [69.3850574, 53.2774604], [69.3849501, 53.2774491], [69.3849355, 53.2774992]]]}}, {"type": "Feature", "properties": {"levels": 1.0, "addr": "улица Алимжана Баймуканова 68", "name": "", "type": "yes", "tagged": true}, "geometry": {"type": "Polygon", "coordinates": [[[69.3744623, 53.281068], [69.3747869, 53.2810921], [69.3748468, 53.2808769], [69.3745223, 53.2808528], [69.3744623, 53.281068]]]}}, {"type": "Feature", "properties": {"levels": 2, "addr": "улица Бауржана Момышулы 89", "name": "", "type": "yes", "tagged": false}, "geometry": {"type": "Polygon", "coordinates": [[[69.3800937, 53.2764945], [69.3800667, 53.2766281], [69.3802642, 53.2766424], [69.3802911, 53.2765088], [69.3800937, 53.2764945]]]}}, {"type": "Feature", "properties": {"levels": 1.0, "addr": "проспект Нурсултана Назарбаева 127", "name": "", "type": "yes", "tagged": true}, "geometry": {"type": "Polygon", "coordinates": [[[69.3902154, 53.2755971], [69.3903388, 53.2756099], [69.3903717, 53.2754967], [69.3902483, 53.2754839], [69.3902154, 53.2755971]]]}}, {"type": "Feature", "properties": {"levels": 2, "addr": "", "name": "", "type": "yes", "tagged": false}, "geometry": {"type": "Polygon", "coordinates": [[[69.388539, 53.2762162], [69.3885282, 53.2762896], [69.3887106, 53.2762993], [69.3887214, 53.2762258], [69.388539, 53.2762162]]]}}, {"type": "Feature", "properties": {"levels": 1.0, "addr": "улица Наурызбай батыра 52", "name": "", "type": "yes", "tagged": true}, "geometry": {"type": "Polygon", "coordinates": [[[69.3745423, 53.275313], [69.3747917, 53.2753355], [69.3748194, 53.2752257], [69.3745699, 53.2752033], [69.3745423, 53.275313]]]}}, {"type": "Feature", "properties": {"levels": 2, "addr": "", "name": "", "type": "yes", "tagged": false}, "geometry": {"type": "Polygon", "coordinates": [[[69.3753335, 53.2760716], [69.3754998, 53.2760908], [69.3755212, 53.2760247], [69.3753549, 53.2760054], [69.3753335, 53.2760716]]]}}, {"type": "Feature", "properties": {"levels": 2, "addr": "улица Малика Габдуллина 127а", "name": "", "type": "yes", "tagged": false}, "geometry": {"type": "Polygon", "coordinates": [[[69.3996876, 53.2786523], [69.3996604, 53.2787917], [69.3998669, 53.2788062], [69.3998942, 53.2786668], [69.3996876, 53.2786523]]]}}, {"type": "Feature", "properties": {"levels": 1.0, "addr": "улица Наурызбай батыра 54", "name": "", "type": "yes", "tagged": true}, "geometry": {"type": "Polygon", "coordinates": [[[69.3749714, 53.2753346], [69.3751914, 53.2753555], [69.3752276, 53.2752189], [69.3750076, 53.2751981], [69.3749714, 53.2753346]]]}}, {"type": "Feature", "properties": {"levels": 1.0, "addr": "улица Косшигулова 84", "name": "", "type": "yes", "tagged": true}, "geometry": {"type": "Polygon", "coordinates": [[[69.3852966, 53.2749433], [69.3852794, 53.2750204], [69.3855058, 53.2750384], [69.385523, 53.2749613], [69.3852966, 53.2749433]]]}}, {"type": "Feature", "properties": {"levels": 1.0, "addr": "улица Островского 36", "name": "", "type": "yes", "tagged": true}, "geometry": {"type": "Polygon", "coordinates": [[[69.3705954, 53.2761013], [69.3707301, 53.276115], [69.3707563, 53.2760227], [69.3706216, 53.276009], [69.3705954, 53.2761013]]]}}, {"type": "Feature", "properties": {"levels": 1.0, "addr": "улица Садвакасова 64", "name": "", "type": "detached", "tagged": true}, "geometry": {"type": "Polygon", "coordinates": [[[69.3947551, 53.2777638], [69.3947314, 53.277861], [69.3948789, 53.2778739], [69.3949026, 53.2777767], [69.3947551, 53.2777638]]]}}, {"type": "Feature", "properties": {"levels": 1.0, "addr": "Сагдиева 84", "name": "", "type": "yes", "tagged": true}, "geometry": {"type": "Polygon", "coordinates": [[[69.3776426, 53.2754367], [69.3775984, 53.2756099], [69.3777817, 53.2756267], [69.3778256, 53.2754534], [69.3776426, 53.2754367]]]}}, {"type": "Feature", "properties": {"levels": 1.0, "addr": "улица Бауржана Момышулы 116", "name": "", "type": "yes", "tagged": true}, "geometry": {"type": "Polygon", "coordinates": [[[69.3797441, 53.2754615], [69.3798835, 53.2754711], [69.379904, 53.275365], [69.3797645, 53.2753553], [69.3797441, 53.2754615]]]}}, {"type": "Feature", "properties": {"levels": 1.0, "addr": "улица Наурызбай батыра 75", "name": "", "type": "yes", "tagged": true}, "geometry": {"type": "Polygon", "coordinates": [[[69.379504, 53.2760397], [69.3794777, 53.2761341], [69.3796386, 53.2761502], [69.379665, 53.2760558], [69.379504, 53.2760397]]]}}, {"type": "Feature", "properties": {"levels": 1.0, "addr": "Алихана 98", "name": "", "type": "yes", "tagged": true}, "geometry": {"type": "Polygon", "coordinates": [[[69.3713089, 53.2761654], [69.3714321, 53.276178], [69.3714457, 53.2761302], [69.3713225, 53.2761176], [69.3713089, 53.2761654]]]}}, {"type": "Feature", "properties": {"levels": 1.0, "addr": "проспект Нурсултана Назарбаева 92", "name": "", "type": "yes", "tagged": true}, "geometry": {"type": "Polygon", "coordinates": [[[69.3885753, 53.279103], [69.388553, 53.2791812], [69.3886952, 53.2791957], [69.3887174, 53.2791174], [69.3885753, 53.279103]]]}}, {"type": "Feature", "properties": {"levels": 1.0, "addr": "улица Наурызбай батыра 66", "name": "", "type": "yes", "tagged": true}, "geometry": {"type": "Polygon", "coordinates": [[[69.3770743, 53.2755191], [69.3773023, 53.2755431], [69.3773211, 53.2754793], [69.3770931, 53.2754552], [69.3770743, 53.2755191]]]}}, {"type": "Feature", "properties": {"levels": 2, "addr": "", "name": "", "type": "yes", "tagged": false}, "geometry": {"type": "Polygon", "coordinates": [[[69.3797722, 53.2795103], [69.3797601, 53.2795693], [69.379913, 53.2795806], [69.3799251, 53.2795216], [69.3797722, 53.2795103]]]}}, {"type": "Feature", "properties": {"levels": 2, "addr": "", "name": "", "type": "yes", "tagged": false}, "geometry": {"type": "Polygon", "coordinates": [[[69.3744963, 53.2770902], [69.3746358, 53.2771063], [69.3746618, 53.2770254], [69.3745224, 53.2770093], [69.3744963, 53.2770902]]]}}, {"type": "Feature", "properties": {"levels": 1.0, "addr": "улица Косшигулова 112", "name": "", "type": "yes", "tagged": true}, "geometry": {"type": "Polygon", "coordinates": [[[69.3909343, 53.2756789], [69.3911086, 53.2756949], [69.3911292, 53.2756149], [69.3909548, 53.2755988], [69.3909343, 53.2756789]]]}}, {"type": "Feature", "properties": {"levels": 1.0, "addr": "Сагдиева 73", "name": "", "type": "yes", "tagged": true}, "geometry": {"type": "Polygon", "coordinates": [[[69.3784834, 53.2756395], [69.3786765, 53.2756588], [69.378697, 53.2755852], [69.3785039, 53.2755659], [69.3784834, 53.2756395]]]}}, {"type": "Feature", "properties": {"levels": 1.0, "addr": "улица Островского 50", "name": "", "type": "yes", "tagged": true}, "geometry": {"type": "Polygon", "coordinates": [[[69.3727573, 53.276305], [69.3728833, 53.2763178], [69.3729063, 53.2762372], [69.3727802, 53.2762244], [69.3727573, 53.276305]]]}}, {"type": "Feature", "properties": {"levels": 1.0, "addr": "улица Зарапа Темирбекова 68", "name": "", "type": "yes", "tagged": true}, "geometry": {"type": "Polygon", "coordinates": [[[69.3722906, 53.2790475], [69.3722564, 53.2791508], [69.3725004, 53.2791797], [69.3725346, 53.2790763], [69.3722906, 53.2790475]]]}}, {"type": "Feature", "properties": {"levels": 1.0, "addr": "улица Сабатаева 53", "name": "", "type": "yes", "tagged": true}, "geometry": {"type": "Polygon", "coordinates": [[[69.3700482, 53.2787475], [69.3700885, 53.2786128], [69.3699416, 53.2785972], [69.3699014, 53.2787319], [69.3700482, 53.2787475]]]}}, {"type": "Feature", "properties": {"levels": 2, "addr": "улица Калинина 105", "name": "", "type": "yes", "tagged": false}, "geometry": {"type": "Polygon", "coordinates": [[[69.3865167, 53.2759756], [69.3866803, 53.2759964], [69.386713, 53.2759047], [69.3865493, 53.2758838], [69.3865167, 53.2759756]]]}}, {"type": "Feature", "properties": {"levels": 1.0, "addr": "улица Калинина 91", "name": "", "type": "yes", "tagged": true}, "geometry": {"type": "Polygon", "coordinates": [[[69.3858018, 53.2776131], [69.3859789, 53.2776259], [69.3859948, 53.2775475], [69.3858177, 53.2775347], [69.3858018, 53.2776131]]]}}, {"type": "Feature", "properties": {"levels": 1.0, "addr": "Алихана 69", "name": "", "type": "yes", "tagged": true}, "geometry": {"type": "Polygon", "coordinates": [[[69.3713625, 53.278252], [69.3715503, 53.2782744], [69.3715762, 53.278197], [69.3713884, 53.2781746], [69.3713625, 53.278252]]]}}, {"type": "Feature", "properties": {"levels": 2, "addr": "", "name": "", "type": "yes", "tagged": false}, "geometry": {"type": "Polygon", "coordinates": [[[69.3895636, 53.2753789], [69.3896334, 53.2753886], [69.3896627, 53.2753125], [69.389593, 53.2753029], [69.3895636, 53.2753789]]]}}, {"type": "Feature", "properties": {"levels": 1.0, "addr": "улица Зарапа Темирбекова 71", "name": "", "type": "yes", "tagged": true}, "geometry": {"type": "Polygon", "coordinates": [[[69.373633, 53.2784404], [69.373802, 53.2784629], [69.3738385, 53.2783647], [69.3736695, 53.2783423], [69.373633, 53.2784404]]]}}, {"type": "Feature", "properties": {"levels": 1.0, "addr": "улица Ашимова 70а", "name": "", "type": "yes", "tagged": true}, "geometry": {"type": "Polygon", "coordinates": [[[69.375193, 53.276914], [69.3751692, 53.2770125], [69.375373, 53.2770302], [69.3753969, 53.2769316], [69.375193, 53.276914]]]}}, {"type": "Feature", "properties": {"levels": 1.0, "addr": "улица Наурызбай батыра 171", "name": "", "type": "yes", "tagged": true}, "geometry": {"type": "Polygon", "coordinates": [[[69.3978423, 53.2777991], [69.3979967, 53.2778145], [69.3980316, 53.2776894], [69.3978772, 53.277674], [69.3978423, 53.2777991]]]}}, {"type": "Feature", "properties": {"levels": 1.0, "addr": "улица Калинина 82", "name": "", "type": "yes", "tagged": true}, "geometry": {"type": "Polygon", "coordinates": [[[69.3851152, 53.2775489], [69.3852629, 53.2775624], [69.3852871, 53.2774677], [69.3851393, 53.2774543], [69.3851152, 53.2775489]]]}}, {"type": "Feature", "properties": {"levels": 2, "addr": "улица Зарапа Темирбекова 92", "name": "", "type": "yes", "tagged": false}, "geometry": {"type": "Polygon", "coordinates": [[[69.3737886, 53.2750379], [69.3738234, 53.2749272], [69.3736756, 53.2749106], [69.3736407, 53.2750212], [69.3737886, 53.2750379]]]}}, {"type": "Feature", "properties": {"levels": 1.0, "addr": "улица Косшигулова 128", "name": "", "type": "detached", "tagged": true}, "geometry": {"type": "Polygon", "coordinates": [[[69.3942228, 53.2760707], [69.3944193, 53.2760883], [69.3944492, 53.2759687], [69.3942526, 53.2759512], [69.3942228, 53.2760707]]]}}, {"type": "Feature", "properties": {"levels": 1.0, "addr": "улица Садвакасова 63", "name": "", "type": "detached", "tagged": true}, "geometry": {"type": "Polygon", "coordinates": [[[69.3955153, 53.2776815], [69.3957235, 53.2776948], [69.3957378, 53.2776153], [69.3955295, 53.2776019], [69.3955153, 53.2776815]]]}}, {"type": "Feature", "properties": {"levels": 9.0, "addr": "улица Наурызбай батыра 137", "name": "", "type": "yes", "tagged": true}, "geometry": {"type": "Polygon", "coordinates": [[[69.3907679, 53.2770006], [69.39072, 53.2771612], [69.3911101, 53.2772027], [69.3909727, 53.2776644], [69.391252, 53.2776941], [69.3914374, 53.2770719], [69.3907679, 53.2770006]]]}}, {"type": "Feature", "properties": {"levels": 1.0, "addr": "улица Биржан сала 102", "name": "", "type": "yes", "tagged": true}, "geometry": {"type": "Polygon", "coordinates": [[[69.3816726, 53.2757117], [69.3817906, 53.2757262], [69.3818155, 53.2756535], [69.3816975, 53.275639], [69.3816726, 53.2757117]]]}}, {"type": "Feature", "properties": {"levels": 1.0, "addr": "улица Малика Габдуллина 102", "name": "", "type": "yes", "tagged": true}, "geometry": {"type": "Polygon", "coordinates": [[[69.3980266, 53.2782412], [69.3987282, 53.2782837], [69.3987471, 53.2781715], [69.3980456, 53.2781292], [69.3980266, 53.2782412]]]}}, {"type": "Feature", "properties": {"levels": 1.0, "addr": "улица Наурызбай батыра 147", "name": "", "type": "yes", "tagged": true}, "geometry": {"type": "Polygon", "coordinates": [[[69.3936912, 53.2775005], [69.3937927, 53.2775096], [69.3938193, 53.2775293], [69.3938559, 53.277542], [69.393907, 53.277539], [69.3939393, 53.2775183], [69.3940531, 53.277527], [69.3940897, 53.2773487], [69.3938807, 53.2773334], [69.3937278, 53.2773221], [69.3936912, 53.2775005]]]}}, {"type": "Feature", "properties": {"levels": 2, "addr": "улица Потанина 128", "name": "", "type": "yes", "tagged": false}, "geometry": {"type": "Polygon", "coordinates": [[[69.3918355, 53.2753068], [69.3919803, 53.2753292], [69.3920043, 53.2752739], [69.3918594, 53.2752515], [69.3918355, 53.2753068]]]}}, {"type": "Feature", "properties": {"levels": 1.0, "addr": "улица Бауржана Момышулы 108", "name": "", "type": "yes", "tagged": true}, "geometry": {"type": "Polygon", "coordinates": [[[69.3795335, 53.2765722], [69.3795764, 53.2763653], [69.3794487, 53.2763558], [69.3794058, 53.2765627], [69.3795335, 53.2765722]]]}}, {"type": "Feature", "properties": {"levels": 1.0, "addr": "Алихана 102", "name": "", "type": "yes", "tagged": true}, "geometry": {"type": "Polygon", "coordinates": [[[69.371215, 53.2757757], [69.3713524, 53.2757897], [69.3713706, 53.275726], [69.3712331, 53.275712], [69.371215, 53.2757757]]]}}, {"type": "Feature", "properties": {"levels": 1.0, "addr": "улица Островского 163", "name": "", "type": "detached", "tagged": true}, "geometry": {"type": "Polygon", "coordinates": [[[69.3945642, 53.2785863], [69.3945424, 53.2786906], [69.394679, 53.2787008], [69.3947008, 53.2785965], [69.3945642, 53.2785863]]]}}, {"type": "Feature", "properties": {"levels": 1.0, "addr": "Алихана 85", "name": "", "type": "yes", "tagged": true}, "geometry": {"type": "Polygon", "coordinates": [[[69.3717487, 53.2768054], [69.3717293, 53.2768751], [69.3719063, 53.2768927], [69.3719258, 53.276823], [69.3717487, 53.2768054]]]}}, {"type": "Feature", "properties": {"levels": 1.0, "addr": "проспект Нурсултана Назарбаева 128", "name": "", "type": "yes", "tagged": true}, "geometry": {"type": "Polygon", "coordinates": [[[69.3895969, 53.274926], [69.3895654, 53.2750157], [69.389743, 53.275038], [69.3897745, 53.2749483], [69.3895969, 53.274926]]]}}, {"type": "Feature", "properties": {"levels": 1.0, "addr": "Алихана 96", "name": "", "type": "yes", "tagged": true}, "geometry": {"type": "Polygon", "coordinates": [[[69.3711909, 53.2763611], [69.3713337, 53.2763756], [69.3713625, 53.2762745], [69.3712196, 53.27626], [69.3711909, 53.2763611]]]}}, {"type": "Feature", "properties": {"levels": 1.0, "addr": "улица Елемесова 76", "name": "", "type": "detached", "tagged": true}, "geometry": {"type": "Polygon", "coordinates": [[[69.3926549, 53.2785705], [69.3926326, 53.2786583], [69.3928097, 53.2786743], [69.3928319, 53.2785866], [69.3926549, 53.2785705]]]}}, {"type": "Feature", "properties": {"levels": 1.0, "addr": "улица Косшигулова 135", "name": "", "type": "yes", "tagged": true}, "geometry": {"type": "Polygon", "coordinates": [[[69.3944144, 53.2764728], [69.3947443, 53.2765064], [69.3947784, 53.2763872], [69.3944485, 53.2763535], [69.3944144, 53.2764728]]]}}, {"type": "Feature", "properties": {"levels": 2, "addr": "улица Калинина 84", "name": "", "type": "yes", "tagged": false}, "geometry": {"type": "Polygon", "coordinates": [[[69.3851689, 53.2773083], [69.3852896, 53.2773196], [69.3853114, 53.2772357], [69.3851907, 53.2772245], [69.3851689, 53.2773083]]]}}, {"type": "Feature", "properties": {"levels": 1.0, "addr": "улица Островского 79", "name": "", "type": "yes", "tagged": true}, "geometry": {"type": "Polygon", "coordinates": [[[69.3763715, 53.2769497], [69.3763467, 53.277035], [69.3765935, 53.2770606], [69.3766183, 53.2769754], [69.3763715, 53.2769497]]]}}, {"type": "Feature", "properties": {"levels": 2, "addr": "улица Валиханова 154/2", "name": "", "type": "yes", "tagged": false}, "geometry": {"type": "Polygon", "coordinates": [[[69.4040086, 53.2757246], [69.404183, 53.2757414], [69.4042018, 53.2756717], [69.4040274, 53.2756549], [69.4040086, 53.2757246]]]}}, {"type": "Feature", "properties": {"levels": 1.0, "addr": "Сагдиева 72", "name": "", "type": "yes", "tagged": true}, "geometry": {"type": "Polygon", "coordinates": [[[69.3770874, 53.2775746], [69.377192, 53.2775874], [69.3772239, 53.2774944], [69.3771193, 53.2774815], [69.3770874, 53.2775746]]]}}, {"type": "Feature", "properties": {"levels": 1.0, "addr": "улица Косшигулова 89", "name": "", "type": "yes", "tagged": true}, "geometry": {"type": "Polygon", "coordinates": [[[69.3860419, 53.2754174], [69.3860256, 53.2754759], [69.3861543, 53.2754888], [69.3861707, 53.2754303], [69.3860419, 53.2754174]]]}}, {"type": "Feature", "properties": {"levels": 2, "addr": "улица Елемесова 86/1", "name": "", "type": "yes", "tagged": false}, "geometry": {"type": "Polygon", "coordinates": [[[69.3920514, 53.2781199], [69.3920323, 53.2782078], [69.3921557, 53.2782174], [69.3921748, 53.2781295], [69.3920514, 53.2781199]]]}}, {"type": "Feature", "properties": {"levels": 1.0, "addr": "улица Янко 111", "name": "", "type": "detached", "tagged": true}, "geometry": {"type": "Polygon", "coordinates": [[[69.3973836, 53.2780301], [69.3975863, 53.278042], [69.3976024, 53.2779442], [69.3973997, 53.2779322], [69.3973836, 53.2780301]]]}}, {"type": "Feature", "properties": {"levels": 1.0, "addr": "улица Островского 48", "name": "", "type": "yes", "tagged": true}, "geometry": {"type": "Polygon", "coordinates": [[[69.3725347, 53.2762873], [69.3726634, 53.2763018], [69.3726932, 53.2762067], [69.3725645, 53.2761922], [69.3725347, 53.2762873]]]}}, {"type": "Feature", "properties": {"levels": 1.0, "addr": "улица Косшигулова 63", "name": "", "type": "yes", "tagged": true}, "geometry": {"type": "Polygon", "coordinates": [[[69.3806297, 53.2748846], [69.3804884, 53.2754652], [69.380711, 53.2754845], [69.3808524, 53.274904], [69.3806297, 53.2748846]]]}}, {"type": "Feature", "properties": {"levels": 2, "addr": "", "name": "", "type": "yes", "tagged": false}, "geometry": {"type": "Polygon", "coordinates": [[[69.3843213, 53.2768817], [69.3843984, 53.2768902], [69.3844172, 53.2768293], [69.38434, 53.2768208], [69.3843213, 53.2768817]]]}}, {"type": "Feature", "properties": {"levels": 2, "addr": "улица Калинина 103", "name": "", "type": "yes", "tagged": false}, "geometry": {"type": "Polygon", "coordinates": [[[69.386227, 53.2761038], [69.3863155, 53.2761148], [69.386345, 53.2760298], [69.3862565, 53.2760188], [69.386227, 53.2761038]]]}}, {"type": "Feature", "properties": {"levels": 2, "addr": "улица Алимжана Баймуканова 64", "name": "", "type": "yes", "tagged": false}, "geometry": {"type": "Polygon", "coordinates": [[[69.3737606, 53.2809129], [69.3737338, 53.2809854], [69.3738853, 53.2810055], [69.3739121, 53.280933], [69.3737606, 53.2809129]]]}}, {"type": "Feature", "properties": {"levels": 1.0, "addr": "улица Островского 74", "name": "", "type": "yes", "tagged": true}, "geometry": {"type": "Polygon", "coordinates": [[[69.3784016, 53.2767647], [69.3785662, 53.2767819], [69.378601, 53.2766633], [69.3784365, 53.276646], [69.3784016, 53.2767647]]]}}, {"type": "Feature", "properties": {"levels": 1.0, "addr": "улица Наурызбай батыра 169", "name": "", "type": "hotel", "tagged": true}, "geometry": {"type": "Polygon", "coordinates": [[[69.3974158, 53.2777761], [69.3976795, 53.2778031], [69.3977222, 53.2776537], [69.3974585, 53.2776267], [69.3974158, 53.2777761]]]}}, {"type": "Feature", "properties": {"levels": 1.0, "addr": "улица Наурызбай батыра 40", "name": "", "type": "yes", "tagged": true}, "geometry": {"type": "Polygon", "coordinates": [[[69.3725011, 53.2750892], [69.3726421, 53.2751031], [69.3726796, 53.2749668], [69.3725386, 53.2749529], [69.3725011, 53.2750892]]]}}, {"type": "Feature", "properties": {"levels": 1.0, "addr": "улица Ашимова 56", "name": "", "type": "yes", "tagged": true}, "geometry": {"type": "Polygon", "coordinates": [[[69.3705455, 53.2770743], [69.3707417, 53.2772093], [69.3708459, 53.2771552], [69.3706497, 53.2770202], [69.3705455, 53.2770743]]]}}, {"type": "Feature", "properties": {"levels": 1.0, "addr": "улица Потанина 100", "name": "", "type": "yes", "tagged": true}, "geometry": {"type": "Polygon", "coordinates": [[[69.3908471, 53.2779803], [69.390828, 53.2780653], [69.391048, 53.278083], [69.391067, 53.277998], [69.3908471, 53.2779803]]]}}, {"type": "Feature", "properties": {"levels": 2, "addr": "", "name": "", "type": "yes", "tagged": false}, "geometry": {"type": "Polygon", "coordinates": [[[69.3961176, 53.2782225], [69.3961257, 53.2781616], [69.39606, 53.2781585], [69.3960519, 53.2782194], [69.3961176, 53.2782225]]]}}, {"type": "Feature", "properties": {"levels": 1.0, "addr": "улица Ашимова 149", "name": "", "type": "yes", "tagged": true}, "geometry": {"type": "Polygon", "coordinates": [[[69.3884304, 53.279095], [69.3884184, 53.2791738], [69.3885364, 53.2791802], [69.3885484, 53.2791014], [69.3884304, 53.279095]]]}}, {"type": "Feature", "properties": {"levels": 1.0, "addr": "улица Наурызбай батыра 45", "name": "", "type": "yes", "tagged": true}, "geometry": {"type": "Polygon", "coordinates": [[[69.3731757, 53.2756394], [69.373311, 53.275653], [69.3733458, 53.2755295], [69.3732106, 53.2755159], [69.3731757, 53.2756394]]]}}, {"type": "Feature", "properties": {"levels": 1.0, "addr": "улица Магжана Жумабаева 67", "name": "", "type": "yes", "tagged": true}, "geometry": {"type": "Polygon", "coordinates": [[[69.3755773, 53.2783957], [69.3755632, 53.2784516], [69.3757054, 53.2784644], [69.3757195, 53.2784086], [69.3755773, 53.2783957]]]}}, {"type": "Feature", "properties": {"levels": 2, "addr": "улица Островского 148", "name": "", "type": "yes", "tagged": false}, "geometry": {"type": "Polygon", "coordinates": [[[69.3923652, 53.2778424], [69.3925261, 53.2778633], [69.3925652, 53.2777555], [69.3924043, 53.2777346], [69.3923652, 53.2778424]]]}}, {"type": "Feature", "properties": {"levels": 1.0, "addr": "улица Островского 42", "name": "", "type": "yes", "tagged": true}, "geometry": {"type": "Polygon", "coordinates": [[[69.371907, 53.2762264], [69.3720438, 53.2762408], [69.3720695, 53.2761536], [69.3719327, 53.2761392], [69.371907, 53.2762264]]]}}, {"type": "Feature", "properties": {"levels": 1.0, "addr": "улица Ильяса Есенберлина 80", "name": "", "type": "yes", "tagged": true}, "geometry": {"type": "Polygon", "coordinates": [[[69.3870008, 53.2777253], [69.3871269, 53.2777366], [69.3871479, 53.2776522], [69.3870218, 53.277641], [69.3870008, 53.2777253]]]}}, {"type": "Feature", "properties": {"levels": 1.0, "addr": "улица Магжана Жумабаева 85", "name": "", "type": "yes", "tagged": true}, "geometry": {"type": "Polygon", "coordinates": [[[69.3759501, 53.2767502], [69.3761235, 53.2767718], [69.3761503, 53.2766948], [69.3759769, 53.2766732], [69.3759501, 53.2767502]]]}}, {"type": "Feature", "properties": {"levels": 1.0, "addr": "улица Островского 161", "name": "", "type": "yes", "tagged": true}, "geometry": {"type": "Polygon", "coordinates": [[[69.3941972, 53.2786186], [69.3942213, 53.2785256], [69.3940992, 53.2785143], [69.3940751, 53.2786073], [69.3941972, 53.2786186]]]}}, {"type": "Feature", "properties": {"levels": 1.0, "addr": "улица Елемесова 108", "name": "", "type": "detached", "tagged": true}, "geometry": {"type": "Polygon", "coordinates": [[[69.3934207, 53.275403], [69.3935521, 53.275419], [69.3935825, 53.27533], [69.393451, 53.275314], [69.3934207, 53.275403]]]}}, {"type": "Feature", "properties": {"levels": 1.0, "addr": "улица Елемесова 80", "name": "", "type": "detached", "tagged": true}, "geometry": {"type": "Polygon", "coordinates": [[[69.3927943, 53.2781856], [69.3927605, 53.2782802], [69.3929107, 53.2782994], [69.3929445, 53.2782049], [69.3927943, 53.2781856]]]}}, {"type": "Feature", "properties": {"levels": 1.0, "addr": "Алихана 87", "name": "", "type": "yes", "tagged": true}, "geometry": {"type": "Polygon", "coordinates": [[[69.371797, 53.2766321], [69.3719599, 53.2766488], [69.3719948, 53.2765269], [69.3718319, 53.2765103], [69.371797, 53.2766321]]]}}, {"type": "Feature", "properties": {"levels": 1.0, "addr": "проспект Нурсултана Назарбаева 126", "name": "", "type": "yes", "tagged": true}, "geometry": {"type": "Polygon", "coordinates": [[[69.389581, 53.2750654], [69.3895492, 53.275163], [69.3897074, 53.2751822], [69.3897393, 53.2750846], [69.389581, 53.2750654]]]}}, {"type": "Feature", "properties": {"levels": 1.0, "addr": "улица Зарапа Темирбекова 69", "name": "", "type": "yes", "tagged": true}, "geometry": {"type": "Polygon", "coordinates": [[[69.3736142, 53.2785126], [69.3735982, 53.2785868], [69.3737645, 53.2785996], [69.3737805, 53.2785254], [69.3736142, 53.2785126]]]}}, {"type": "Feature", "properties": {"levels": 1.0, "addr": "улица Косшигулова 91", "name": "", "type": "yes", "tagged": true}, "geometry": {"type": "Polygon", "coordinates": [[[69.3863561, 53.2754979], [69.3863271, 53.2756065], [69.3866513, 53.2756375], [69.3866803, 53.2755288], [69.3863561, 53.2754979]]]}}, {"type": "Feature", "properties": {"levels": 2, "addr": "улица Елемесова 78", "name": "", "type": "detached", "tagged": false}, "geometry": {"type": "Polygon", "coordinates": [[[69.3926281, 53.2783861], [69.3926074, 53.2784863], [69.3928246, 53.2785024], [69.3928453, 53.2784021], [69.3926281, 53.2783861]]]}}, {"type": "Feature", "properties": {"levels": 1.0, "addr": "улица Наурызбай батыра 173", "name": "", "type": "yes", "tagged": true}, "geometry": {"type": "Polygon", "coordinates": [[[69.3980998, 53.277828], [69.3982767, 53.2778501], [69.3983142, 53.2777426], [69.3981373, 53.2777205], [69.3980998, 53.277828]]]}}, {"type": "Feature", "properties": {"levels": 1.0, "addr": "улица Островского 81", "name": "", "type": "yes", "tagged": true}, "geometry": {"type": "Polygon", "coordinates": [[[69.3768329, 53.2772801], [69.3768651, 53.2771598], [69.3766794, 53.277142], [69.3766472, 53.2772623], [69.3768329, 53.2772801]]]}}, {"type": "Feature", "properties": {"levels": 1.0, "addr": "улица Ашимова 61", "name": "", "type": "yes", "tagged": true}, "geometry": {"type": "Polygon", "coordinates": [[[69.3702682, 53.2774998], [69.3704409, 53.2775152], [69.3704597, 53.2774398], [69.3702869, 53.2774244], [69.3702682, 53.2774998]]]}}, {"type": "Feature", "properties": {"levels": 1.0, "addr": "улица Акана-серэ 46а", "name": "", "type": "yes", "tagged": true}, "geometry": {"type": "Polygon", "coordinates": [[[69.3703122, 53.279384], [69.3702926, 53.2794779], [69.3704642, 53.2794908], [69.3704839, 53.2793968], [69.3703122, 53.279384]]]}}, {"type": "Feature", "properties": {"levels": 1.0, "addr": "улица Малика Габдуллина 104", "name": "", "type": "yes", "tagged": true}, "geometry": {"type": "Polygon", "coordinates": [[[69.3986014, 53.2781135], [69.3987357, 53.2781251], [69.3987626, 53.2780144], [69.3986282, 53.2780028], [69.3986014, 53.2781135]]]}}, {"type": "Feature", "properties": {"levels": 1.0, "addr": "улица Наурызбай батыра 63", "name": "", "type": "yes", "tagged": true}, "geometry": {"type": "Polygon", "coordinates": [[[69.3766317, 53.2758607], [69.3768812, 53.2758928], [69.3769056, 53.2758249], [69.3766561, 53.2757928], [69.3766317, 53.2758607]]]}}, {"type": "Feature", "properties": {"levels": 1.0, "addr": "улица Наурызбай батыра 64", "name": "", "type": "yes", "tagged": true}, "geometry": {"type": "Polygon", "coordinates": [[[69.3768034, 53.2754886], [69.3770233, 53.2755143], [69.3770622, 53.275395], [69.3768423, 53.2753693], [69.3768034, 53.2754886]]]}}, {"type": "Feature", "properties": {"levels": 2, "addr": "Сагдиева 55", "name": "", "type": "yes", "tagged": false}, "geometry": {"type": "Polygon", "coordinates": [[[69.377884, 53.277735], [69.3781146, 53.2777558], [69.378154, 53.2775999], [69.3779234, 53.2775791], [69.377884, 53.277735]]]}}, {"type": "Feature", "properties": {"levels": 1.0, "addr": "Сагдиева 67", "name": "", "type": "yes", "tagged": true}, "geometry": {"type": "Polygon", "coordinates": [[[69.3781951, 53.2764086], [69.3783748, 53.2764343], [69.3783998, 53.2763717], [69.3782201, 53.276346], [69.3781951, 53.2764086]]]}}, {"type": "Feature", "properties": {"levels": 1.0, "addr": "улица Бауржана Момышулы 91", "name": "", "type": "yes", "tagged": true}, "geometry": {"type": "Polygon", "coordinates": [[[69.3802673, 53.2763458], [69.3802328, 53.2764803], [69.3804552, 53.2765007], [69.3804897, 53.2763662], [69.3802673, 53.2763458]]]}}, {"type": "Feature", "properties": {"levels": 1.0, "addr": "улица Зарапа Темирбекова 85а", "name": "", "type": "yes", "tagged": true}, "geometry": {"type": "Polygon", "coordinates": [[[69.3738462, 53.276313], [69.3738263, 53.2763923], [69.3739873, 53.2764067], [69.3740072, 53.2763274], [69.3738462, 53.276313]]]}}, {"type": "Feature", "properties": {"levels": 2.0, "addr": "Алихана 52", "name": "", "type": "yes", "tagged": true}, "geometry": {"type": "Polygon", "coordinates": [[[69.3696691, 53.2808314], [69.3700068, 53.2808642], [69.3700248, 53.2807981], [69.3699107, 53.280787], [69.3699237, 53.280739], [69.3697, 53.2807173], [69.3696691, 53.2808314]]]}}, {"type": "Feature", "properties": {"levels": 1.0, "addr": "Сагдиева 62", "name": "", "type": "yes", "tagged": true}, "geometry": {"type": "Polygon", "coordinates": [[[69.3764153, 53.2788698], [69.3768588, 53.2789146], [69.3768794, 53.2788418], [69.3767456, 53.2788283], [69.3767672, 53.2787521], [69.3766069, 53.2787359], [69.3766127, 53.2787153], [69.3764632, 53.2787002], [69.3764153, 53.2788698]]]}}, {"type": "Feature", "properties": {"levels": 1.0, "addr": "улица Ильяса Есенберлина 117", "name": "", "type": "yes", "tagged": true}, "geometry": {"type": "Polygon", "coordinates": [[[69.3880187, 53.276415], [69.388185, 53.2764279], [69.3882051, 53.2763348], [69.3880388, 53.276322], [69.3880187, 53.276415]]]}}, {"type": "Feature", "properties": {"levels": 1.0, "addr": "улица Островского 111", "name": "", "type": "yes", "tagged": true}, "geometry": {"type": "Polygon", "coordinates": [[[69.3841575, 53.277706], [69.3841361, 53.2778044], [69.3842621, 53.2778142], [69.3842835, 53.2777158], [69.3841575, 53.277706]]]}}, {"type": "Feature", "properties": {"levels": 1.0, "addr": "улица Островского 76", "name": "", "type": "yes", "tagged": true}, "geometry": {"type": "Polygon", "coordinates": [[[69.3789059, 53.2768016], [69.3789408, 53.2766732], [69.3788124, 53.2766608], [69.3787775, 53.2767891], [69.3789059, 53.2768016]]]}}, {"type": "Feature", "properties": {"levels": 1.0, "addr": "улица Бауржана Момышулы 100", "name": "", "type": "yes", "tagged": true}, "geometry": {"type": "Polygon", "coordinates": [[[69.3791017, 53.2775024], [69.3792841, 53.2775169], [69.3793087, 53.2774058], [69.3791263, 53.2773914], [69.3791017, 53.2775024]]]}}, {"type": "Feature", "properties": {"levels": 1.0, "addr": "Алихана 76", "name": "", "type": "yes", "tagged": true}, "geometry": {"type": "Polygon", "coordinates": [[[69.3705203, 53.2787443], [69.3706879, 53.2787607], [69.3707094, 53.2786821], [69.3705418, 53.2786657], [69.3705203, 53.2787443]]]}}, {"type": "Feature", "properties": {"levels": 1.0, "addr": "улица Магжана Жумабаева 80", "name": "", "type": "yes", "tagged": true}, "geometry": {"type": "Polygon", "coordinates": [[[69.3755776, 53.2760748], [69.3757171, 53.276086], [69.3757423, 53.2759742], [69.3756028, 53.2759629], [69.3755776, 53.2760748]]]}}, {"type": "Feature", "properties": {"levels": 2, "addr": "", "name": "", "type": "yes", "tagged": false}, "geometry": {"type": "Polygon", "coordinates": [[[69.3884277, 53.2793227], [69.3884189, 53.2793525], [69.3886147, 53.2793734], [69.3886235, 53.2793435], [69.3884277, 53.2793227]]]}}, {"type": "Feature", "properties": {"levels": 2, "addr": "улица Островского 63", "name": "", "type": "yes", "tagged": false}, "geometry": {"type": "Polygon", "coordinates": [[[69.3722074, 53.2765824], [69.3721907, 53.2766604], [69.3723168, 53.2766701], [69.3723334, 53.2765921], [69.3722074, 53.2765824]]]}}, {"type": "Feature", "properties": {"levels": 1.0, "addr": "Сагдиева 80", "name": "", "type": "yes", "tagged": true}, "geometry": {"type": "Polygon", "coordinates": [[[69.377164, 53.2767369], [69.3771185, 53.2769057], [69.3774029, 53.2769331], [69.3774484, 53.2767643], [69.377164, 53.2767369]]]}}, {"type": "Feature", "properties": {"levels": 1.0, "addr": "улица Ашимова 83", "name": "", "type": "yes", "tagged": true}, "geometry": {"type": "Polygon", "coordinates": [[[69.3743384, 53.2779256], [69.3744725, 53.2779384], [69.3744985, 53.2778413], [69.3743644, 53.2778285], [69.3743384, 53.2779256]]]}}, {"type": "Feature", "properties": {"levels": 1.0, "addr": "улица Островского 62", "name": "", "type": "yes", "tagged": true}, "geometry": {"type": "Polygon", "coordinates": [[[69.3749554, 53.2763907], [69.3749257, 53.2764936], [69.3750813, 53.2765097], [69.3751109, 53.2764068], [69.3749554, 53.2763907]]]}}, {"type": "Feature", "properties": {"levels": 1.0, "addr": "улица Зарапа Темирбекова 82", "name": "", "type": "yes", "tagged": true}, "geometry": {"type": "Polygon", "coordinates": [[[69.3730968, 53.2759016], [69.3730712, 53.2759996], [69.3732831, 53.2760194], [69.3733086, 53.2759214], [69.3730968, 53.2759016]]]}}, {"type": "Feature", "properties": {"levels": 1.0, "addr": "улица Наурызбай батыра 148", "name": "", "type": "detached", "tagged": true}, "geometry": {"type": "Polygon", "coordinates": [[[69.393996, 53.2770084], [69.3941355, 53.2770213], [69.3941537, 53.2769504], [69.3940142, 53.2769376], [69.393996, 53.2770084]]]}}, {"type": "Feature", "properties": {"levels": 1.0, "addr": "улица Биржан сала 84", "name": "", "type": "yes", "tagged": true}, "geometry": {"type": "Polygon", "coordinates": [[[69.3816189, 53.2759042], [69.3817531, 53.2759154], [69.3817687, 53.2758485], [69.3816346, 53.2758373], [69.3816189, 53.2759042]]]}}, {"type": "Feature", "properties": {"levels": 1.0, "addr": "улица Косшигулова 75", "name": "", "type": "yes", "tagged": true}, "geometry": {"type": "Polygon", "coordinates": [[[69.3830767, 53.2752378], [69.383062, 53.2752846], [69.3831908, 53.275299], [69.3832054, 53.2752522], [69.3830767, 53.2752378]]]}}, {"type": "Feature", "properties": {"levels": 1.0, "addr": "Сагдиева 74", "name": "", "type": "yes", "tagged": true}, "geometry": {"type": "Polygon", "coordinates": [[[69.3771303, 53.2772827], [69.3771023, 53.2773533], [69.3772832, 53.2773789], [69.3773111, 53.2773083], [69.3771303, 53.2772827]]]}}, {"type": "Feature", "properties": {"levels": 1.0, "addr": "улица Елемесова 105", "name": "", "type": "detached", "tagged": true}, "geometry": {"type": "Polygon", "coordinates": [[[69.3939826, 53.2757053], [69.3939571, 53.2757999], [69.3941247, 53.275816], [69.3941502, 53.2757214], [69.3939826, 53.2757053]]]}}, {"type": "Feature", "properties": {"levels": 1.0, "addr": "улица Елемесова 82", "name": "", "type": "detached", "tagged": true}, "geometry": {"type": "Polygon", "coordinates": [[[69.3927437, 53.2779501], [69.3927237, 53.2780312], [69.3929008, 53.2780467], [69.3929208, 53.2779657], [69.3927437, 53.2779501]]]}}, {"type": "Feature", "properties": {"levels": 1.0, "addr": "улица Биржан сала 117", "name": "", "type": "yes", "tagged": true}, "geometry": {"type": "Polygon", "coordinates": [[[69.3824518, 53.2752089], [69.3824408, 53.275254], [69.3825883, 53.2752669], [69.3825993, 53.2752217], [69.3824518, 53.2752089]]]}}, {"type": "Feature", "properties": {"levels": 1.0, "addr": "улица Ильяса Есенберлина 92", "name": "", "type": "yes", "tagged": true}, "geometry": {"type": "Polygon", "coordinates": [[[69.3874259, 53.2761151], [69.3874089, 53.2761879], [69.387543, 53.2761991], [69.38756, 53.2761263], [69.3874259, 53.2761151]]]}}, {"type": "Feature", "properties": {"levels": 2, "addr": "улица Жумабека Ташенова 112", "name": "", "type": "yes", "tagged": false}, "geometry": {"type": "Polygon", "coordinates": [[[69.4034615, 53.2753044], [69.4036842, 53.2753258], [69.403778, 53.2749772], [69.4035553, 53.2749557], [69.4034615, 53.2753044]]]}}, {"type": "Feature", "properties": {"levels": 1.0, "addr": "улица Ашимова 59", "name": "", "type": "yes", "tagged": true}, "geometry": {"type": "Polygon", "coordinates": [[[69.3698524, 53.2775046], [69.3700783, 53.277526], [69.3701132, 53.2773945], [69.3698873, 53.2773731], [69.3698524, 53.2775046]]]}}, {"type": "Feature", "properties": {"levels": 1.0, "addr": "улица Косшигулова 105", "name": "", "type": "yes", "tagged": true}, "geometry": {"type": "Polygon", "coordinates": [[[69.3892069, 53.2758665], [69.3892445, 53.275727], [69.3890569, 53.2757089], [69.3890194, 53.2758485], [69.3892069, 53.2758665]]]}}, {"type": "Feature", "properties": {"levels": 1.0, "addr": "улица Ашимова 48", "name": "", "type": "yes", "tagged": true}, "geometry": {"type": "Polygon", "coordinates": [[[69.3699597, 53.277139], [69.3701032, 53.2771536], [69.370126, 53.2770732], [69.3699826, 53.2770586], [69.3699597, 53.277139]]]}}, {"type": "Feature", "properties": {"levels": 1.0, "addr": "улица Наурызбай батыра 62", "name": "", "type": "yes", "tagged": true}, "geometry": {"type": "Polygon", "coordinates": [[[69.3765621, 53.2754854], [69.3766935, 53.2754949], [69.3767104, 53.2754129], [69.3765789, 53.2754032], [69.3765621, 53.2754854]]]}}, {"type": "Feature", "properties": {"levels": 1.0, "addr": "улица Наурызбай батыра 48", "name": "", "type": "yes", "tagged": true}, "geometry": {"type": "Polygon", "coordinates": [[[69.3735472, 53.2751758], [69.3737322, 53.2751951], [69.3737526, 53.275125], [69.3735675, 53.2751058], [69.3735472, 53.2751758]]]}}, {"type": "Feature", "properties": {"levels": 2, "addr": "", "name": "", "type": "yes", "tagged": false}, "geometry": {"type": "Polygon", "coordinates": [[[69.3714296, 53.2757196], [69.3715701, 53.2757338], [69.3715878, 53.2756714], [69.3714473, 53.2756572], [69.3714296, 53.2757196]]]}}, {"type": "Feature", "properties": {"levels": 2, "addr": "", "name": "", "type": "yes", "tagged": false}, "geometry": {"type": "Polygon", "coordinates": [[[69.3738064, 53.2760176], [69.3740363, 53.2760454], [69.3740644, 53.275954], [69.3738311, 53.2759315], [69.3738064, 53.2760176]]]}}, {"type": "Feature", "properties": {"levels": 1.0, "addr": "улица Островского 44", "name": "", "type": "yes", "tagged": true}, "geometry": {"type": "Polygon", "coordinates": [[[69.372092, 53.2762569], [69.3722476, 53.2762729], [69.3722766, 53.2761724], [69.372121, 53.2761563], [69.372092, 53.2762569]]]}}, {"type": "Feature", "properties": {"levels": 1.0, "addr": "Алихана 74", "name": "", "type": "yes", "tagged": true}, "geometry": {"type": "Polygon", "coordinates": [[[69.3703808, 53.279025], [69.3705734, 53.2790378], [69.3706002, 53.2788935], [69.3704076, 53.2788807], [69.3703808, 53.279025]]]}}, {"type": "Feature", "properties": {"levels": 1.0, "addr": "улица Косшигулова 93", "name": "", "type": "yes", "tagged": true}, "geometry": {"type": "Polygon", "coordinates": [[[69.3870477, 53.2755184], [69.3870337, 53.2755613], [69.387021, 53.2756004], [69.3872337, 53.2756251], [69.3872603, 53.2755431], [69.3870477, 53.2755184]]]}}, {"type": "Feature", "properties": {"levels": 2, "addr": "", "name": "", "type": "yes", "tagged": false}, "geometry": {"type": "Polygon", "coordinates": [[[69.3762639, 53.2784952], [69.376252, 53.2785532], [69.3763834, 53.2785629], [69.3763953, 53.2785048], [69.3762639, 53.2784952]]]}}, {"type": "Feature", "properties": {"levels": 1.0, "addr": "улица Островского 64", "name": "", "type": "yes", "tagged": true}, "geometry": {"type": "Polygon", "coordinates": [[[69.375481, 53.2764982], [69.3755857, 53.2765127], [69.3756123, 53.2764436], [69.3755077, 53.2764291], [69.375481, 53.2764982]]]}}, {"type": "Feature", "properties": {"levels": 2, "addr": "", "name": "", "type": "yes", "tagged": false}, "geometry": {"type": "Polygon", "coordinates": [[[69.3867143, 53.2755727], [69.3868982, 53.2755904], [69.3869275, 53.2754816], [69.3867437, 53.2754639], [69.3867143, 53.2755727]]]}}, {"type": "Feature", "properties": {"levels": 1.0, "addr": "улица Ашимова 89", "name": "", "type": "yes", "tagged": true}, "geometry": {"type": "Polygon", "coordinates": [[[69.3753416, 53.2780122], [69.3754682, 53.2780237], [69.3754897, 53.2779387], [69.375363, 53.2779272], [69.3753416, 53.2780122]]]}}, {"type": "Feature", "properties": {"levels": 1.0, "addr": "улица Каныша Сатпаева 54", "name": "", "type": "yes", "tagged": true}, "geometry": {"type": "Polygon", "coordinates": [[[69.3836145, 53.2752594], [69.3835738, 53.2753723], [69.3837106, 53.27539], [69.3837513, 53.2752771], [69.3836145, 53.2752594]]]}}, {"type": "Feature", "properties": {"levels": 1.0, "addr": "улица Сабатаева 69", "name": "", "type": "yes", "tagged": true}, "geometry": {"type": "Polygon", "coordinates": [[[69.372532, 53.2789491], [69.3726947, 53.2789693], [69.3727376, 53.2788458], [69.372575, 53.2788256], [69.372532, 53.2789491]]]}}, {"type": "Feature", "properties": {"levels": 1.0, "addr": "улица Островского 123", "name": "", "type": "yes", "tagged": true}, "geometry": {"type": "Polygon", "coordinates": [[[69.3863387, 53.2779491], [69.3863655, 53.2778384], [69.3862001, 53.2778241], [69.3861733, 53.2779348], [69.3863387, 53.2779491]]]}}, {"type": "Feature", "properties": {"levels": 1.0, "addr": "Сагдиева 71", "name": "", "type": "yes", "tagged": true}, "geometry": {"type": "Polygon", "coordinates": [[[69.3782595, 53.2760269], [69.3783536, 53.2760377], [69.3783885, 53.2759286], [69.3782943, 53.2759178], [69.3782595, 53.2760269]]]}}, {"type": "Feature", "properties": {"levels": 1.0, "addr": "улица Биржан сала 115", "name": "", "type": "yes", "tagged": true}, "geometry": {"type": "Polygon", "coordinates": [[[69.3825094, 53.2754246], [69.3825363, 53.275338], [69.3823954, 53.2753224], [69.3823685, 53.275409], [69.3825094, 53.2754246]]]}}, {"type": "Feature", "properties": {"levels": 1.0, "addr": "улица Островского 38", "name": "", "type": "yes", "tagged": true}, "geometry": {"type": "Polygon", "coordinates": [[[69.3707939, 53.2761221], [69.3710013, 53.2761432], [69.3710192, 53.2760804], [69.3708117, 53.2760593], [69.3707939, 53.2761221]]]}}, {"type": "Feature", "properties": {"levels": 1.0, "addr": "улица Косшигулова 126", "name": "", "type": "detached", "tagged": true}, "geometry": {"type": "Polygon", "coordinates": [[[69.3938941, 53.2760389], [69.3940542, 53.2760543], [69.3940765, 53.2759716], [69.3939163, 53.2759562], [69.3938941, 53.2760389]]]}}, {"type": "Feature", "properties": {"levels": 2, "addr": "", "name": "", "type": "yes", "tagged": false}, "geometry": {"type": "Polygon", "coordinates": [[[69.3936902, 53.2779852], [69.3937903, 53.277995], [69.3938252, 53.2778683], [69.3937251, 53.2778585], [69.3936902, 53.2779852]]]}}, {"type": "Feature", "properties": {"levels": 1.0, "addr": "улица Садвакасова 61", "name": "", "type": "detached", "tagged": true}, "geometry": {"type": "Polygon", "coordinates": [[[69.3955999, 53.2778681], [69.3957394, 53.2778841], [69.3957641, 53.2778075], [69.3956246, 53.2777915], [69.3955999, 53.2778681]]]}}, {"type": "Feature", "properties": {"levels": 2, "addr": "улица Магжана Жумабаева 97", "name": "", "type": "yes", "tagged": false}, "geometry": {"type": "Polygon", "coordinates": [[[69.3764413, 53.2750315], [69.3764186, 53.2751038], [69.3765473, 53.2751183], [69.37657, 53.2750459], [69.3764413, 53.2750315]]]}}, {"type": "Feature", "properties": {"levels": 1.0, "addr": "улица Магжана Жумабаева 78", "name": "", "type": "yes", "tagged": true}, "geometry": {"type": "Polygon", "coordinates": [[[69.375583, 53.2761935], [69.3755608, 53.2762417], [69.3756681, 53.2762593], [69.3756903, 53.2762111], [69.375583, 53.2761935]]]}}, {"type": "Feature", "properties": {"levels": 1.0, "addr": "улица Островского 153", "name": "", "type": "yes", "tagged": true}, "geometry": {"type": "Polygon", "coordinates": [[[69.3922579, 53.2784326], [69.3923867, 53.278447], [69.3924108, 53.2783703], [69.392282, 53.2783558], [69.3922579, 53.2784326]]]}}, {"type": "Feature", "properties": {"levels": 2, "addr": "улица Женис 93", "name": "", "type": "yes", "tagged": false}, "geometry": {"type": "Polygon", "coordinates": [[[69.3698117, 53.2762205], [69.3699906, 53.2762332], [69.3700062, 53.2761551], [69.3698272, 53.2761424], [69.3698117, 53.2762205]]]}}, {"type": "Feature", "properties": {"levels": 1.0, "addr": "улица Елемесова 99", "name": "", "type": "detached", "tagged": true}, "geometry": {"type": "Polygon", "coordinates": [[[69.3939396, 53.2767887], [69.3940845, 53.2768031], [69.3941061, 53.2767256], [69.3939612, 53.2767112], [69.3939396, 53.2767887]]]}}, {"type": "Feature", "properties": {"levels": 1.0, "addr": "улица Ашимова 188", "name": "", "type": "yes", "tagged": true}, "geometry": {"type": "Polygon", "coordinates": [[[69.3997065, 53.2798086], [69.3998754, 53.2798263], [69.3998942, 53.2797619], [69.3997253, 53.2797443], [69.3997065, 53.2798086]]]}}, {"type": "Feature", "properties": {"levels": 1.0, "addr": "улица Косшигулова 102", "name": "", "type": "yes", "tagged": true}, "geometry": {"type": "Polygon", "coordinates": [[[69.3887456, 53.2754751], [69.3889521, 53.2755024], [69.3889869, 53.2754083], [69.3887804, 53.275381], [69.3887456, 53.2754751]]]}}, {"type": "Feature", "properties": {"levels": 1.0, "addr": "улица Наурызбай батыра 150", "name": "", "type": "detached", "tagged": true}, "geometry": {"type": "Polygon", "coordinates": [[[69.3943983, 53.2769347], [69.3944197, 53.2768304], [69.3942907, 53.2768209], [69.3942692, 53.2769252], [69.3943983, 53.2769347]]]}}, {"type": "Feature", "properties": {"levels": 1.0, "addr": "улица Косшигулова 116", "name": "", "type": "yes", "tagged": true}, "geometry": {"type": "Polygon", "coordinates": [[[69.3917657, 53.2758072], [69.3918757, 53.2758232], [69.3919088, 53.2757422], [69.3917988, 53.2757262], [69.3917657, 53.2758072]]]}}, {"type": "Feature", "properties": {"levels": 1.0, "addr": "улица Потанина 69", "name": "", "type": "yes", "tagged": true}, "geometry": {"type": "Polygon", "coordinates": [[[69.3915391, 53.2781616], [69.3917295, 53.2781808], [69.3917689, 53.2780415], [69.3915785, 53.2780222], [69.3915391, 53.2781616]]]}}, {"type": "Feature", "properties": {"levels": 1.0, "addr": "улица Магжана Жумабаева 66", "name": "", "type": "yes", "tagged": true}, "geometry": {"type": "Polygon", "coordinates": [[[69.3749687, 53.2782207], [69.3749537, 53.2782667], [69.3750905, 53.2782827], [69.3751055, 53.2782368], [69.3749687, 53.2782207]]]}}, {"type": "Feature", "properties": {"levels": 1.0, "addr": "улица Панфилова 150а", "name": "", "type": "yes", "tagged": true}, "geometry": {"type": "Polygon", "coordinates": [[[69.4008597, 53.2749723], [69.4011713, 53.2750023], [69.4012406, 53.2747446], [69.4009291, 53.2747146], [69.4008597, 53.2749723]]]}}, {"type": "Feature", "properties": {"levels": 1.0, "addr": "Алихана 100", "name": "", "type": "yes", "tagged": true}, "geometry": {"type": "Polygon", "coordinates": [[[69.3712897, 53.2760261], [69.3714957, 53.2760466], [69.3715211, 53.2759551], [69.3713152, 53.2759346], [69.3712897, 53.2760261]]]}}, {"type": "Feature", "properties": {"levels": 1.0, "addr": "улица Каныша Сатпаева 41", "name": "", "type": "yes", "tagged": true}, "geometry": {"type": "Polygon", "coordinates": [[[69.3839806, 53.2769363], [69.3841469, 53.2769523], [69.3841674, 53.2768761], [69.3840011, 53.2768601], [69.3839806, 53.2769363]]]}}, {"type": "Feature", "properties": {"levels": 1.0, "addr": "улица Ильяса Есенберлина 98", "name": "", "type": "yes", "tagged": true}, "geometry": {"type": "Polygon", "coordinates": [[[69.387611, 53.2755939], [69.3875798, 53.2756844], [69.387671, 53.2756956], [69.3877022, 53.2756051], [69.387611, 53.2755939]]]}}, {"type": "Feature", "properties": {"levels": 2, "addr": "улица Островского 86", "name": "", "type": "yes", "tagged": false}, "geometry": {"type": "Polygon", "coordinates": [[[69.3806171, 53.2769106], [69.3808693, 53.276917], [69.380876, 53.276823], [69.3806238, 53.2768166], [69.3806171, 53.2769106]]]}}, {"type": "Feature", "properties": {"levels": 2, "addr": "", "name": "", "type": "yes", "tagged": false}, "geometry": {"type": "Polygon", "coordinates": [[[69.384509, 53.2772554], [69.3845932, 53.2772634], [69.3846388, 53.2770901], [69.3845546, 53.2770822], [69.384509, 53.2772554]]]}}, {"type": "Feature", "properties": {"levels": 1.0, "addr": "улица Валиханова 157", "name": "", "type": "detached", "tagged": true}, "geometry": {"type": "Polygon", "coordinates": [[[69.3948516, 53.2752145], [69.3950138, 53.2752301], [69.3950313, 53.2751648], [69.3948692, 53.2751492], [69.3948516, 53.2752145]]]}}, {"type": "Feature", "properties": {"levels": 2, "addr": "улица Ашимова 86", "name": "", "type": "yes", "tagged": false}, "geometry": {"type": "Polygon", "coordinates": [[[69.3782675, 53.2778905], [69.3784606, 53.2779066], [69.3785041, 53.2777195], [69.378311, 53.2777035], [69.3782675, 53.2778905]]]}}, {"type": "Feature", "properties": {"levels": 2, "addr": "улица Каныша Сатпаева 44", "name": "", "type": "yes", "tagged": false}, "geometry": {"type": "Polygon", "coordinates": [[[69.3832457, 53.2766396], [69.383217, 53.2767228], [69.3833994, 53.2767452], [69.3834281, 53.276662], [69.3832457, 53.2766396]]]}}, {"type": "Feature", "properties": {"levels": 1.0, "addr": "улица Наурызбай батыра 46", "name": "", "type": "yes", "tagged": true}, "geometry": {"type": "Polygon", "coordinates": [[[69.3733299, 53.2751438], [69.373464, 53.275155], [69.3734825, 53.2750759], [69.3733484, 53.2750647], [69.3733299, 53.2751438]]]}}, {"type": "Feature", "properties": {"levels": 1.0, "addr": "улица Сабатаева 56", "name": "", "type": "yes", "tagged": true}, "geometry": {"type": "Polygon", "coordinates": [[[69.3712356, 53.2784422], [69.3713959, 53.2784581], [69.3714201, 53.2783709], [69.3714908, 53.2783779], [69.3714832, 53.2784052], [69.3716787, 53.2784246], [69.3717107, 53.2783094], [69.371504, 53.2782889], [69.3714892, 53.2783421], [69.3714443, 53.2783377], [69.3714575, 53.2782902], [69.3712826, 53.2782729], [69.3712356, 53.2784422]]]}}, {"type": "Feature", "properties": {"levels": 1.0, "addr": "улица Зарапа Темирбекова 85", "name": "", "type": "yes", "tagged": true}, "geometry": {"type": "Polygon", "coordinates": [[[69.3742982, 53.2761742], [69.3744538, 53.2761903], [69.3744813, 53.2760947], [69.3743257, 53.2760787], [69.3742982, 53.2761742]]]}}, {"type": "Feature", "properties": {"levels": 1.0, "addr": "улица Островского 53", "name": "", "type": "yes", "tagged": true}, "geometry": {"type": "Polygon", "coordinates": [[[69.3703406, 53.2764413], [69.3705219, 53.2764597], [69.3705444, 53.2763803], [69.3703632, 53.2763619], [69.3703406, 53.2764413]]]}}, {"type": "Feature", "properties": {"levels": 2, "addr": "", "name": "", "type": "yes", "tagged": false}, "geometry": {"type": "Polygon", "coordinates": [[[69.3857536, 53.2772827], [69.3858072, 53.2770983], [69.3857012, 53.2770872], [69.3856475, 53.2772717], [69.3857536, 53.2772827]]]}}, {"type": "Feature", "properties": {"levels": 1.0, "addr": "улица Елемесова 87", "name": "", "type": "semidetached_house", "tagged": true}, "geometry": {"type": "Polygon", "coordinates": [[[69.3934193, 53.2780718], [69.3935873, 53.2780882], [69.3936409, 53.2778926], [69.393473, 53.2778761], [69.3934193, 53.2780718]]]}}, {"type": "Feature", "properties": {"levels": 1.0, "addr": "улица Садвакасова 59", "name": "", "type": "detached", "tagged": true}, "geometry": {"type": "Polygon", "coordinates": [[[69.3954391, 53.2778954], [69.3954246, 53.2779428], [69.3955722, 53.2779588], [69.3955866, 53.2779114], [69.3954391, 53.2778954]]]}}, {"type": "Feature", "properties": {"levels": 1.0, "addr": "улица Наурызбай батыра 38", "name": "", "type": "yes", "tagged": true}, "geometry": {"type": "Polygon", "coordinates": [[[69.3721551, 53.2750459], [69.3723965, 53.2750668], [69.3724214, 53.2749635], [69.37218, 53.2749427], [69.3721551, 53.2750459]]]}}, {"type": "Feature", "properties": {"levels": 1.0, "addr": "улица Потанина 65", "name": "", "type": "yes", "tagged": true}, "geometry": {"type": "Polygon", "coordinates": [[[69.3914425, 53.2785272], [69.3914235, 53.278592], [69.3915764, 53.278608], [69.3915954, 53.2785433], [69.3914425, 53.2785272]]]}}, {"type": "Feature", "properties": {"levels": 1.0, "addr": "улица Островского 113", "name": "", "type": "yes", "tagged": true}, "geometry": {"type": "Polygon", "coordinates": [[[69.3845657, 53.2777602], [69.3845263, 53.2778708], [69.3846672, 53.2778887], [69.3847066, 53.2777781], [69.3845657, 53.2777602]]]}}, {"type": "Feature", "properties": {"levels": 2, "addr": "", "name": "", "type": "yes", "tagged": false}, "geometry": {"type": "Polygon", "coordinates": [[[69.3843354, 53.27736], [69.3843042, 53.2775179], [69.3844869, 53.2775309], [69.3845181, 53.277373], [69.3843354, 53.27736]]]}}, {"type": "Feature", "properties": {"levels": 1.0, "addr": "улица Наурызбай батыра 144", "name": "", "type": "detached", "tagged": true}, "geometry": {"type": "Polygon", "coordinates": [[[69.39365, 53.2769587], [69.393819, 53.2769764], [69.3938425, 53.2768956], [69.3936736, 53.276878], [69.39365, 53.2769587]]]}}, {"type": "Feature", "properties": {"levels": 1.0, "addr": "улица Косшигулова 122", "name": "", "type": "yes", "tagged": true}, "geometry": {"type": "Polygon", "coordinates": [[[69.3929593, 53.2759291], [69.3931203, 53.2759467], [69.3931502, 53.2758491], [69.3929893, 53.2758314], [69.3929593, 53.2759291]]]}}, {"type": "Feature", "properties": {"levels": 2, "addr": "", "name": "", "type": "yes", "tagged": false}, "geometry": {"type": "Polygon", "coordinates": [[[69.3966031, 53.2760341], [69.3968111, 53.2760541], [69.3968445, 53.2759299], [69.3966365, 53.2759099], [69.3966031, 53.2760341]]]}}, {"type": "Feature", "properties": {"levels": 2, "addr": "улица Потанина 124", "name": "", "type": "yes", "tagged": false}, "geometry": {"type": "Polygon", "coordinates": [[[69.3917523, 53.275565], [69.3917236, 53.2756321], [69.3918389, 53.2756498], [69.3918677, 53.2755826], [69.3917523, 53.275565]]]}}, {"type": "Feature", "properties": {"levels": 2, "addr": "", "name": "", "type": "yes", "tagged": false}, "geometry": {"type": "Polygon", "coordinates": [[[69.3939531, 53.2789699], [69.3940979, 53.2789811], [69.3941102, 53.2789243], [69.3939654, 53.2789131], [69.3939531, 53.2789699]]]}}, {"type": "Feature", "properties": {"levels": 1.0, "addr": "улица Магжана Жумабаева 68", "name": "", "type": "yes", "tagged": true}, "geometry": {"type": "Polygon", "coordinates": [[[69.3749661, 53.2780828], [69.3749567, 53.2781192], [69.375131, 53.2781352], [69.3751404, 53.2780988], [69.3749661, 53.2780828]]]}}, {"type": "Feature", "properties": {"levels": 2, "addr": "", "name": "", "type": "yes", "tagged": false}, "geometry": {"type": "Polygon", "coordinates": [[[69.3703996, 53.279078], [69.3703861, 53.2791429], [69.3705514, 53.279158], [69.3705659, 53.2790907], [69.3703996, 53.279078]]]}}, {"type": "Feature", "properties": {"levels": 1.0, "addr": "улица Малика Габдуллина 100", "name": "", "type": "yes", "tagged": true}, "geometry": {"type": "Polygon", "coordinates": [[[69.398494, 53.2785769], [69.3986774, 53.2785935], [69.3987069, 53.2784764], [69.3985235, 53.2784599], [69.398494, 53.2785769]]]}}, {"type": "Feature", "properties": {"levels": 1.0, "addr": "улица Островского 67а", "name": "", "type": "yes", "tagged": true}, "geometry": {"type": "Polygon", "coordinates": [[[69.372717, 53.2763803], [69.3726892, 53.276477], [69.3728609, 53.2764947], [69.3728887, 53.276398], [69.372717, 53.2763803]]]}}, {"type": "Feature", "properties": {"levels": 2, "addr": "", "name": "", "type": "yes", "tagged": false}, "geometry": {"type": "Polygon", "coordinates": [[[69.3866736, 53.2777414], [69.3868479, 53.2777558], [69.3868621, 53.2776944], [69.3866878, 53.27768], [69.3866736, 53.2777414]]]}}, {"type": "Feature", "properties": {"levels": 2, "addr": "улица Валиханова 142", "name": "", "type": "yes", "tagged": false}, "geometry": {"type": "Polygon", "coordinates": [[[69.3986469, 53.2751327], [69.3988148, 53.2751489], [69.3988347, 53.275075], [69.3986668, 53.2750588], [69.3986469, 53.2751327]]]}}, {"type": "Feature", "properties": {"levels": 1.0, "addr": "улица Каныша Сатпаева 39", "name": "", "type": "yes", "tagged": true}, "geometry": {"type": "Polygon", "coordinates": [[[69.3839833, 53.2770854], [69.3841657, 53.2771015], [69.3841818, 53.2770358], [69.3839995, 53.2770197], [69.3839833, 53.2770854]]]}}, {"type": "Feature", "properties": {"levels": 1.0, "addr": "Алихана 53", "name": "", "type": "yes", "tagged": true}, "geometry": {"type": "Polygon", "coordinates": [[[69.3708944, 53.2801003], [69.3708588, 53.2802086], [69.3710224, 53.2802279], [69.3710581, 53.2801195], [69.3708944, 53.2801003]]]}}, {"type": "Feature", "properties": {"levels": 1.0, "addr": "", "name": "", "type": "yes", "tagged": true}, "geometry": {"type": "Polygon", "coordinates": [[[69.3727787, 53.2783097], [69.3729198, 53.2783261], [69.3729547, 53.2782186], [69.3728136, 53.2782023], [69.3727787, 53.2783097]]]}}, {"type": "Feature", "properties": {"levels": 2, "addr": "улица Бауржана Момышулы 106", "name": "", "type": "yes", "tagged": false}, "geometry": {"type": "Polygon", "coordinates": [[[69.3795013, 53.2768016], [69.3795443, 53.2766348], [69.3793826, 53.2766199], [69.3793397, 53.2767867], [69.3795013, 53.2768016]]]}}, {"type": "Feature", "properties": {"levels": 1.0, "addr": "Сагдиева 78", "name": "", "type": "yes", "tagged": true}, "geometry": {"type": "Polygon", "coordinates": [[[69.3772513, 53.2770347], [69.3772294, 53.2771148], [69.377393, 53.2771308], [69.3774149, 53.2770507], [69.3772513, 53.2770347]]]}}, {"type": "Feature", "properties": {"levels": 1.0, "addr": "улица Бауржана Момышулы 87", "name": "", "type": "yes", "tagged": true}, "geometry": {"type": "Polygon", "coordinates": [[[69.3801397, 53.2768433], [69.3803489, 53.2768785], [69.3804116, 53.2767457], [69.3802023, 53.2767105], [69.3801397, 53.2768433]]]}}, {"type": "Feature", "properties": {"levels": 1.0, "addr": "улица Магжана Жумабаева 71", "name": "", "type": "yes", "tagged": true}, "geometry": {"type": "Polygon", "coordinates": [[[69.3757221, 53.2783974], [69.3757489, 53.2782803], [69.3756037, 53.2782684], [69.3755769, 53.2783855], [69.3757221, 53.2783974]]]}}, {"type": "Feature", "properties": {"levels": 2, "addr": "улица Островского 86а", "name": "", "type": "yes", "tagged": false}, "geometry": {"type": "Polygon", "coordinates": [[[69.3828115, 53.277328], [69.382845, 53.2772128], [69.3827146, 53.2771992], [69.3826811, 53.2773144], [69.3828115, 53.277328]]]}}, {"type": "Feature", "properties": {"levels": 1.0, "addr": "улица Косшигулова 133", "name": "", "type": "yes", "tagged": true}, "geometry": {"type": "Polygon", "coordinates": [[[69.3942642, 53.2762851], [69.3942427, 53.2763483], [69.3943875, 53.276366], [69.3944091, 53.2763028], [69.3942642, 53.2762851]]]}}, {"type": "Feature", "properties": {"levels": 1.0, "addr": "улица Елемесова 104", "name": "", "type": "detached", "tagged": true}, "geometry": {"type": "Polygon", "coordinates": [[[69.3933134, 53.2757735], [69.393485, 53.2757927], [69.3935086, 53.2757175], [69.393337, 53.2756982], [69.3933134, 53.2757735]]]}}, {"type": "Feature", "properties": {"levels": 1.0, "addr": "улица Зарапа Темирбекова 87", "name": "", "type": "yes", "tagged": true}, "geometry": {"type": "Polygon", "coordinates": [[[69.374494, 53.2759369], [69.3746952, 53.2759545], [69.3747116, 53.2758877], [69.3745104, 53.27587], [69.374494, 53.2759369]]]}}, {"type": "Feature", "properties": {"levels": 1.0, "addr": "улица Каныша Сатпаева 32", "name": "", "type": "yes", "tagged": true}, "geometry": {"type": "Polygon", "coordinates": [[[69.38283, 53.2779531], [69.3828141, 53.2780198], [69.3829643, 53.2780326], [69.3829802, 53.277966], [69.38283, 53.2779531]]]}}, {"type": "Feature", "properties": {"levels": 1.0, "addr": "улица Магжана Жумабаева 74", "name": "", "type": "yes", "tagged": true}, "geometry": {"type": "Polygon", "coordinates": [[[69.3754449, 53.2766409], [69.3754127, 53.2767543], [69.3755549, 53.2767687], [69.375587, 53.2766554], [69.3754449, 53.2766409]]]}}, {"type": "Feature", "properties": {"levels": 1.0, "addr": "улица Ильяса Есенберлина 86", "name": "", "type": "yes", "tagged": true}, "geometry": {"type": "Polygon", "coordinates": [[[69.3871403, 53.2770822], [69.3873419, 53.277099], [69.3873741, 53.2769611], [69.3871725, 53.2769443], [69.3871403, 53.2770822]]]}}, {"type": "Feature", "properties": {"levels": 2, "addr": "", "name": "", "type": "yes", "tagged": false}, "geometry": {"type": "Polygon", "coordinates": [[[69.3847504, 53.2768849], [69.3847305, 53.2769476], [69.3848431, 53.2769604], [69.3848631, 53.2768978], [69.3847504, 53.2768849]]]}}, {"type": "Feature", "properties": {"levels": 1.0, "addr": "улица Островского 52а", "name": "", "type": "yes", "tagged": true}, "geometry": {"type": "Polygon", "coordinates": [[[69.3730496, 53.2762344], [69.3730298, 53.2763207], [69.3731666, 53.2763319], [69.3731864, 53.2762456], [69.3730496, 53.2762344]]]}}, {"type": "Feature", "properties": {"levels": 1.0, "addr": "улица Ашимова 75", "name": "", "type": "yes", "tagged": true}, "geometry": {"type": "Polygon", "coordinates": [[[69.3727412, 53.2777676], [69.372768, 53.277665], [69.3726511, 53.2776541], [69.3726242, 53.2777567], [69.3727412, 53.2777676]]]}}, {"type": "Feature", "properties": {"levels": 1.0, "addr": "улица Биржан сала 113", "name": "", "type": "yes", "tagged": true}, "geometry": {"type": "Polygon", "coordinates": [[[69.3823699, 53.2755385], [69.3825067, 53.2755497], [69.3825241, 53.275474], [69.3823873, 53.2754628], [69.3823699, 53.2755385]]]}}, {"type": "Feature", "properties": {"levels": 1.0, "addr": "улица Ашимова 81", "name": "", "type": "yes", "tagged": true}, "geometry": {"type": "Polygon", "coordinates": [[[69.3741426, 53.2779096], [69.3742588, 53.2779208], [69.3742856, 53.2778214], [69.3741694, 53.2778101], [69.3741426, 53.2779096]]]}}, {"type": "Feature", "properties": {"levels": 1.0, "addr": "улица Янко 107", "name": "", "type": "detached", "tagged": true}, "geometry": {"type": "Polygon", "coordinates": [[[69.3972844, 53.2784793], [69.3975244, 53.278495], [69.3975654, 53.2782705], [69.3974534, 53.2782632], [69.3974349, 53.2783646], [69.3973576, 53.2783595], [69.3973455, 53.2784264], [69.3972946, 53.2784231], [69.3972844, 53.2784793]]]}}, {"type": "Feature", "properties": {"levels": 2, "addr": "улица Островского 106", "name": "", "type": "yes", "tagged": false}, "geometry": {"type": "Polygon", "coordinates": [[[69.3849301, 53.2773051], [69.3850506, 53.2773181], [69.3850854, 53.2772026], [69.384965, 53.2771896], [69.3849301, 53.2773051]]]}}, {"type": "Feature", "properties": {"levels": 1.0, "addr": "улица Биржан сала 94", "name": "", "type": "yes", "tagged": true}, "geometry": {"type": "Polygon", "coordinates": [[[69.3812421, 53.276715], [69.3814111, 53.2767246], [69.3814259, 53.2766315], [69.3812569, 53.2766219], [69.3812421, 53.276715]]]}}, {"type": "Feature", "properties": {"levels": 2, "addr": "", "name": "", "type": "yes", "tagged": false}, "geometry": {"type": "Polygon", "coordinates": [[[69.3864912, 53.2776981], [69.3866119, 53.2777093], [69.3866271, 53.2776506], [69.3865064, 53.2776394], [69.3864912, 53.2776981]]]}}, {"type": "Feature", "properties": {"levels": 2, "addr": "улица Валиханова 144", "name": "", "type": "yes", "tagged": false}, "geometry": {"type": "Polygon", "coordinates": [[[69.3991217, 53.2751857], [69.3994103, 53.2752134], [69.3994328, 53.2751295], [69.3991443, 53.2751018], [69.3991217, 53.2751857]]]}}, {"type": "Feature", "properties": {"levels": 1.0, "addr": "улица Наурызбай батыра 51", "name": "", "type": "yes", "tagged": true}, "geometry": {"type": "Polygon", "coordinates": [[[69.3744457, 53.2756706], [69.3746034, 53.2756841], [69.3746302, 53.2755718], [69.3744725, 53.2755584], [69.3744457, 53.2756706]]]}}, {"type": "Feature", "properties": {"levels": 1.0, "addr": "улица Наурызбай батыра 157", "name": "", "type": "detached", "tagged": true}, "geometry": {"type": "Polygon", "coordinates": [[[69.3954926, 53.2775602], [69.3956218, 53.2775713], [69.3956402, 53.2774841], [69.3955171, 53.277473], [69.3954926, 53.2775602]]]}}, {"type": "Feature", "properties": {"levels": 1.0, "addr": "улица Островского 82/1", "name": "", "type": "yes", "tagged": true}, "geometry": {"type": "Polygon", "coordinates": [[[69.3764304, 53.276848], [69.3767395, 53.2768724], [69.3767585, 53.2767866], [69.3764494, 53.2767622], [69.3764304, 53.276848]]]}}, {"type": "Feature", "properties": {"levels": 2, "addr": "улица Ашимова 92", "name": "", "type": "yes", "tagged": false}, "geometry": {"type": "Polygon", "coordinates": [[[69.3789676, 53.2779707], [69.3791714, 53.2779884], [69.3791983, 53.2778775], [69.3789944, 53.2778598], [69.3789676, 53.2779707]]]}}, {"type": "Feature", "properties": {"levels": 2, "addr": "", "name": "", "type": "yes", "tagged": false}, "geometry": {"type": "Polygon", "coordinates": [[[69.3746335, 53.2761951], [69.3746657, 53.2761085], [69.3745805, 53.2760972], [69.3745483, 53.2761838], [69.3746335, 53.2761951]]]}}, {"type": "Feature", "properties": {"levels": 1.0, "addr": "улица Островского 143", "name": "", "type": "yes", "tagged": true}, "geometry": {"type": "Polygon", "coordinates": [[[69.3903026, 53.2781648], [69.3902821, 53.2782517], [69.3904913, 53.2782693], [69.3905118, 53.2781824], [69.3903026, 53.2781648]]]}}, {"type": "Feature", "properties": {"levels": 1.0, "addr": "улица Каныша Сатпаева 38", "name": "", "type": "yes", "tagged": true}, "geometry": {"type": "Polygon", "coordinates": [[[69.3831974, 53.2774286], [69.3832484, 53.2772522], [69.3830485, 53.2772316], [69.3829976, 53.277408], [69.3831974, 53.2774286]]]}}, {"type": "Feature", "properties": {"levels": 1.0, "addr": "улица Наурызбай батыра 60", "name": "", "type": "yes", "tagged": true}, "geometry": {"type": "Polygon", "coordinates": [[[69.3762589, 53.2754421], [69.3764601, 53.2754629], [69.3764918, 53.2753534], [69.3762906, 53.2753325], [69.3762589, 53.2754421]]]}}, {"type": "Feature", "properties": {"levels": 1.0, "addr": "улица Косшигулова 124", "name": "", "type": "detached", "tagged": true}, "geometry": {"type": "Polygon", "coordinates": [[[69.3932812, 53.2759676], [69.3934099, 53.2759804], [69.3934367, 53.2758844], [69.3933079, 53.2758716], [69.3932812, 53.2759676]]]}}, {"type": "Feature", "properties": {"levels": 1.0, "addr": "улица Наурызбай батыра 33", "name": "", "type": "yes", "tagged": true}, "geometry": {"type": "Polygon", "coordinates": [[[69.3709521, 53.2754373], [69.3710781, 53.2754501], [69.371105, 53.2753555], [69.370979, 53.2753427], [69.3709521, 53.2754373]]]}}, {"type": "Feature", "properties": {"levels": 1.0, "addr": "улица Биржан сала 96", "name": "", "type": "yes", "tagged": true}, "geometry": {"type": "Polygon", "coordinates": [[[69.3813172, 53.2765289], [69.3813055, 53.2765828], [69.3814503, 53.276594], [69.381462, 53.2765401], [69.3813172, 53.2765289]]]}}, {"type": "Feature", "properties": {"levels": 1.0, "addr": "улица Наурызбай батыра 49", "name": "", "type": "yes", "tagged": true}, "geometry": {"type": "Polygon", "coordinates": [[[69.3740238, 53.2756193], [69.3741736, 53.2756347], [69.3742005, 53.2755417], [69.3740507, 53.2755262], [69.3740238, 53.2756193]]]}}, {"type": "Feature", "properties": {"levels": 1.0, "addr": "улица Наурызбай батыра 112", "name": "", "type": "yes", "tagged": true}, "geometry": {"type": "Polygon", "coordinates": [[[69.3873911, 53.27633], [69.3875118, 53.2763429], [69.3875408, 53.2762453], [69.3874201, 53.2762325], [69.3873911, 53.27633]]]}}, {"type": "Feature", "properties": {"levels": 2, "addr": "улица Ашимова 102", "name": "", "type": "yes", "tagged": false}, "geometry": {"type": "Polygon", "coordinates": [[[69.3821514, 53.2781439], [69.3821298, 53.2782423], [69.3822934, 53.2782551], [69.382315, 53.2781567], [69.3821514, 53.2781439]]]}}, {"type": "Feature", "properties": {"levels": 2, "addr": "", "name": "", "type": "yes", "tagged": false}, "geometry": {"type": "Polygon", "coordinates": [[[69.3704988, 53.2793425], [69.370531, 53.279211], [69.3704446, 53.2792035], [69.3704124, 53.279335], [69.3704988, 53.2793425]]]}}, {"type": "Feature", "properties": {"levels": 1.0, "addr": "улица Ильяса Есенберлина 84", "name": "", "type": "yes", "tagged": true}, "geometry": {"type": "Polygon", "coordinates": [[[69.3870813, 53.277241], [69.3872554, 53.2772608], [69.3872957, 53.2771341], [69.3871215, 53.2771143], [69.3870813, 53.277241]]]}}, {"type": "Feature", "properties": {"levels": 1.0, "addr": "улица Сабатаева 65", "name": "", "type": "yes", "tagged": true}, "geometry": {"type": "Polygon", "coordinates": [[[69.372124, 53.2789626], [69.3721641, 53.2788003], [69.3719328, 53.2787799], [69.3718927, 53.2789421], [69.372124, 53.2789626]]]}}, {"type": "Feature", "properties": {"levels": 1.0, "addr": "улица Акана-серэ 46/1", "name": "", "type": "yes", "tagged": true}, "geometry": {"type": "Polygon", "coordinates": [[[69.3699186, 53.2794153], [69.3700918, 53.2794321], [69.3701535, 53.2792044], [69.3699803, 53.2791876], [69.3699186, 53.2794153]]]}}, {"type": "Feature", "properties": {"levels": 1.0, "addr": "Алихана 80", "name": "", "type": "yes", "tagged": true}, "geometry": {"type": "Polygon", "coordinates": [[[69.370649, 53.2781349], [69.3708529, 53.2781622], [69.3708878, 53.278069], [69.3706839, 53.2780417], [69.370649, 53.2781349]]]}}, {"type": "Feature", "properties": {"levels": 1.0, "addr": "улица Потанина 77", "name": "", "type": "yes", "tagged": true}, "geometry": {"type": "Polygon", "coordinates": [[[69.3916041, 53.2778822], [69.3920992, 53.2779235], [69.3921325, 53.2777807], [69.3919318, 53.277764], [69.3920309, 53.2773386], [69.3917367, 53.2773141], [69.3916041, 53.2778822]]]}}, {"type": "Feature", "properties": {"levels": 1.0, "addr": "улица Зарапа Темирбекова 76", "name": "", "type": "yes", "tagged": true}, "geometry": {"type": "Polygon", "coordinates": [[[69.3726956, 53.2779136], [69.3726604, 53.2780239], [69.3728857, 53.2780496], [69.3729209, 53.2779393], [69.3726956, 53.2779136]]]}}, {"type": "Feature", "properties": {"levels": 1.0, "addr": "улица Биржан сала 111", "name": "", "type": "yes", "tagged": true}, "geometry": {"type": "Polygon", "coordinates": [[[69.3823163, 53.2756893], [69.3824401, 53.2756987], [69.3824589, 53.2756105], [69.3823351, 53.2756011], [69.3823163, 53.2756893]]]}}, {"type": "Feature", "properties": {"levels": 2, "addr": "", "name": "", "type": "yes", "tagged": false}, "geometry": {"type": "Polygon", "coordinates": [[[69.3994972, 53.2793339], [69.399752, 53.2793564], [69.3997662, 53.2792988], [69.3995114, 53.2792763], [69.3994972, 53.2793339]]]}}, {"type": "Feature", "properties": {"levels": 1.0, "addr": "проспект Нурсултана Назарбаева 121", "name": "ЖК Аружан", "type": "yes", "tagged": true}, "geometry": {"type": "Polygon", "coordinates": [[[69.3901095, 53.2766163], [69.3907217, 53.2766639], [69.3907516, 53.2765264], [69.3904732, 53.2765048], [69.3905366, 53.2762126], [69.3902029, 53.2761867], [69.3901095, 53.2766163]]]}}, {"type": "Feature", "properties": {"levels": 1.0, "addr": "проспект Нурсултана Назарбаева 113", "name": "", "type": "yes", "tagged": true}, "geometry": {"type": "Polygon", "coordinates": [[[69.3897527, 53.2774335], [69.3899137, 53.2774511], [69.3899397, 53.2773663], [69.3897787, 53.2773487], [69.3897527, 53.2774335]]]}}, {"type": "Feature", "properties": {"levels": 1.0, "addr": "улица Ашимова 79", "name": "", "type": "yes", "tagged": true}, "geometry": {"type": "Polygon", "coordinates": [[[69.3738315, 53.2778583], [69.3739871, 53.2778743], [69.3740095, 53.2777964], [69.373854, 53.2777803], [69.3738315, 53.2778583]]]}}, {"type": "Feature", "properties": {"levels": 1.0, "addr": "улица Косшигулова 90", "name": "", "type": "yes", "tagged": true}, "geometry": {"type": "Polygon", "coordinates": [[[69.3866923, 53.275152], [69.3867216, 53.2750477], [69.3865433, 53.2750298], [69.386514, 53.275134], [69.3866923, 53.275152]]]}}, {"type": "Feature", "properties": {"levels": 1.0, "addr": "улица Бауржана Момышулы 98", "name": "", "type": "yes", "tagged": true}, "geometry": {"type": "Polygon", "coordinates": [[[69.3790293, 53.277735], [69.3792117, 53.277751], [69.3792388, 53.2776406], [69.3790564, 53.2776245], [69.3790293, 53.277735]]]}}, {"type": "Feature", "properties": {"levels": 1.0, "addr": "улица Садвакасова 66", "name": "", "type": "detached", "tagged": true}, "geometry": {"type": "Polygon", "coordinates": [[[69.3947488, 53.2777002], [69.3948922, 53.2777111], [69.394926, 53.2775524], [69.3947826, 53.2775414], [69.3947488, 53.2777002]]]}}, {"type": "Feature", "properties": {"levels": 2, "addr": "", "name": "", "type": "yes", "tagged": false}, "geometry": {"type": "Polygon", "coordinates": [[[69.3811361, 53.2757214], [69.3811764, 53.2755786], [69.381092, 53.2755701], [69.3810518, 53.2757129], [69.3811361, 53.2757214]]]}}, {"type": "Feature", "properties": {"levels": 1.0, "addr": "улица Потанина 98", "name": "", "type": "yes", "tagged": true}, "geometry": {"type": "Polygon", "coordinates": [[[69.3907988, 53.2783829], [69.3907811, 53.2784368], [69.3909447, 53.2784561], [69.3909624, 53.2784021], [69.3907988, 53.2783829]]]}}, {"type": "Feature", "properties": {"levels": 2, "addr": "улица Садвакасова 60", "name": "", "type": "detached", "tagged": false}, "geometry": {"type": "Polygon", "coordinates": [[[69.3946934, 53.2782097], [69.3948087, 53.2782209], [69.3948456, 53.2780854], [69.3947303, 53.2780742], [69.3946934, 53.2782097]]]}}, {"type": "Feature", "properties": {"levels": 1.0, "addr": "улица Магжана Жумабаева 89", "name": "", "type": "yes", "tagged": true}, "geometry": {"type": "Polygon", "coordinates": [[[69.3761006, 53.2762585], [69.3760625, 53.2763829], [69.3762234, 53.2764005], [69.3762616, 53.2762761], [69.3761006, 53.2762585]]]}}, {"type": "Feature", "properties": {"levels": 1.0, "addr": "улица Островского 58", "name": "", "type": "yes", "tagged": true}, "geometry": {"type": "Polygon", "coordinates": [[[69.3746308, 53.2762737], [69.3746123, 53.2763537], [69.3747866, 53.2763681], [69.3748051, 53.2762881], [69.3746308, 53.2762737]]]}}, {"type": "Feature", "properties": {"levels": 1.0, "addr": "улица Зарапа Темирбекова 89", "name": "", "type": "yes", "tagged": true}, "geometry": {"type": "Polygon", "coordinates": [[[69.3744377, 53.275823], [69.374561, 53.2758374], [69.3745788, 53.2757831], [69.3744554, 53.2757687], [69.3744377, 53.275823]]]}}, {"type": "Feature", "properties": {"levels": 1.0, "addr": "улица Наурызбай батыра 152", "name": "", "type": "detached", "tagged": true}, "geometry": {"type": "Polygon", "coordinates": [[[69.3944707, 53.2770517], [69.3946639, 53.2770678], [69.3946774, 53.2770094], [69.3944843, 53.2769934], [69.3944707, 53.2770517]]]}}, {"type": "Feature", "properties": {"levels": 2, "addr": "улица Потанина 126", "name": "", "type": "yes", "tagged": false}, "geometry": {"type": "Polygon", "coordinates": [[[69.3917899, 53.2753966], [69.3917578, 53.2754719], [69.3919053, 53.2754944], [69.3919374, 53.275419], [69.3917899, 53.2753966]]]}}, {"type": "Feature", "properties": {"levels": 1.0, "addr": "Алихана 81", "name": "", "type": "yes", "tagged": true}, "geometry": {"type": "Polygon", "coordinates": [[[69.3716924, 53.2770812], [69.3716645, 53.2771648], [69.3717852, 53.2771792], [69.3718131, 53.2770957], [69.3716924, 53.2770812]]]}}, {"type": "Feature", "properties": {"levels": 1.0, "addr": "улица Косшигулова 125", "name": "", "type": "yes", "tagged": true}, "geometry": {"type": "Polygon", "coordinates": [[[69.3928252, 53.2761263], [69.3927766, 53.2762536], [69.3928704, 53.2762664], [69.3929191, 53.2761392], [69.3928252, 53.2761263]]]}}, {"type": "Feature", "properties": {"levels": 1.0, "addr": "улица Калинина 97", "name": "", "type": "yes", "tagged": true}, "geometry": {"type": "Polygon", "coordinates": [[[69.3859869, 53.2770244], [69.3861159, 53.2770362], [69.3861401, 53.2769416], [69.3860111, 53.2769298], [69.3859869, 53.2770244]]]}}, {"type": "Feature", "properties": {"levels": 2, "addr": "улица Ашимова 108", "name": "", "type": "detached", "tagged": false}, "geometry": {"type": "Polygon", "coordinates": [[[69.3828461, 53.2783075], [69.3830177, 53.2783203], [69.3830366, 53.2782299], [69.382865, 53.2782171], [69.3828461, 53.2783075]]]}}, {"type": "Feature", "properties": {"levels": 1.0, "addr": "улица Островского 66", "name": "", "type": "yes", "tagged": true}, "geometry": {"type": "Polygon", "coordinates": [[[69.3757493, 53.2765512], [69.3758662, 53.2765668], [69.375901, 53.2764738], [69.3757841, 53.2764581], [69.3757493, 53.2765512]]]}}, {"type": "Feature", "properties": {"levels": 1.0, "addr": "улица Жумабека Ташенова 103", "name": "", "type": "yes", "tagged": true}, "geometry": {"type": "Polygon", "coordinates": [[[69.4031168, 53.2795647], [69.4032756, 53.2795778], [69.403294, 53.2794947], [69.4031412, 53.2794779], [69.4031168, 53.2795647]]]}}, {"type": "Feature", "properties": {"levels": 1.0, "addr": "проспект Нурсултана Назарбаева 129", "name": "", "type": "yes", "tagged": true}, "geometry": {"type": "Polygon", "coordinates": [[[69.3904246, 53.2752667], [69.3904063, 53.2753389], [69.3905834, 53.2753549], [69.3906017, 53.2752827], [69.3904246, 53.2752667]]]}}, {"type": "Feature", "properties": {"levels": 3.0, "addr": "улица 8 Марта 101", "name": "", "type": "apartments", "tagged": true}, "geometry": {"type": "Polygon", "coordinates": [[[69.4010367, 53.2794487], [69.4012967, 53.2794703], [69.4013294, 53.2793256], [69.4010746, 53.2793072], [69.4010367, 53.2794487]]]}}, {"type": "Feature", "properties": {"levels": 1.0, "addr": "улица Женис 95", "name": "", "type": "yes", "tagged": true}, "geometry": {"type": "Polygon", "coordinates": [[[69.3698685, 53.2759938], [69.3700503, 53.2760123], [69.3700697, 53.2759441], [69.3698879, 53.2759256], [69.3698685, 53.2759938]]]}}, {"type": "Feature", "properties": {"levels": 2, "addr": "улица Валиханова 152", "name": "", "type": "yes", "tagged": false}, "geometry": {"type": "Polygon", "coordinates": [[[69.4021794, 53.2754968], [69.4026148, 53.2755387], [69.4026408, 53.2754423], [69.4022054, 53.2754004], [69.4021794, 53.2754968]]]}}, {"type": "Feature", "properties": {"levels": 1.0, "addr": "улица Калинина 88а", "name": "", "type": "yes", "tagged": true}, "geometry": {"type": "Polygon", "coordinates": [[[69.3856248, 53.2769218], [69.385604, 53.2769952], [69.3857623, 53.2770112], [69.3857831, 53.2769379], [69.3856248, 53.2769218]]]}}, {"type": "Feature", "properties": {"levels": 1.0, "addr": "проспект Нурсултана Назарбаева 104", "name": "", "type": "yes", "tagged": true}, "geometry": {"type": "Polygon", "coordinates": [[[69.3888783, 53.2776564], [69.3890365, 53.2776676], [69.3890481, 53.2776096], [69.3888898, 53.2775983], [69.3888783, 53.2776564]]]}}, {"type": "Feature", "properties": {"levels": 1.0, "addr": "улица Островского 91", "name": "", "type": "yes", "tagged": true}, "geometry": {"type": "Polygon", "coordinates": [[[69.3784736, 53.2771458], [69.3784434, 53.2772779], [69.3790758, 53.2773294], [69.3791059, 53.2771973], [69.3784736, 53.2771458]]]}}, {"type": "Feature", "properties": {"levels": 1.0, "addr": "улица Наурызбай батыра 31", "name": "", "type": "yes", "tagged": true}, "geometry": {"type": "Polygon", "coordinates": [[[69.3707215, 53.2753282], [69.370838, 53.2753401], [69.3708609, 53.2752592], [69.3707444, 53.2752474], [69.3707215, 53.2753282]]]}}, {"type": "Feature", "properties": {"levels": 1.0, "addr": "Сагдиева 79", "name": "", "type": "yes", "tagged": true}, "geometry": {"type": "Polygon", "coordinates": [[[69.3785022, 53.2751215], [69.3787302, 53.275152], [69.3787661, 53.2750561], [69.3785381, 53.2750256], [69.3785022, 53.2751215]]]}}, {"type": "Feature", "properties": {"levels": 1.0, "addr": "улица Ашимова 190", "name": "", "type": "yes", "tagged": true}, "geometry": {"type": "Polygon", "coordinates": [[[69.3999961, 53.2798423], [69.4001168, 53.2798551], [69.4001425, 53.2797687], [69.4000218, 53.2797559], [69.3999961, 53.2798423]]]}}, {"type": "Feature", "properties": {"levels": 1.0, "addr": "улица Биржан сала 98", "name": "", "type": "yes", "tagged": true}, "geometry": {"type": "Polygon", "coordinates": [[[69.3814701, 53.2762386], [69.3814548, 53.2763056], [69.3816506, 53.2763216], [69.3816659, 53.2762546], [69.3814701, 53.2762386]]]}}, {"type": "Feature", "properties": {"levels": 2, "addr": "улица Зарапа Темирбекова 87а", "name": "", "type": "yes", "tagged": false}, "geometry": {"type": "Polygon", "coordinates": [[[69.3739406, 53.2759363], [69.3741002, 53.2759575], [69.3741375, 53.2758357], [69.3739779, 53.275824], [69.3739406, 53.2759363]]]}}, {"type": "Feature", "properties": {"levels": 1.0, "addr": "улица Наурызбай батыра 88", "name": "", "type": "yes", "tagged": true}, "geometry": {"type": "Polygon", "coordinates": [[[69.3826623, 53.2758713], [69.3828066, 53.2758835], [69.3828334, 53.2757696], [69.3826891, 53.2757574], [69.3826623, 53.2758713]]]}}, {"type": "Feature", "properties": {"levels": 1.0, "addr": "проспект Нурсултана Назарбаева 118", "name": "", "type": "yes", "tagged": true}, "geometry": {"type": "Polygon", "coordinates": [[[69.3890674, 53.276051], [69.3894376, 53.2760862], [69.3894676, 53.2759738], [69.3890974, 53.2759385], [69.3890674, 53.276051]]]}}, {"type": "Feature", "properties": {"levels": 1.0, "addr": "улица Ашимова 77", "name": "", "type": "yes", "tagged": true}, "geometry": {"type": "Polygon", "coordinates": [[[69.3728914, 53.2778639], [69.3730657, 53.2778831], [69.3730841, 53.2778236], [69.3729097, 53.2778044], [69.3728914, 53.2778639]]]}}, {"type": "Feature", "properties": {"levels": 2, "addr": "улица Наурызбай батыра 63г", "name": "", "type": "yes", "tagged": false}, "geometry": {"type": "Polygon", "coordinates": [[[69.3764549, 53.2763182], [69.3770855, 53.2763794], [69.3771189, 53.2762561], [69.3767333, 53.2762187], [69.3767612, 53.2761156], [69.3765163, 53.2760918], [69.3764549, 53.2763182]]]}}, {"type": "Feature", "properties": {"levels": 1.0, "addr": "улица Косшигулова 95", "name": "", "type": "yes", "tagged": true}, "geometry": {"type": "Polygon", "coordinates": [[[69.3873857, 53.2754607], [69.3873544, 53.2755298], [69.3874832, 53.2755506], [69.3875145, 53.2754815], [69.3873857, 53.2754607]]]}}, {"type": "Feature", "properties": {"levels": 2, "addr": "улица Островского 130", "name": "", "type": "yes", "tagged": false}, "geometry": {"type": "Polygon", "coordinates": [[[69.3885929, 53.2776284], [69.3886998, 53.2776365], [69.3887194, 53.2775439], [69.3886125, 53.2775358], [69.3885929, 53.2776284]]]}}, {"type": "Feature", "properties": {"levels": 1.0, "addr": "улица Биржан сала 90", "name": "", "type": "yes", "tagged": true}, "geometry": {"type": "Polygon", "coordinates": [[[69.3812931, 53.2769764], [69.3814379, 53.2769908], [69.3814691, 53.2768787], [69.3813243, 53.2768643], [69.3812931, 53.2769764]]]}}, {"type": "Feature", "properties": {"levels": 1.0, "addr": "Алихана 90", "name": "", "type": "yes", "tagged": true}, "geometry": {"type": "Polygon", "coordinates": [[[69.3709441, 53.2769706], [69.3711079, 53.2769872], [69.3711318, 53.2769032], [69.3709679, 53.2768866], [69.3709441, 53.2769706]]]}}, {"type": "Feature", "properties": {"levels": 1.0, "addr": "улица Косшигулова 86", "name": "", "type": "yes", "tagged": true}, "geometry": {"type": "Polygon", "coordinates": [[[69.3855592, 53.2749642], [69.3855425, 53.27505], [69.3856949, 53.2750576], [69.3857096, 53.2749718], [69.3855592, 53.2749642]]]}}, {"type": "Feature", "properties": {"levels": 2, "addr": "", "name": "", "type": "detached", "tagged": false}, "geometry": {"type": "Polygon", "coordinates": [[[69.3943688, 53.2784358], [69.394472, 53.278448], [69.3945284, 53.278278], [69.3944252, 53.2782658], [69.3943688, 53.2784358]]]}}, {"type": "Feature", "properties": {"levels": 1.0, "addr": "улица Потанина 147", "name": "", "type": "yes", "tagged": true}, "geometry": {"type": "Polygon", "coordinates": [[[69.3908337, 53.2782145], [69.3908148, 53.2782871], [69.3909704, 53.2783015], [69.3909892, 53.2782289], [69.3908337, 53.2782145]]]}}, {"type": "Feature", "properties": {"levels": 1.0, "addr": "улица Островского 34", "name": "", "type": "yes", "tagged": true}, "geometry": {"type": "Polygon", "coordinates": [[[69.3702387, 53.2760564], [69.3704034, 53.2760731], [69.3704264, 53.2759922], [69.3702617, 53.2759755], [69.3702387, 53.2760564]]]}}, {"type": "Feature", "properties": {"levels": 2, "addr": "улица Островского 158", "name": "", "type": "detached", "tagged": false}, "geometry": {"type": "Polygon", "coordinates": [[[69.3945217, 53.2781904], [69.3946585, 53.2782033], [69.3946807, 53.2781185], [69.3945439, 53.2781057], [69.3945217, 53.2781904]]]}}, {"type": "Feature", "properties": {"levels": 2, "addr": "", "name": "", "type": "yes", "tagged": false}, "geometry": {"type": "Polygon", "coordinates": [[[69.3856919, 53.2767759], [69.3858099, 53.2767887], [69.3858304, 53.2767214], [69.3857123, 53.2767086], [69.3856919, 53.2767759]]]}}, {"type": "Feature", "properties": {"levels": 1.0, "addr": "улица Елемесова 89", "name": "", "type": "yes", "tagged": true}, "geometry": {"type": "Polygon", "coordinates": [[[69.3934944, 53.277767], [69.3936419, 53.2777815], [69.3936609, 53.2777123], [69.3935134, 53.2776978], [69.3934944, 53.277767]]]}}, {"type": "Feature", "properties": {"levels": 2, "addr": "улица Жумабека Ташенова 109", "name": "", "type": "yes", "tagged": false}, "geometry": {"type": "Polygon", "coordinates": [[[69.4040704, 53.2754311], [69.4042338, 53.2754468], [69.4042876, 53.2752466], [69.4041242, 53.2752309], [69.4040704, 53.2754311]]]}}, {"type": "Feature", "properties": {"levels": 1.0, "addr": "улица Сабатаева 76", "name": "", "type": "yes", "tagged": true}, "geometry": {"type": "Polygon", "coordinates": [[[69.3758589, 53.2788352], [69.3759964, 53.2788478], [69.3760187, 53.2787609], [69.3758811, 53.2787483], [69.3758589, 53.2788352]]]}}, {"type": "Feature", "properties": {"levels": 2, "addr": "улица Потанина 130", "name": "", "type": "yes", "tagged": false}, "geometry": {"type": "Polygon", "coordinates": [[[69.3918489, 53.275164], [69.3919749, 53.27518], [69.3919918, 53.2751327], [69.3918657, 53.2751166], [69.3918489, 53.275164]]]}}, {"type": "Feature", "properties": {"levels": 1.0, "addr": "улица Островского 64а", "name": "", "type": "yes", "tagged": true}, "geometry": {"type": "Polygon", "coordinates": [[[69.3854612, 53.2774784], [69.3854353, 53.2775765], [69.3855882, 53.277591], [69.3856141, 53.2774928], [69.3854612, 53.2774784]]]}}, {"type": "Feature", "properties": {"levels": 1.0, "addr": "улица Садвакасова 82", "name": "", "type": "detached", "tagged": true}, "geometry": {"type": "Polygon", "coordinates": [[[69.3952593, 53.2757069], [69.3954508, 53.2757253], [69.3954631, 53.2756796], [69.3952716, 53.2756612], [69.3952593, 53.2757069]]]}}, {"type": "Feature", "properties": {"levels": 1.0, "addr": "улица Елемесова 85", "name": "", "type": "detached", "tagged": true}, "geometry": {"type": "Polygon", "coordinates": [[[69.3934917, 53.2783252], [69.3935212, 53.2782097], [69.3934342, 53.2782017], [69.3934047, 53.2783172], [69.3934917, 53.2783252]]]}}, {"type": "Feature", "properties": {"levels": 2, "addr": "улица Ашимова 104", "name": "", "type": "yes", "tagged": false}, "geometry": {"type": "Polygon", "coordinates": [[[69.3825671, 53.2782931], [69.3826047, 53.2781696], [69.3824163, 53.2781491], [69.3823788, 53.2782726], [69.3825671, 53.2782931]]]}}, {"type": "Feature", "properties": {"levels": 1.0, "addr": "улица Сабатаева 67", "name": "", "type": "yes", "tagged": true}, "geometry": {"type": "Polygon", "coordinates": [[[69.3722486, 53.2789263], [69.3724066, 53.2789428], [69.3724364, 53.2788412], [69.3722784, 53.2788245], [69.3722486, 53.2789263]]]}}, {"type": "Feature", "properties": {"levels": 1.0, "addr": "улица Наурызбай батыра 74", "name": "", "type": "yes", "tagged": true}, "geometry": {"type": "Polygon", "coordinates": [[[69.3790896, 53.2756716], [69.379331, 53.2756989], [69.3793674, 53.2755839], [69.379126, 53.2755566], [69.3790896, 53.2756716]]]}}, {"type": "Feature", "properties": {"levels": 2, "addr": "", "name": "", "type": "yes", "tagged": false}, "geometry": {"type": "Polygon", "coordinates": [[[69.3864375, 53.2782979], [69.386467, 53.2782017], [69.3863429, 53.2781881], [69.3863134, 53.2782843], [69.3864375, 53.2782979]]]}}, {"type": "Feature", "properties": {"levels": 1.0, "addr": "улица Малика Габдуллина 121", "name": "", "type": "yes", "tagged": true}, "geometry": {"type": "Polygon", "coordinates": [[[69.3989661, 53.2794783], [69.3989438, 53.2795507], [69.3991181, 53.2795699], [69.3991405, 53.2794975], [69.3989661, 53.2794783]]]}}, {"type": "Feature", "properties": {"levels": 1.0, "addr": "Алихана 83", "name": "", "type": "yes", "tagged": true}, "geometry": {"type": "Polygon", "coordinates": [[[69.3718346, 53.2770443], [69.3719714, 53.2770668], [69.3720017, 53.2770007], [69.3718649, 53.2769783], [69.3718346, 53.2770443]]]}}, {"type": "Feature", "properties": {"levels": 1.0, "addr": "улица Островского 149", "name": "", "type": "yes", "tagged": true}, "geometry": {"type": "Polygon", "coordinates": [[[69.391515, 53.278423], [69.3916147, 53.2784345], [69.3916576, 53.2783014], [69.3915579, 53.2782899], [69.391515, 53.278423]]]}}, {"type": "Feature", "properties": {"levels": 1.0, "addr": "проспект Нурсултана Назарбаева 110", "name": "", "type": "yes", "tagged": true}, "geometry": {"type": "Polygon", "coordinates": [[[69.3890849, 53.2770068], [69.3892129, 53.2770179], [69.3892451, 53.2768848], [69.3891171, 53.2768737], [69.3890849, 53.2770068]]]}}, {"type": "Feature", "properties": {"levels": 1.0, "addr": "улица Ашимова 192", "name": "", "type": "yes", "tagged": true}, "geometry": {"type": "Polygon", "coordinates": [[[69.4001919, 53.279868], [69.4003019, 53.2798808], [69.4003297, 53.2797956], [69.4002197, 53.2797828], [69.4001919, 53.279868]]]}}, {"type": "Feature", "properties": {"levels": 1.0, "addr": "улица Ильяса Есенберлина 131", "name": "", "type": "yes", "tagged": true}, "geometry": {"type": "Polygon", "coordinates": [[[69.3884425, 53.2750517], [69.3886007, 53.2750694], [69.3886274, 53.2749837], [69.3884692, 53.2749661], [69.3884425, 53.2750517]]]}}, {"type": "Feature", "properties": {"levels": 2, "addr": "улица Валиханова 140", "name": "", "type": "yes", "tagged": false}, "geometry": {"type": "Polygon", "coordinates": [[[69.3981588, 53.2750044], [69.3981406, 53.275072], [69.3984216, 53.2750991], [69.3984398, 53.2750315], [69.3981588, 53.2750044]]]}}, {"type": "Feature", "properties": {"levels": 1.0, "addr": "улица Биржан сала 107", "name": "", "type": "yes", "tagged": true}, "geometry": {"type": "Polygon", "coordinates": [[[69.3822386, 53.2759708], [69.3824075, 53.2759836], [69.3824218, 53.2759164], [69.3822528, 53.2759036], [69.3822386, 53.2759708]]]}}, {"type": "Feature", "properties": {"levels": 1.0, "addr": "улица Островского 178", "name": "", "type": "yes", "tagged": true}, "geometry": {"type": "Polygon", "coordinates": [[[69.3982661, 53.2785481], [69.3984062, 53.2785591], [69.398433, 53.2784373], [69.3982929, 53.2784262], [69.3982661, 53.2785481]]]}}, {"type": "Feature", "properties": {"levels": 1.0, "addr": "Сагдиева 82а", "name": "", "type": "yes", "tagged": true}, "geometry": {"type": "Polygon", "coordinates": [[[69.3771413, 53.2766305], [69.3775061, 53.2766594], [69.3775376, 53.2765172], [69.3771728, 53.2764883], [69.3771413, 53.2766305]]]}}, {"type": "Feature", "properties": {"levels": 1.0, "addr": "улица Островского 57", "name": "", "type": "yes", "tagged": true}, "geometry": {"type": "Polygon", "coordinates": [[[69.3708475, 53.2764846], [69.3709537, 53.2764954], [69.3709709, 53.2764349], [69.3708647, 53.2764241], [69.3708475, 53.2764846]]]}}, {"type": "Feature", "properties": {"levels": 1.0, "addr": "улица Бауржана Момышулы 102", "name": "", "type": "yes", "tagged": true}, "geometry": {"type": "Polygon", "coordinates": [[[69.3793404, 53.2773212], [69.3793726, 53.2771961], [69.3791589, 53.2771764], [69.3791268, 53.2773015], [69.3793404, 53.2773212]]]}}, {"type": "Feature", "properties": {"levels": 1.0, "addr": "улица Наурызбай батыра 80", "name": "", "type": "yes", "tagged": true}, "geometry": {"type": "Polygon", "coordinates": [[[69.3808787, 53.2757775], [69.3808556, 53.2758501], [69.3809682, 53.275863], [69.3809913, 53.2757904], [69.3808787, 53.2757775]]]}}, {"type": "Feature", "properties": {"levels": 10.0, "addr": "Алихана 68", "name": "ЖК JENIS 2", "type": "yes", "tagged": true}, "geometry": {"type": "Polygon", "coordinates": [[[69.3702262, 53.2805633], [69.3703555, 53.280085], [69.3701869, 53.2800687], [69.3700858, 53.2804425], [69.3691133, 53.2803416], [69.3690851, 53.2804583], [69.3702262, 53.2805633]]]}}, {"type": "Feature", "properties": {"levels": 1.0, "addr": "улица Магжана Жумабаева 87", "name": "", "type": "yes", "tagged": true}, "geometry": {"type": "Polygon", "coordinates": [[[69.376047, 53.2764846], [69.3760205, 53.2765698], [69.3762511, 53.2765955], [69.3762777, 53.2765103], [69.376047, 53.2764846]]]}}, {"type": "Feature", "properties": {"levels": 1.0, "addr": "улица Островского 88", "name": "", "type": "yes", "tagged": true}, "geometry": {"type": "Polygon", "coordinates": [[[69.38099, 53.2772153], [69.3813682, 53.2772538], [69.3814064, 53.2771195], [69.3810282, 53.277081], [69.38099, 53.2772153]]]}}, {"type": "Feature", "properties": {"levels": 2, "addr": "улица Магжана Жумабаева 63", "name": "", "type": "yes", "tagged": false}, "geometry": {"type": "Polygon", "coordinates": [[[69.3754697, 53.2787863], [69.375615, 53.2787981], [69.3756324, 53.2787213], [69.3754873, 53.2787095], [69.3754697, 53.2787863]]]}}, {"type": "Feature", "properties": {"levels": 1.0, "addr": "улица Каныша Сатпаева 34", "name": "", "type": "yes", "tagged": true}, "geometry": {"type": "Polygon", "coordinates": [[[69.3828246, 53.2776724], [69.3827963, 53.2777808], [69.3831396, 53.2778129], [69.3831679, 53.2777045], [69.3828246, 53.2776724]]]}}, {"type": "Feature", "properties": {"levels": 2, "addr": "улица Бауржана Момышулы 104", "name": "", "type": "yes", "tagged": false}, "geometry": {"type": "Polygon", "coordinates": [[[69.3791741, 53.2769299], [69.3791558, 53.2770216], [69.3793811, 53.2770377], [69.3793994, 53.2769459], [69.3791741, 53.2769299]]]}}, {"type": "Feature", "properties": {"levels": 1.0, "addr": "улица Елемесова 98", "name": "", "type": "detached", "tagged": true}, "geometry": {"type": "Polygon", "coordinates": [[[69.3931337, 53.2764407], [69.3932624, 53.2764551], [69.3932776, 53.2764068], [69.3931488, 53.2763924], [69.3931337, 53.2764407]]]}}, {"type": "Feature", "properties": {"levels": 1.0, "addr": "Алихана 61", "name": "", "type": "yes", "tagged": true}, "geometry": {"type": "Polygon", "coordinates": [[[69.3711295, 53.2791352], [69.3714967, 53.2791747], [69.371521, 53.2790607], [69.3711579, 53.2790333], [69.3711295, 53.2791352]]]}}, {"type": "Feature", "properties": {"levels": 1.0, "addr": "улица Магжана Жумабаева 73", "name": "", "type": "yes", "tagged": true}, "geometry": {"type": "Polygon", "coordinates": [[[69.3756336, 53.2781455], [69.3756135, 53.2782178], [69.3757583, 53.2782323], [69.3757785, 53.27816], [69.3756336, 53.2781455]]]}}, {"type": "Feature", "properties": {"levels": 2, "addr": "Сагдиева 77", "name": "", "type": "yes", "tagged": false}, "geometry": {"type": "Polygon", "coordinates": [[[69.3788858, 53.2751327], [69.3792076, 53.2751744], [69.3792343, 53.2750827], [69.3789152, 53.2750474], [69.3788858, 53.2751327]]]}}, {"type": "Feature", "properties": {"levels": 1.0, "addr": "улица Биржан сала 103", "name": "", "type": "yes", "tagged": true}, "geometry": {"type": "Polygon", "coordinates": [[[69.3820521, 53.2765995], [69.3821642, 53.2766102], [69.3821884, 53.2765204], [69.3820763, 53.2765097], [69.3820521, 53.2765995]]]}}, {"type": "Feature", "properties": {"levels": 2, "addr": "улица Островского 67Б", "name": "", "type": "yes", "tagged": false}, "geometry": {"type": "Polygon", "coordinates": [[[69.37265, 53.2767396], [69.3728216, 53.2767556], [69.3728558, 53.2766248], [69.3726842, 53.2766088], [69.37265, 53.2767396]]]}}, {"type": "Feature", "properties": {"levels": 1.0, "addr": "улица Зарапа Темирбекова 73", "name": "", "type": "yes", "tagged": true}, "geometry": {"type": "Polygon", "coordinates": [[[69.3737188, 53.2782768], [69.3738985, 53.2782977], [69.3739384, 53.2781748], [69.3737587, 53.278154], [69.3737188, 53.2782768]]]}}, {"type": "Feature", "properties": {"levels": 1.0, "addr": "улица Женис 97", "name": "", "type": "yes", "tagged": true}, "geometry": {"type": "Polygon", "coordinates": [[[69.3699356, 53.2757645], [69.3701045, 53.2757816], [69.3701341, 53.2756779], [69.3699651, 53.2756607], [69.3699356, 53.2757645]]]}}, {"type": "Feature", "properties": {"levels": 2, "addr": "улица Островского 102", "name": "", "type": "yes", "tagged": false}, "geometry": {"type": "Polygon", "coordinates": [[[69.3842837, 53.2772266], [69.3844238, 53.2772416], [69.3844667, 53.2770989], [69.3843266, 53.2770838], [69.3842837, 53.2772266]]]}}, {"type": "Feature", "properties": {"levels": 2, "addr": "", "name": "", "type": "yes", "tagged": false}, "geometry": {"type": "Polygon", "coordinates": [[[69.3856704, 53.2768128], [69.385659, 53.276864], [69.3857797, 53.2768737], [69.3857911, 53.2768224], [69.3856704, 53.2768128]]]}}, {"type": "Feature", "properties": {"levels": 1.0, "addr": "улица Валиханова 155", "name": "", "type": "detached", "tagged": true}, "geometry": {"type": "Polygon", "coordinates": [[[69.3945485, 53.2751921], [69.3946942, 53.2752061], [69.3947148, 53.2751295], [69.3945691, 53.2751155], [69.3945485, 53.2751921]]]}}, {"type": "Feature", "properties": {"levels": 2, "addr": "", "name": "", "type": "detached", "tagged": false}, "geometry": {"type": "Polygon", "coordinates": [[[69.3936527, 53.2781343], [69.393749, 53.2781432], [69.3937731, 53.2780502], [69.3936768, 53.2780413], [69.3936527, 53.2781343]]]}}, {"type": "Feature", "properties": {"levels": 1.0, "addr": "улица Ашимова 73", "name": "", "type": "yes", "tagged": true}, "geometry": {"type": "Polygon", "coordinates": [[[69.3722879, 53.2777227], [69.3724447, 53.2777389], [69.3724742, 53.2776362], [69.3723174, 53.2776201], [69.3722879, 53.2777227]]]}}, {"type": "Feature", "properties": {"levels": 1.0, "addr": "улица Сабатаева 70", "name": "", "type": "yes", "tagged": true}, "geometry": {"type": "Polygon", "coordinates": [[[69.3748454, 53.2787115], [69.3749756, 53.278724], [69.3750105, 53.2785941], [69.3748802, 53.2785816], [69.3748454, 53.2787115]]]}}, {"type": "Feature", "properties": {"levels": 2, "addr": "", "name": "", "type": "yes", "tagged": false}, "geometry": {"type": "Polygon", "coordinates": [[[69.3747729, 53.27658], [69.3747504, 53.2766609], [69.374847, 53.2766705], [69.3748695, 53.2765896], [69.3747729, 53.27658]]]}}, {"type": "Feature", "properties": {"levels": 1.0, "addr": "улица Наурызбай батыра 90", "name": "", "type": "yes", "tagged": true}, "geometry": {"type": "Polygon", "coordinates": [[[69.3828782, 53.27597], [69.383038, 53.2759836], [69.3830715, 53.2758433], [69.3829118, 53.2758296], [69.3828782, 53.27597]]]}}, {"type": "Feature", "properties": {"levels": 1.0, "addr": "улица Малика Габдуллина 127", "name": "", "type": "yes", "tagged": true}, "geometry": {"type": "Polygon", "coordinates": [[[69.3991646, 53.278609], [69.3991422, 53.2787128], [69.3993085, 53.2787257], [69.3993309, 53.2786219], [69.3991646, 53.278609]]]}}, {"type": "Feature", "properties": {"levels": 2, "addr": "улица Островского 110", "name": "", "type": "yes", "tagged": false}, "geometry": {"type": "Polygon", "coordinates": [[[69.3855363, 53.2773693], [69.3856677, 53.2773805], [69.3856888, 53.2772925], [69.3855573, 53.2772813], [69.3855363, 53.2773693]]]}}, {"type": "Feature", "properties": {"levels": 1.0, "addr": "улица Елемесова 109", "name": "", "type": "detached", "tagged": true}, "geometry": {"type": "Polygon", "coordinates": [[[69.3940631, 53.2754359], [69.3942101, 53.27545], [69.394232, 53.2753685], [69.394085, 53.2753544], [69.3940631, 53.2754359]]]}}, {"type": "Feature", "properties": {"levels": 2, "addr": "улица Сабатаева 93", "name": "", "type": "yes", "tagged": false}, "geometry": {"type": "Polygon", "coordinates": [[[69.3778603, 53.2793647], [69.3778406, 53.2794132], [69.3779814, 53.2794337], [69.3780011, 53.2793852], [69.3778603, 53.2793647]]]}}, {"type": "Feature", "properties": {"levels": 1.0, "addr": "улица Косшигулова 104", "name": "", "type": "yes", "tagged": true}, "geometry": {"type": "Polygon", "coordinates": [[[69.3893237, 53.2755409], [69.3894216, 53.275551], [69.3894147, 53.2755751], [69.389465, 53.2755803], [69.3894838, 53.2755155], [69.3893355, 53.2755002], [69.3893237, 53.2755409]]]}}, {"type": "Feature", "properties": {"levels": 1.0, "addr": "улица Ильяса Есенберлина 94", "name": "", "type": "yes", "tagged": true}, "geometry": {"type": "Polygon", "coordinates": [[[69.3874286, 53.2760044], [69.3875976, 53.2760237], [69.3876181, 53.2759593], [69.3874491, 53.2759401], [69.3874286, 53.2760044]]]}}, {"type": "Feature", "properties": {"levels": 2, "addr": "", "name": "", "type": "yes", "tagged": false}, "geometry": {"type": "Polygon", "coordinates": [[[69.4005004, 53.2750092], [69.4009367, 53.2750512], [69.4009536, 53.2749884], [69.4005173, 53.2749464], [69.4005004, 53.2750092]]]}}, {"type": "Feature", "properties": {"levels": 1.0, "addr": "Алихана 82", "name": "", "type": "yes", "tagged": true}, "geometry": {"type": "Polygon", "coordinates": [[[69.3707295, 53.2779858], [69.370877, 53.2780066], [69.3709129, 53.277916], [69.3707653, 53.2778951], [69.3707295, 53.2779858]]]}}, {"type": "Feature", "properties": {"levels": 1.0, "addr": "улица Островского 174", "name": "", "type": "yes", "tagged": true}, "geometry": {"type": "Polygon", "coordinates": [[[69.3979337, 53.2784847], [69.3981724, 53.2784991], [69.398194, 53.2783713], [69.3979553, 53.2783569], [69.3979337, 53.2784847]]]}}, {"type": "Feature", "properties": {"levels": 2, "addr": "", "name": "", "type": "yes", "tagged": false}, "geometry": {"type": "Polygon", "coordinates": [[[69.3765942, 53.2764718], [69.3768865, 53.2764942], [69.3769064, 53.2764017], [69.376614, 53.2763792], [69.3765942, 53.2764718]]]}}, {"type": "Feature", "properties": {"levels": 1.0, "addr": "улица Косшигулова 96", "name": "", "type": "yes", "tagged": true}, "geometry": {"type": "Polygon", "coordinates": [[[69.3875282, 53.2752559], [69.3876633, 53.2752723], [69.387691, 53.2751904], [69.3875558, 53.2751741], [69.3875282, 53.2752559]]]}}, {"type": "Feature", "properties": {"levels": 1.0, "addr": "Алихана 94", "name": "", "type": "yes", "tagged": true}, "geometry": {"type": "Polygon", "coordinates": [[[69.3710433, 53.2765103], [69.3712117, 53.2765274], [69.3712284, 53.2764686], [69.3710601, 53.2764514], [69.3710433, 53.2765103]]]}}, {"type": "Feature", "properties": {"levels": 1.0, "addr": "улица Ашимова 160", "name": "", "type": "detached", "tagged": true}, "geometry": {"type": "Polygon", "coordinates": [[[69.393945, 53.2793083], [69.3941355, 53.2793227], [69.3941562, 53.2792247], [69.3939658, 53.2792102], [69.393945, 53.2793083]]]}}, {"type": "Feature", "properties": {"levels": 1.0, "addr": "улица Косшигулова 127", "name": "", "type": "yes", "tagged": true}, "geometry": {"type": "Polygon", "coordinates": [[[69.3929727, 53.2761424], [69.3929386, 53.2762625], [69.3930808, 53.2762769], [69.3931149, 53.2761568], [69.3929727, 53.2761424]]]}}, {"type": "Feature", "properties": {"levels": 1.0, "addr": "улица Наурызбай батыра 29", "name": "", "type": "yes", "tagged": true}, "geometry": {"type": "Polygon", "coordinates": [[[69.3704345, 53.2752753], [69.370615, 53.2752936], [69.3706303, 53.27524], [69.3704497, 53.2752216], [69.3704345, 53.2752753]]]}}, {"type": "Feature", "properties": {"levels": 1.0, "addr": "улица Сабатаева 78", "name": "", "type": "yes", "tagged": true}, "geometry": {"type": "Polygon", "coordinates": [[[69.3762183, 53.2787244], [69.3763635, 53.2787367], [69.3763818, 53.278659], [69.3762366, 53.2786467], [69.3762183, 53.2787244]]]}}, {"type": "Feature", "properties": {"levels": 1.0, "addr": "улица Каныша Сатпаева 36", "name": "", "type": "yes", "tagged": true}, "geometry": {"type": "Polygon", "coordinates": [[[69.3829051, 53.2775008], [69.3828821, 53.2775946], [69.3831932, 53.2776219], [69.3832162, 53.2775281], [69.3829051, 53.2775008]]]}}, {"type": "Feature", "properties": {"levels": 1.0, "addr": "Сагдиева 61", "name": "", "type": "yes", "tagged": true}, "geometry": {"type": "Polygon", "coordinates": [[[69.3779956, 53.276953], [69.3789177, 53.2770242], [69.3789477, 53.2768852], [69.3780257, 53.2768139], [69.3779956, 53.276953]]]}}, {"type": "Feature", "properties": {"levels": 1.0, "addr": "улица Наурызбай батыра 41", "name": "", "type": "yes", "tagged": true}, "geometry": {"type": "Polygon", "coordinates": [[[69.3724978, 53.2753987], [69.3724633, 53.2755215], [69.3726558, 53.2755408], [69.3726903, 53.2754181], [69.3724978, 53.2753987]]]}}, {"type": "Feature", "properties": {"levels": 1.0, "addr": "улица Ашимова 91", "name": "", "type": "yes", "tagged": true}, "geometry": {"type": "Polygon", "coordinates": [[[69.3756899, 53.2779563], [69.3756561, 53.2780403], [69.3758009, 53.2780612], [69.3758348, 53.2779771], [69.3756899, 53.2779563]]]}}, {"type": "Feature", "properties": {"levels": 1.0, "addr": "Сагдиева 75", "name": "", "type": "yes", "tagged": true}, "geometry": {"type": "Polygon", "coordinates": [[[69.3784808, 53.275362], [69.3786444, 53.2753813], [69.3786806, 53.2752711], [69.378517, 53.2752519], [69.3784808, 53.275362]]]}}, {"type": "Feature", "properties": {"levels": 1.0, "addr": "улица Наурызбай батыра 141", "name": "", "type": "yes", "tagged": true}, "geometry": {"type": "Polygon", "coordinates": [[[69.3922284, 53.2771159], [69.3922176, 53.2771723], [69.392357, 53.2771819], [69.3923679, 53.2771255], [69.3922284, 53.2771159]]]}}, {"type": "Feature", "properties": {"levels": 1.0, "addr": "улица Зарапа Темирбекова 72", "name": "", "type": "yes", "tagged": true}, "geometry": {"type": "Polygon", "coordinates": [[[69.3725588, 53.2784444], [69.3728757, 53.2784809], [69.372916, 53.2783558], [69.372599, 53.2783193], [69.3725588, 53.2784444]]]}}, {"type": "Feature", "properties": {"levels": 1.0, "addr": "улица Ашимова 64", "name": "", "type": "yes", "tagged": true}, "geometry": {"type": "Polygon", "coordinates": [[[69.3723596, 53.277161], [69.3726352, 53.2771831], [69.3725902, 53.2773837], [69.3726986, 53.2773924], [69.3727798, 53.2770298], [69.3723959, 53.276999], [69.3723596, 53.277161]]]}}, {"type": "Feature", "properties": {"levels": 1.0, "addr": "улица Магжана Жумабаева 64", "name": "", "type": "yes", "tagged": true}, "geometry": {"type": "Polygon", "coordinates": [[[69.3747381, 53.2784725], [69.3748936, 53.2784934], [69.3749246, 53.2784107], [69.3747691, 53.2783899], [69.3747381, 53.2784725]]]}}, {"type": "Feature", "properties": {"levels": 1.0, "addr": "улица Ильяса Есенберлина 96", "name": "", "type": "yes", "tagged": true}, "geometry": {"type": "Polygon", "coordinates": [[[69.3875332, 53.2757847], [69.3875114, 53.2758592], [69.3876187, 53.2758704], [69.3876405, 53.2757959], [69.3875332, 53.2757847]]]}}, {"type": "Feature", "properties": {"levels": 1.0, "addr": "улица Акана-серэ 48", "name": "", "type": "yes", "tagged": true}, "geometry": {"type": "Polygon", "coordinates": [[[69.3710675, 53.2794612], [69.3710435, 53.2795629], [69.3712152, 53.2795774], [69.3712391, 53.2794756], [69.3710675, 53.2794612]]]}}, {"type": "Feature", "properties": {"levels": 1.0, "addr": "улица Ашимова 71", "name": "", "type": "yes", "tagged": true}, "geometry": {"type": "Polygon", "coordinates": [[[69.3720518, 53.2776907], [69.3722002, 53.2777097], [69.3722324, 53.2776199], [69.372084, 53.2776009], [69.3720518, 53.2776907]]]}}, {"type": "Feature", "properties": {"levels": 1.0, "addr": "улица Сабатаева 68", "name": "", "type": "yes", "tagged": true}, "geometry": {"type": "Polygon", "coordinates": [[[69.3743304, 53.2785784], [69.374502, 53.2785944], [69.3745244, 53.2785087], [69.3743528, 53.2784927], [69.3743304, 53.2785784]]]}}, {"type": "Feature", "properties": {"levels": 1.0, "addr": "улица Ильяса Есенберлина 121", "name": "", "type": "yes", "tagged": true}, "geometry": {"type": "Polygon", "coordinates": [[[69.3881474, 53.2760429], [69.3883406, 53.2760654], [69.3883557, 53.2760187], [69.3881626, 53.2759962], [69.3881474, 53.2760429]]]}}, {"type": "Feature", "properties": {"levels": 2, "addr": "улица Островского 40а", "name": "", "type": "yes", "tagged": false}, "geometry": {"type": "Polygon", "coordinates": [[[69.3746683, 53.2766907], [69.3746952, 53.2765784], [69.374575, 53.2765682], [69.3745482, 53.2766804], [69.3746683, 53.2766907]]]}}, {"type": "Feature", "properties": {"levels": 1.0, "addr": "улица Малика Габдуллина 106", "name": "", "type": "yes", "tagged": true}, "geometry": {"type": "Polygon", "coordinates": [[[69.398655, 53.2778745], [69.3987868, 53.2778858], [69.3988083, 53.2777959], [69.3986765, 53.2777847], [69.398655, 53.2778745]]]}}, {"type": "Feature", "properties": {"levels": 2, "addr": "", "name": "", "type": "yes", "tagged": false}, "geometry": {"type": "Polygon", "coordinates": [[[69.3771035, 53.2764642], [69.3775002, 53.2765002], [69.3775698, 53.2762254], [69.3773398, 53.2762046], [69.3773438, 53.2761887], [69.3772426, 53.2761796], [69.3772286, 53.2762348], [69.3771631, 53.2762289], [69.3771035, 53.2764642]]]}}, {"type": "Feature", "properties": {"levels": 2, "addr": "Сагдиева 53", "name": "", "type": "yes", "tagged": false}, "geometry": {"type": "Polygon", "coordinates": [[[69.3778196, 53.2778472], [69.3779338, 53.2778592], [69.3779579, 53.2777774], [69.3778438, 53.2777654], [69.3778196, 53.2778472]]]}}, {"type": "Feature", "properties": {"levels": 1.0, "addr": "улица Сабатаева 54", "name": "", "type": "yes", "tagged": true}, "geometry": {"type": "Polygon", "coordinates": [[[69.370641, 53.2782071], [69.3706073, 53.2783317], [69.3707897, 53.2783494], [69.3708234, 53.2782247], [69.370641, 53.2782071]]]}}, {"type": "Feature", "properties": {"levels": 1.0, "addr": "проспект Нурсултана Назарбаева 111", "name": "", "type": "yes", "tagged": true}, "geometry": {"type": "Polygon", "coordinates": [[[69.3897206, 53.2775618], [69.3898895, 53.2775842], [69.3899082, 53.2775341], [69.3897392, 53.2775117], [69.3897206, 53.2775618]]]}}, {"type": "Feature", "properties": {"levels": 1.0, "addr": "улица Наурызбай батыра 161", "name": "", "type": "detached", "tagged": true}, "geometry": {"type": "Polygon", "coordinates": [[[69.3962437, 53.2776468], [69.3962759, 53.2775329], [69.3961706, 53.2775223], [69.3961385, 53.2776362], [69.3962437, 53.2776468]]]}}, {"type": "Feature", "properties": {"levels": 1.0, "addr": "улица Зарапа Темирбекова 56", "name": "", "type": "yes", "tagged": true}, "geometry": {"type": "Polygon", "coordinates": [[[69.3720156, 53.2808124], [69.3722318, 53.2808336], [69.3722543, 53.2807514], [69.3720382, 53.2807302], [69.3720156, 53.2808124]]]}}, {"type": "Feature", "properties": {"levels": 1.0, "addr": "улица Магжана Жумабаева 84а", "name": "", "type": "yes", "tagged": true}, "geometry": {"type": "Polygon", "coordinates": [[[69.3758941, 53.2761261], [69.376012, 53.2761417], [69.3760469, 53.276047], [69.375929, 53.2760315], [69.3758941, 53.2761261]]]}}, {"type": "Feature", "properties": {"levels": 1.0, "addr": "улица Косшигулова 94", "name": "", "type": "yes", "tagged": true}, "geometry": {"type": "Polygon", "coordinates": [[[69.3871617, 53.2752034], [69.3873334, 53.2752226], [69.3873668, 53.275116], [69.3871952, 53.2750968], [69.3871617, 53.2752034]]]}}, {"type": "Feature", "properties": {"levels": 1.0, "addr": "улица Калинина 93", "name": "", "type": "yes", "tagged": true}, "geometry": {"type": "Polygon", "coordinates": [[[69.3858904, 53.2773853], [69.3860152, 53.2773935], [69.3860366, 53.2772764], [69.3859118, 53.2772683], [69.3858904, 53.2773853]]]}}, {"type": "Feature", "properties": {"levels": 1.0, "addr": "улица Ашимова 80", "name": "", "type": "yes", "tagged": true}, "geometry": {"type": "Polygon", "coordinates": [[[69.3768272, 53.2777558], [69.3769452, 53.2777686], [69.3769714, 53.2776827], [69.3768533, 53.2776699], [69.3768272, 53.2777558]]]}}, {"type": "Feature", "properties": {"levels": 1.0, "addr": "улица Косшигулова 129", "name": "", "type": "detached", "tagged": true}, "geometry": {"type": "Polygon", "coordinates": [[[69.3931712, 53.2761552], [69.3931331, 53.2762769], [69.3933476, 53.276301], [69.3933858, 53.2761793], [69.3931712, 53.2761552]]]}}, {"type": "Feature", "properties": {"levels": 1.0, "addr": "улица Островского 56", "name": "", "type": "yes", "tagged": true}, "geometry": {"type": "Polygon", "coordinates": [[[69.3742901, 53.2763779], [69.3742746, 53.276427], [69.3743739, 53.2764383], [69.3743894, 53.2763892], [69.3742901, 53.2763779]]]}}, {"type": "Feature", "properties": {"levels": 2, "addr": "улица Женис 101", "name": "", "type": "yes", "tagged": false}, "geometry": {"type": "Polygon", "coordinates": [[[69.3700777, 53.2752769], [69.3702059, 53.2752899], [69.3702333, 53.2751935], [69.3701052, 53.2751805], [69.3700777, 53.2752769]]]}}, {"type": "Feature", "properties": {"levels": 2, "addr": "улица 8 Марта 96", "name": "", "type": "yes", "tagged": false}, "geometry": {"type": "Polygon", "coordinates": [[[69.3999156, 53.2795183], [69.3998925, 53.279608], [69.4000669, 53.279624], [69.40009, 53.2795344], [69.3999156, 53.2795183]]]}}, {"type": "Feature", "properties": {"levels": 2, "addr": "", "name": "", "type": "yes", "tagged": false}, "geometry": {"type": "Polygon", "coordinates": [[[69.3730939, 53.2757486], [69.3731264, 53.2756385], [69.3729865, 53.2756237], [69.3729704, 53.275678], [69.3729272, 53.2756734], [69.3729107, 53.2757292], [69.3730642, 53.2757455], [69.3730939, 53.2757486]]]}}, {"type": "Feature", "properties": {"levels": 1.0, "addr": "улица Островского 207", "name": "", "type": "yes", "tagged": true}, "geometry": {"type": "Polygon", "coordinates": [[[69.4038102, 53.2793451], [69.4037966, 53.2793976], [69.4039871, 53.2794152], [69.4040006, 53.2793628], [69.4038102, 53.2793451]]]}}, {"type": "Feature", "properties": {"levels": 1.0, "addr": "улица Ашимова 62", "name": "", "type": "yes", "tagged": true}, "geometry": {"type": "Polygon", "coordinates": [[[69.371958, 53.2773234], [69.3721779, 53.2773394], [69.3721977, 53.2772423], [69.3719778, 53.2772263], [69.371958, 53.2773234]]]}}, {"type": "Feature", "properties": {"levels": 1.0, "addr": "улица Наурызбай батыра 47", "name": "", "type": "yes", "tagged": true}, "geometry": {"type": "Polygon", "coordinates": [[[69.3734895, 53.2754838], [69.3734703, 53.2755577], [69.3736259, 53.2755721], [69.3736451, 53.2754982], [69.3734895, 53.2754838]]]}}, {"type": "Feature", "properties": {"levels": 1.0, "addr": "улица Жумабека Ташенова 101", "name": "", "type": "yes", "tagged": true}, "geometry": {"type": "Polygon", "coordinates": [[[69.40307, 53.2797203], [69.4032255, 53.279738], [69.4032532, 53.2796509], [69.4030976, 53.2796333], [69.40307, 53.2797203]]]}}, {"type": "Feature", "properties": {"levels": 2, "addr": "улица Бауржана Момышулы 85", "name": "", "type": "yes", "tagged": false}, "geometry": {"type": "Polygon", "coordinates": [[[69.3801077, 53.2771629], [69.380652, 53.2771913], [69.3806754, 53.2770308], [69.3801311, 53.2770024], [69.3801077, 53.2771629]]]}}, {"type": "Feature", "properties": {"levels": 2, "addr": "улица Наурызбай батыра 92", "name": "", "type": "yes", "tagged": false}, "geometry": {"type": "Polygon", "coordinates": [[[69.383408, 53.2760309], [69.383585, 53.2760469], [69.3836008, 53.2759846], [69.3834238, 53.2759686], [69.383408, 53.2760309]]]}}, {"type": "Feature", "properties": {"levels": 2, "addr": "", "name": "", "type": "yes", "tagged": false}, "geometry": {"type": "Polygon", "coordinates": [[[69.3872328, 53.2761472], [69.3873616, 53.2761584], [69.3873945, 53.2760235], [69.3872657, 53.2760122], [69.3872328, 53.2761472]]]}}, {"type": "Feature", "properties": {"levels": 1.0, "addr": "Сагдиева 90", "name": "", "type": "yes", "tagged": true}, "geometry": {"type": "Polygon", "coordinates": [[[69.3774685, 53.2750395], [69.3777261, 53.2750651], [69.3777661, 53.2749229], [69.3775114, 53.2748956], [69.3774685, 53.2750395]]]}}, {"type": "Feature", "properties": {"levels": 1.0, "addr": "улица Косшигулова 101", "name": "", "type": "yes", "tagged": true}, "geometry": {"type": "Polygon", "coordinates": [[[69.3885793, 53.2756885], [69.3885676, 53.2757481], [69.3886588, 53.2757545], [69.3886705, 53.2756949], [69.3885793, 53.2756885]]]}}, {"type": "Feature", "properties": {"levels": 1.0, "addr": "Алихана 84", "name": "", "type": "yes", "tagged": true}, "geometry": {"type": "Polygon", "coordinates": [[[69.3707939, 53.2777949], [69.3709307, 53.2778158], [69.3709634, 53.2777389], [69.3708267, 53.277718], [69.3707939, 53.2777949]]]}}, {"type": "Feature", "properties": {"levels": 2, "addr": "улица Островского 136", "name": "", "type": "yes", "tagged": false}, "geometry": {"type": "Polygon", "coordinates": [[[69.3900102, 53.2777157], [69.3901164, 53.2777251], [69.3901432, 53.277616], [69.3900371, 53.2776067], [69.3900102, 53.2777157]]]}}, {"type": "Feature", "properties": {"levels": 1.0, "addr": "улица Сабатаева 52", "name": "", "type": "yes", "tagged": true}, "geometry": {"type": "Polygon", "coordinates": [[[69.3700455, 53.2782905], [69.370236, 53.2783017], [69.3702701, 53.2780948], [69.3700797, 53.2780836], [69.3700455, 53.2782905]]]}}, {"type": "Feature", "properties": {"levels": 1.0, "addr": "улица Потанина 86", "name": "", "type": "yes", "tagged": true}, "geometry": {"type": "Polygon", "coordinates": [[[69.3904448, 53.2795584], [69.3904221, 53.2796421], [69.3906045, 53.2796598], [69.3906271, 53.2795761], [69.3904448, 53.2795584]]]}}, {"type": "Feature", "properties": {"levels": 1.0, "addr": "проспект Нурсултана Назарбаева 109", "name": "", "type": "yes", "tagged": true}, "geometry": {"type": "Polygon", "coordinates": [[[69.3896776, 53.2777253], [69.3898305, 53.2777414], [69.3898538, 53.2776619], [69.3897009, 53.2776459], [69.3896776, 53.2777253]]]}}, {"type": "Feature", "properties": {"levels": 1.0, "addr": "Алихана 92", "name": "", "type": "yes", "tagged": true}, "geometry": {"type": "Polygon", "coordinates": [[[69.3710809, 53.2768358], [69.3713164, 53.2768598], [69.3713464, 53.276754], [69.371111, 53.2767301], [69.3710809, 53.2768358]]]}}, {"type": "Feature", "properties": {"levels": 1.0, "addr": "улица Наурызбай батыра 167", "name": "", "type": "detached", "tagged": true}, "geometry": {"type": "Polygon", "coordinates": [[[69.3967694, 53.2776499], [69.3968874, 53.2776628], [69.3969003, 53.2776204], [69.3967823, 53.2776076], [69.3967694, 53.2776499]]]}}, {"type": "Feature", "properties": {"levels": 2, "addr": "улица Калинина 88", "name": "", "type": "yes", "tagged": false}, "geometry": {"type": "Polygon", "coordinates": [[[69.3852627, 53.2770197], [69.3852483, 53.277083], [69.3853663, 53.2770926], [69.3853808, 53.2770293], [69.3852627, 53.2770197]]]}}, {"type": "Feature", "properties": {"levels": 2, "addr": "", "name": "", "type": "yes", "tagged": false}, "geometry": {"type": "Polygon", "coordinates": [[[69.3942186, 53.2784166], [69.3942481, 53.2783091], [69.3941768, 53.2783021], [69.3941473, 53.2784096], [69.3942186, 53.2784166]]]}}, {"type": "Feature", "properties": {"levels": 2, "addr": "", "name": "", "type": "yes", "tagged": false}, "geometry": {"type": "Polygon", "coordinates": [[[69.3720009, 53.2755175], [69.3719887, 53.2755749], [69.3721362, 53.2755861], [69.3721484, 53.2755287], [69.3720009, 53.2755175]]]}}, {"type": "Feature", "properties": {"levels": 1.0, "addr": "улица Ашимова 162", "name": "", "type": "detached", "tagged": true}, "geometry": {"type": "Polygon", "coordinates": [[[69.3944117, 53.2793083], [69.3945914, 53.2793227], [69.3946102, 53.2792391], [69.3944305, 53.2792246], [69.3944117, 53.2793083]]]}}, {"type": "Feature", "properties": {"levels": 1.0, "addr": "улица Наурызбай батыра 145", "name": "", "type": "apartments", "tagged": true}, "geometry": {"type": "Polygon", "coordinates": [[[69.3930873, 53.2777153], [69.3932195, 53.2771875], [69.3925615, 53.2771286], [69.3925218, 53.2772873], [69.3929089, 53.277322], [69.3928164, 53.277691], [69.3930873, 53.2777153]]]}}, {"type": "Feature", "properties": {"levels": 1.0, "addr": "улица Каныша Сатпаева 52", "name": "", "type": "yes", "tagged": true}, "geometry": {"type": "Polygon", "coordinates": [[[69.3835555, 53.2756556], [69.3836923, 53.2756732], [69.3837274, 53.2755759], [69.3835906, 53.2755583], [69.3835555, 53.2756556]]]}}, {"type": "Feature", "properties": {"levels": 1.0, "addr": "улица Ашимова 78", "name": "ЖК Новая эра", "type": "yes", "tagged": true}, "geometry": {"type": "Polygon", "coordinates": [[[69.3757141, 53.2776069], [69.3765937, 53.2776881], [69.376634, 53.2775321], [69.3760094, 53.2774744], [69.3760787, 53.2772062], [69.3758236, 53.2771826], [69.3757141, 53.2776069]]]}}, {"type": "Feature", "properties": {"levels": 2, "addr": "улица Островского 156", "name": "", "type": "yes", "tagged": false}, "geometry": {"type": "Polygon", "coordinates": [[[69.3941489, 53.2781455], [69.3942642, 53.27816], [69.3942994, 53.2780595], [69.3941841, 53.278045], [69.3941489, 53.2781455]]]}}, {"type": "Feature", "properties": {"levels": 1.0, "addr": "проспект Нурсултана Назарбаева 115", "name": "", "type": "yes", "tagged": true}, "geometry": {"type": "Polygon", "coordinates": [[[69.3898037, 53.2772859], [69.3899248, 53.2772973], [69.3899462, 53.2772155], [69.3898252, 53.2772041], [69.3898037, 53.2772859]]]}}, {"type": "Feature", "properties": {"levels": 1.0, "addr": "улица Зарапа Темирбекова 83", "name": "", "type": "yes", "tagged": true}, "geometry": {"type": "Polygon", "coordinates": [[[69.374317, 53.2762384], [69.3742975, 53.2763015], [69.3743995, 53.2763127], [69.3744189, 53.2762496], [69.374317, 53.2762384]]]}}, {"type": "Feature", "properties": {"levels": 1.0, "addr": "улица Косшигулова 100", "name": "", "type": "yes", "tagged": true}, "geometry": {"type": "Polygon", "coordinates": [[[69.3885168, 53.2754339], [69.3886854, 53.2754537], [69.3888014, 53.2751017], [69.3886326, 53.2750818], [69.3885168, 53.2754339]]]}}, {"type": "Feature", "properties": {"levels": 1.0, "addr": "улица Буденного 74", "name": "", "type": "yes", "tagged": true}, "geometry": {"type": "Polygon", "coordinates": [[[69.4044405, 53.2795232], [69.4044915, 53.2793772], [69.4041947, 53.2793402], [69.4041437, 53.2794861], [69.4044405, 53.2795232]]]}}, {"type": "Feature", "properties": {"levels": 2, "addr": "улица Валиханова 146", "name": "", "type": "yes", "tagged": false}, "geometry": {"type": "Polygon", "coordinates": [[[69.3999478, 53.2752675], [69.4002502, 53.2752966], [69.4002697, 53.2752242], [69.3999673, 53.2751951], [69.3999478, 53.2752675]]]}}, {"type": "Feature", "properties": {"levels": 1.0, "addr": "улица Наурызбай батыра 58", "name": "", "type": "yes", "tagged": true}, "geometry": {"type": "Polygon", "coordinates": [[[69.3758029, 53.275402], [69.3759493, 53.2754218], [69.3760056, 53.2752726], [69.3758592, 53.2752528], [69.3758029, 53.275402]]]}}, {"type": "Feature", "properties": {"levels": 1.0, "addr": "улица Ашимова 60", "name": "", "type": "yes", "tagged": true}, "geometry": {"type": "Polygon", "coordinates": [[[69.3716334, 53.2773026], [69.3717863, 53.2773218], [69.3718158, 53.2772379], [69.371663, 53.2772187], [69.3716334, 53.2773026]]]}}, {"type": "Feature", "properties": {"levels": 2, "addr": "улица Сабатаева 101/2", "name": "", "type": "yes", "tagged": false}, "geometry": {"type": "Polygon", "coordinates": [[[69.379732, 53.2795969], [69.3797226, 53.2796437], [69.3798567, 53.2796533], [69.3798661, 53.2796065], [69.379732, 53.2795969]]]}}, {"type": "Feature", "properties": {"levels": 1.0, "addr": "улица Жумабека Ташенова 99", "name": "", "type": "yes", "tagged": true}, "geometry": {"type": "Polygon", "coordinates": [[[69.4031638, 53.2798471], [69.4033435, 53.2798647], [69.4033625, 53.2797955], [69.4031828, 53.2797779], [69.4031638, 53.2798471]]]}}, {"type": "Feature", "properties": {"levels": 2, "addr": "улица Островского 138", "name": "", "type": "yes", "tagged": false}, "geometry": {"type": "Polygon", "coordinates": [[[69.3902034, 53.2777703], [69.3903589, 53.2777863], [69.3903807, 53.2777108], [69.3902251, 53.2776947], [69.3902034, 53.2777703]]]}}, {"type": "Feature", "properties": {"levels": 1.0, "addr": "улица Магжана Жумабаева 91", "name": "", "type": "yes", "tagged": true}, "geometry": {"type": "Polygon", "coordinates": [[[69.3761811, 53.2760628], [69.3761447, 53.2761679], [69.3763003, 53.2761871], [69.3763367, 53.276082], [69.3761811, 53.2760628]]]}}, {"type": "Feature", "properties": {"levels": 1.0, "addr": "улица Косшигулова 114", "name": "", "type": "yes", "tagged": true}, "geometry": {"type": "Polygon", "coordinates": [[[69.3911837, 53.2757222], [69.39135, 53.2757382], [69.3913727, 53.2756539], [69.3912064, 53.2756379], [69.3911837, 53.2757222]]]}}, {"type": "Feature", "properties": {"levels": 1.0, "addr": "улица Ашимова 50", "name": "", "type": "yes", "tagged": true}, "geometry": {"type": "Polygon", "coordinates": [[[69.3699719, 53.2766662], [69.3700686, 53.2767329], [69.3701799, 53.2766751], [69.3700831, 53.2766085], [69.3699719, 53.2766662]]]}}, {"type": "Feature", "properties": {"levels": 1.0, "addr": "Алихана 70", "name": "", "type": "yes", "tagged": true}, "geometry": {"type": "Polygon", "coordinates": [[[69.3701837, 53.279818], [69.3701631, 53.2799081], [69.3703589, 53.2799241], [69.3703795, 53.2798341], [69.3701837, 53.279818]]]}}, {"type": "Feature", "properties": {"levels": 1.0, "addr": "Сагдиева 88", "name": "", "type": "yes", "tagged": true}, "geometry": {"type": "Polygon", "coordinates": [[[69.3777717, 53.2752175], [69.3778843, 53.2752288], [69.377905, 53.2751546], [69.3777923, 53.2751434], [69.3777717, 53.2752175]]]}}, {"type": "Feature", "properties": {"levels": 1.0, "addr": "улица Ашимова 95", "name": "", "type": "yes", "tagged": true}, "geometry": {"type": "Polygon", "coordinates": [[[69.3764248, 53.2780237], [69.3763824, 53.2781554], [69.3765917, 53.2781795], [69.376634, 53.2780477], [69.3764248, 53.2780237]]]}}, {"type": "Feature", "properties": {"levels": 2, "addr": "", "name": "", "type": "yes", "tagged": false}, "geometry": {"type": "Polygon", "coordinates": [[[69.3825, 53.2768384], [69.3826798, 53.2768609], [69.3827182, 53.2767508], [69.3825385, 53.2767284], [69.3825, 53.2768384]]]}}, {"type": "Feature", "properties": {"levels": 2, "addr": "", "name": "", "type": "yes", "tagged": false}, "geometry": {"type": "Polygon", "coordinates": [[[69.3859856, 53.275581], [69.3861224, 53.2755971], [69.3861455, 53.2755267], [69.3860087, 53.2755106], [69.3859856, 53.275581]]]}}, {"type": "Feature", "properties": {"levels": 1.0, "addr": "улица Наурызбай батыра 57", "name": "", "type": "yes", "tagged": true}, "geometry": {"type": "Polygon", "coordinates": [[[69.3755052, 53.2757781], [69.3756127, 53.2757902], [69.3756449, 53.2756875], [69.3755374, 53.2756754], [69.3755052, 53.2757781]]]}}, {"type": "Feature", "properties": {"levels": 1.0, "addr": "Алихана 88", "name": "", "type": "yes", "tagged": true}, "geometry": {"type": "Polygon", "coordinates": [[[69.3710058, 53.2772544], [69.3711129, 53.2772653], [69.3711721, 53.2770572], [69.371065, 53.2770463], [69.3710058, 53.2772544]]]}}, {"type": "Feature", "properties": {"levels": 2, "addr": "улица Калинина 90", "name": "", "type": "yes", "tagged": false}, "geometry": {"type": "Polygon", "coordinates": [[[69.3854022, 53.2768785], [69.3854237, 53.2767823], [69.3852269, 53.2767666], [69.3852054, 53.2768628], [69.3854022, 53.2768785]]]}}, {"type": "Feature", "properties": {"levels": 1.0, "addr": "Алихана 59", "name": "", "type": "yes", "tagged": true}, "geometry": {"type": "Polygon", "coordinates": [[[69.3710675, 53.279365], [69.3713116, 53.279389], [69.3713445, 53.2792694], [69.3711005, 53.2792453], [69.3710675, 53.279365]]]}}, {"type": "Feature", "properties": {"levels": 1.0, "addr": "улица Садвакасова 62", "name": "", "type": "detached", "tagged": true}, "geometry": {"type": "Polygon", "coordinates": [[[69.3947928, 53.2779718], [69.394778, 53.2780426], [69.3948853, 53.2780507], [69.3949001, 53.2779798], [69.3947928, 53.2779718]]]}}, {"type": "Feature", "properties": {"levels": 1.0, "addr": "улица Каныша Сатпаева 50", "name": "", "type": "yes", "tagged": true}, "geometry": {"type": "Polygon", "coordinates": [[[69.3835019, 53.2757454], [69.3834879, 53.2758192], [69.3836542, 53.2758304], [69.3836682, 53.2757566], [69.3835019, 53.2757454]]]}}, {"type": "Feature", "properties": {"levels": 1.0, "addr": "улица Каныша Сатпаева 37", "name": "", "type": "yes", "tagged": true}, "geometry": {"type": "Polygon", "coordinates": [[[69.3839028, 53.2772169], [69.3841013, 53.277233], [69.3841227, 53.2771386], [69.3839242, 53.2771225], [69.3839028, 53.2772169]]]}}, {"type": "Feature", "properties": {"levels": 1.0, "addr": "улица Акана-серэ 53", "name": "", "type": "yes", "tagged": true}, "geometry": {"type": "Polygon", "coordinates": [[[69.369843, 53.279786], [69.3698252, 53.2798607], [69.3699942, 53.2798752], [69.370012, 53.2798004], [69.369843, 53.279786]]]}}, {"type": "Feature", "properties": {"levels": 1.0, "addr": "улица Валиханова 153", "name": "", "type": "detached", "tagged": true}, "geometry": {"type": "Polygon", "coordinates": [[[69.3941489, 53.2751359], [69.3943593, 53.2751562], [69.3943769, 53.275091], [69.3941664, 53.2750708], [69.3941489, 53.2751359]]]}}, {"type": "Feature", "properties": {"levels": 1.0, "addr": "улица Ильяса Есенберлина 100", "name": "", "type": "yes", "tagged": true}, "geometry": {"type": "Polygon", "coordinates": [[[69.3877357, 53.2751375], [69.3878618, 53.2751479], [69.3878767, 53.2750834], [69.3877506, 53.275073], [69.3877357, 53.2751375]]]}}, {"type": "Feature", "properties": {"levels": 1.0, "addr": "проспект Нурсултана Назарбаева 131", "name": "", "type": "yes", "tagged": true}, "geometry": {"type": "Polygon", "coordinates": [[[69.39032, 53.2752169], [69.3905273, 53.2752358], [69.3905461, 53.275162], [69.3903388, 53.2751432], [69.39032, 53.2752169]]]}}, {"type": "Feature", "properties": {"levels": 1.0, "addr": "улица Наурызбай батыра 56", "name": "", "type": "yes", "tagged": true}, "geometry": {"type": "Polygon", "coordinates": [[[69.3754934, 53.2753464], [69.3755308, 53.2752225], [69.3753234, 53.2752001], [69.3752859, 53.275324], [69.3754934, 53.2753464]]]}}, {"type": "Feature", "properties": {"levels": 1.0, "addr": "улица Елемесова 74", "name": "", "type": "detached", "tagged": true}, "geometry": {"type": "Polygon", "coordinates": [[[69.3925959, 53.2787662], [69.3928185, 53.2787887], [69.3928351, 53.2787297], [69.3926125, 53.2787072], [69.3925959, 53.2787662]]]}}, {"type": "Feature", "properties": {"levels": 2, "addr": "", "name": "", "type": "yes", "tagged": false}, "geometry": {"type": "Polygon", "coordinates": [[[69.3703969, 53.2769128], [69.3704881, 53.2769449], [69.3705509, 53.276881], [69.3704597, 53.276849], [69.3703969, 53.2769128]]]}}, {"type": "Feature", "properties": {"levels": 1.0, "addr": "улица Наурызбай батыра 72", "name": "", "type": "yes", "tagged": true}, "geometry": {"type": "Polygon", "coordinates": [[[69.3787758, 53.2756588], [69.3789349, 53.2756774], [69.3789778, 53.2755459], [69.3788187, 53.2755273], [69.3787758, 53.2756588]]]}}, {"type": "Feature", "properties": {"levels": 1.0, "addr": "улица Островского 52", "name": "", "type": "yes", "tagged": true}, "geometry": {"type": "Polygon", "coordinates": [[[69.3732427, 53.2763419], [69.3733956, 53.2763579], [69.3734257, 53.2762553], [69.3732728, 53.2762393], [69.3732427, 53.2763419]]]}}, {"type": "Feature", "properties": {"levels": 1.0, "addr": "улица Островского 55", "name": "", "type": "yes", "tagged": true}, "geometry": {"type": "Polygon", "coordinates": [[[69.3705874, 53.2765119], [69.3707136, 53.2765247], [69.3707483, 53.2764028], [69.3706221, 53.27639], [69.3705874, 53.2765119]]]}}, {"type": "Feature", "properties": {"levels": 2, "addr": "улица Калинина 86", "name": "", "type": "yes", "tagged": false}, "geometry": {"type": "Polygon", "coordinates": [[[69.3853678, 53.2772093], [69.3853895, 53.2771282], [69.3852324, 53.2771132], [69.3852106, 53.2771943], [69.3853678, 53.2772093]]]}}, {"type": "Feature", "properties": {"levels": 1.0, "addr": "улица Наурызбай батыра 42", "name": "", "type": "yes", "tagged": true}, "geometry": {"type": "Polygon", "coordinates": [[[69.3727828, 53.2751053], [69.3729086, 53.2751203], [69.3729381, 53.2750321], [69.3728123, 53.275017], [69.3727828, 53.2751053]]]}}, {"type": "Feature", "properties": {"levels": 2, "addr": "", "name": "", "type": "yes", "tagged": false}, "geometry": {"type": "Polygon", "coordinates": [[[69.3858863, 53.2758184], [69.3858644, 53.2758801], [69.3859904, 53.2758961], [69.3860124, 53.2758344], [69.3858863, 53.2758184]]]}}, {"type": "Feature", "properties": {"levels": 1.0, "addr": "улица Бауржана Момышулы 120", "name": "", "type": "yes", "tagged": true}, "geometry": {"type": "Polygon", "coordinates": [[[69.3799346, 53.275237], [69.3799721, 53.2751344], [69.3798244, 53.275115], [69.3797868, 53.2752177], [69.3799346, 53.275237]]]}}, {"type": "Feature", "properties": {"levels": 1.0, "addr": "улица Ильяса Есенберлина 125", "name": "", "type": "yes", "tagged": true}, "geometry": {"type": "Polygon", "coordinates": [[[69.3882199, 53.2757639], [69.3883674, 53.2757815], [69.3884081, 53.2756597], [69.3882606, 53.275642], [69.3882199, 53.2757639]]]}}, {"type": "Feature", "properties": {"levels": 2, "addr": "улица Островского 105", "name": "", "type": "yes", "tagged": false}, "geometry": {"type": "Polygon", "coordinates": [[[69.3822774, 53.2775682], [69.3823935, 53.2775781], [69.3824203, 53.2774658], [69.3823042, 53.2774559], [69.3822774, 53.2775682]]]}}, {"type": "Feature", "properties": {"levels": 1.0, "addr": "улица Ашимова 70", "name": "", "type": "yes", "tagged": true}, "geometry": {"type": "Polygon", "coordinates": [[[69.3752544, 53.2771084], [69.3752273, 53.2772089], [69.3753936, 53.2772249], [69.3754207, 53.2771245], [69.3752544, 53.2771084]]]}}, {"type": "Feature", "properties": {"levels": 2, "addr": "улица Валиханова 148", "name": "", "type": "yes", "tagged": false}, "geometry": {"type": "Polygon", "coordinates": [[[69.4004494, 53.2753092], [69.400757, 53.2753388], [69.4007766, 53.2752659], [69.400469, 53.2752363], [69.4004494, 53.2753092]]]}}, {"type": "Feature", "properties": {"levels": 2, "addr": "", "name": "", "type": "yes", "tagged": false}, "geometry": {"type": "Polygon", "coordinates": [[[69.3860701, 53.2774479], [69.3862015, 53.2774575], [69.3862179, 53.2773775], [69.3860864, 53.2773679], [69.3860701, 53.2774479]]]}}, {"type": "Feature", "properties": {"levels": 1.0, "addr": "проспект Нурсултана Назарбаева 107", "name": "", "type": "yes", "tagged": true}, "geometry": {"type": "Polygon", "coordinates": [[[69.3896897, 53.2779866], [69.3900216, 53.2780148], [69.3900499, 53.2778957], [69.3897181, 53.2778674], [69.3896897, 53.2779866]]]}}, {"type": "Feature", "properties": {"levels": 2, "addr": "", "name": "", "type": "yes", "tagged": false}, "geometry": {"type": "Polygon", "coordinates": [[[69.3751404, 53.2786136], [69.3752879, 53.2786281], [69.3753044, 53.2785679], [69.3751569, 53.2785535], [69.3751404, 53.2786136]]]}}, {"type": "Feature", "properties": {"levels": 1.0, "addr": "улица Янко 102", "name": "", "type": "detached", "tagged": true}, "geometry": {"type": "Polygon", "coordinates": [[[69.3966835, 53.2779451], [69.3968445, 53.2779547], [69.3968529, 53.2779042], [69.396692, 53.2778946], [69.3966835, 53.2779451]]]}}, {"type": "Feature", "properties": {"levels": 1.0, "addr": "улица Каныша Сатпаева 35", "name": "", "type": "yes", "tagged": true}, "geometry": {"type": "Polygon", "coordinates": [[[69.3838262, 53.2774869], [69.3841293, 53.2775125], [69.3841731, 53.2773268], [69.38387, 53.2773012], [69.3838262, 53.2774869]]]}}, {"type": "Feature", "properties": {"levels": 2, "addr": "", "name": "", "type": "detached", "tagged": false}, "geometry": {"type": "Polygon", "coordinates": [[[69.394047, 53.2752787], [69.3942869, 53.2753018], [69.3943018, 53.2752466], [69.3940618, 53.2752235], [69.394047, 53.2752787]]]}}, {"type": "Feature", "properties": {"levels": 1.0, "addr": "улица Ашимова 69", "name": "", "type": "yes", "tagged": true}, "geometry": {"type": "Polygon", "coordinates": [[[69.3717836, 53.2777083], [69.3719599, 53.2777276], [69.3720001, 53.2775961], [69.3718239, 53.2775768], [69.3717836, 53.2777083]]]}}, {"type": "Feature", "properties": {"levels": 1.0, "addr": "улица Сабатаева 66", "name": "", "type": "yes", "tagged": true}, "geometry": {"type": "Polygon", "coordinates": [[[69.3740648, 53.2786441], [69.3742124, 53.2786569], [69.374237, 53.2785555], [69.3740895, 53.2785427], [69.3740648, 53.2786441]]]}}, {"type": "Feature", "properties": {"levels": 1.0, "addr": "улица Наурызбай батыра 175", "name": "", "type": "yes", "tagged": true}, "geometry": {"type": "Polygon", "coordinates": [[[69.3983948, 53.277828], [69.398518, 53.277844], [69.3985448, 53.2777702], [69.3984216, 53.2777542], [69.3983948, 53.277828]]]}}, {"type": "Feature", "properties": {"levels": 1.0, "addr": "улица Елемесова 107", "name": "", "type": "detached", "tagged": true}, "geometry": {"type": "Polygon", "coordinates": [[[69.3939719, 53.2756315], [69.3941888, 53.2756524], [69.3942186, 53.2755417], [69.3940016, 53.2755208], [69.3939719, 53.2756315]]]}}, {"type": "Feature", "properties": {"levels": 1.0, "addr": "улица Садвакасова 54", "name": "", "type": "detached", "tagged": true}, "geometry": {"type": "Polygon", "coordinates": [[[69.3943205, 53.2787453], [69.394284, 53.2788484], [69.394461, 53.2788709], [69.3944976, 53.2787678], [69.3943205, 53.2787453]]]}}, {"type": "Feature", "properties": {"levels": 1.0, "addr": "улица Елемесова 72", "name": "", "type": "detached", "tagged": true}, "geometry": {"type": "Polygon", "coordinates": [[[69.3925932, 53.2788624], [69.3925644, 53.2789413], [69.392712, 53.2789605], [69.3927408, 53.2788816], [69.3925932, 53.2788624]]]}}, {"type": "Feature", "properties": {"levels": 2, "addr": "", "name": "", "type": "yes", "tagged": false}, "geometry": {"type": "Polygon", "coordinates": [[[69.3825081, 53.2772923], [69.3826213, 53.2773015], [69.3826428, 53.2772069], [69.3825296, 53.2771977], [69.3825081, 53.2772923]]]}}, {"type": "Feature", "properties": {"levels": 2, "addr": "улица Зарапа Темирбекова 97", "name": "", "type": "yes", "tagged": false}, "geometry": {"type": "Polygon", "coordinates": [[[69.3746227, 53.2751093], [69.3747944, 53.2751269], [69.3748161, 53.2750513], [69.3746445, 53.2750337], [69.3746227, 53.2751093]]]}}, {"type": "Feature", "properties": {"levels": 2, "addr": "", "name": "", "type": "yes", "tagged": false}, "geometry": {"type": "Polygon", "coordinates": [[[69.3724676, 53.2779072], [69.3724837, 53.2778254], [69.3724021, 53.2778196], [69.372386, 53.2779014], [69.3724676, 53.2779072]]]}}, {"type": "Feature", "properties": {"levels": 1.0, "addr": "улица Косшигулова 131", "name": "", "type": "detached", "tagged": true}, "geometry": {"type": "Polygon", "coordinates": [[[69.3939477, 53.276399], [69.3939745, 53.2762963], [69.3938131, 53.2762813], [69.3937863, 53.2763839], [69.3939477, 53.276399]]]}}, {"type": "Feature", "properties": {"levels": 2, "addr": "улица Потанина 93", "name": "", "type": "yes", "tagged": false}, "geometry": {"type": "Polygon", "coordinates": [[[69.392439, 53.2754575], [69.3925463, 53.275472], [69.3925788, 53.2753856], [69.3924715, 53.2753712], [69.392439, 53.2754575]]]}}, {"type": "Feature", "properties": {"levels": 2, "addr": "улица Островского 68а", "name": "", "type": "yes", "tagged": false}, "geometry": {"type": "Polygon", "coordinates": [[[69.3862713, 53.2776307], [69.3863973, 53.2776355], [69.3864025, 53.2775868], [69.3862765, 53.277582], [69.3862713, 53.2776307]]]}}, {"type": "Feature", "properties": {"levels": 1.0, "addr": "улица Наурызбай батыра 59", "name": "", "type": "yes", "tagged": true}, "geometry": {"type": "Polygon", "coordinates": [[[69.3759282, 53.2758273], [69.3760375, 53.2758384], [69.3760695, 53.2757263], [69.3759601, 53.2757152], [69.3759282, 53.2758273]]]}}, {"type": "Feature", "properties": {"levels": 4.0, "addr": "улица Островского 195", "name": "", "type": "apartments", "tagged": true}, "geometry": {"type": "Polygon", "coordinates": [[[69.4014333, 53.2791441], [69.4013956, 53.2792836], [69.4017862, 53.2793214], [69.401824, 53.2791818], [69.4014333, 53.2791441]]]}}, {"type": "Feature", "properties": {"levels": 2, "addr": "улица Магжана Жумабаева 74а", "name": "", "type": "yes", "tagged": false}, "geometry": {"type": "Polygon", "coordinates": [[[69.3749741, 53.2769761], [69.375009, 53.2768334], [69.3748006, 53.2768152], [69.3747657, 53.2769579], [69.3749741, 53.2769761]]]}}, {"type": "Feature", "properties": {"levels": 2, "addr": "улица Островского 116", "name": "", "type": "yes", "tagged": false}, "geometry": {"type": "Polygon", "coordinates": [[[69.3863142, 53.2774158], [69.3864536, 53.277427], [69.3864699, 53.2773547], [69.3863304, 53.2773434], [69.3863142, 53.2774158]]]}}, {"type": "Feature", "properties": {"levels": 2, "addr": "улица Островского 30а", "name": "", "type": "yes", "tagged": false}, "geometry": {"type": "Polygon", "coordinates": [[[69.3704318, 53.2762392], [69.3705563, 53.2762519], [69.3705713, 53.2761991], [69.3704468, 53.2761865], [69.3704318, 53.2762392]]]}}, {"type": "Feature", "properties": {"levels": 2, "addr": "", "name": "", "type": "yes", "tagged": false}, "geometry": {"type": "Polygon", "coordinates": [[[69.3842676, 53.2769363], [69.3843011, 53.2769404], [69.3843199, 53.2768859], [69.3842864, 53.2768817], [69.3842676, 53.2769363]]]}}, {"type": "Feature", "properties": {"levels": 1.0, "addr": "улица Наурызбай батыра 79", "name": "", "type": "yes", "tagged": true}, "geometry": {"type": "Polygon", "coordinates": [[[69.380821, 53.2761664], [69.3808077, 53.2762257], [69.3809874, 53.2762401], [69.3810007, 53.2761809], [69.380821, 53.2761664]]]}}, {"type": "Feature", "properties": {"levels": 1.0, "addr": "улица Наурызбай батыра 43", "name": "", "type": "yes", "tagged": true}, "geometry": {"type": "Polygon", "coordinates": [[[69.3728699, 53.2754325], [69.3728415, 53.2755444], [69.3730186, 53.2755605], [69.3730469, 53.2754485], [69.3728699, 53.2754325]]]}}, {"type": "Feature", "properties": {"levels": 1.0, "addr": "улица Ильяса Есенберлина 119", "name": "", "type": "yes", "tagged": true}, "geometry": {"type": "Polygon", "coordinates": [[[69.3881206, 53.2762049], [69.3881046, 53.2762761], [69.3882441, 53.2762873], [69.3882601, 53.2762161], [69.3881206, 53.2762049]]]}}, {"type": "Feature", "properties": {"levels": 1.0, "addr": "улица Сабатаева 60", "name": "", "type": "yes", "tagged": true}, "geometry": {"type": "Polygon", "coordinates": [[[69.3721645, 53.2783771], [69.372142, 53.2784652], [69.3723351, 53.2784828], [69.3723576, 53.2783947], [69.3721645, 53.2783771]]]}}, {"type": "Feature", "properties": {"levels": 2, "addr": "улица Островского 80а", "name": "", "type": "yes", "tagged": false}, "geometry": {"type": "Polygon", "coordinates": [[[69.390257, 53.2779178], [69.3902413, 53.2779871], [69.3904398, 53.2780032], [69.3904555, 53.2779338], [69.390257, 53.2779178]]]}}, {"type": "Feature", "properties": {"levels": 1.0, "addr": "улица Сабатаева 72", "name": "", "type": "yes", "tagged": true}, "geometry": {"type": "Polygon", "coordinates": [[[69.3750626, 53.2787371], [69.3753174, 53.2787628], [69.3753404, 53.2786811], [69.3750856, 53.2786555], [69.3750626, 53.2787371]]]}}, {"type": "Feature", "properties": {"levels": 1.0, "addr": "Алихана 51", "name": "", "type": "yes", "tagged": true}, "geometry": {"type": "Polygon", "coordinates": [[[69.3708019, 53.2803376], [69.3709521, 53.2803502], [69.3709739, 53.2802579], [69.3708237, 53.2802453], [69.3708019, 53.2803376]]]}}, {"type": "Feature", "properties": {"levels": 1.0, "addr": "улица Садвакасова 52", "name": "", "type": "detached", "tagged": true}, "geometry": {"type": "Polygon", "coordinates": [[[69.3943366, 53.2790918], [69.3946156, 53.279111], [69.3946401, 53.2789841], [69.394442, 53.2789705], [69.394452, 53.2789137], [69.3941703, 53.2788961], [69.3941535, 53.2789923], [69.3943534, 53.2790048], [69.3943366, 53.2790918]]]}}, {"type": "Feature", "properties": {"levels": 2, "addr": "", "name": "", "type": "yes", "tagged": false}, "geometry": {"type": "Polygon", "coordinates": [[[69.4041595, 53.2969101], [69.4040808, 53.2969995], [69.4044992, 53.297131], [69.4045779, 53.2970415], [69.4041595, 53.2969101]]]}}, {"type": "Feature", "properties": {"levels": 2, "addr": "улица Сулейменова 3", "name": "", "type": "yes", "tagged": false}, "geometry": {"type": "Polygon", "coordinates": [[[69.403725, 53.2959354], [69.4039642, 53.2960058], [69.4041466, 53.2957846], [69.4039074, 53.2957141], [69.403725, 53.2959354]]]}}, {"type": "Feature", "properties": {"levels": 2, "addr": "", "name": "", "type": "yes", "tagged": false}, "geometry": {"type": "Polygon", "coordinates": [[[69.4037035, 53.2965959], [69.4039989, 53.2967064], [69.4043315, 53.296389], [69.4040361, 53.2962784], [69.4037035, 53.2965959]]]}}, {"type": "Feature", "properties": {"levels": 2, "addr": "", "name": "", "type": "yes", "tagged": false}, "geometry": {"type": "Polygon", "coordinates": [[[69.4040066, 53.2995774], [69.4042798, 53.299711], [69.4044729, 53.2995699], [69.4041997, 53.2994364], [69.4040066, 53.2995774]]]}}, {"type": "Feature", "properties": {"levels": 2, "addr": "", "name": "", "type": "yes", "tagged": false}, "geometry": {"type": "Polygon", "coordinates": [[[69.4034675, 53.2999269], [69.403728, 53.3000628], [69.403948, 53.2999121], [69.4036874, 53.2997763], [69.4034675, 53.2999269]]]}}, {"type": "Feature", "properties": {"levels": 2, "addr": "", "name": "", "type": "yes", "tagged": false}, "geometry": {"type": "Polygon", "coordinates": [[[69.4046316, 53.299087], [69.4043078, 53.2993467], [69.4045814, 53.2994685], [69.4049052, 53.2992088], [69.4046316, 53.299087]]]}}, {"type": "Feature", "properties": {"levels": 2, "addr": "", "name": "", "type": "yes", "tagged": false}, "geometry": {"type": "Polygon", "coordinates": [[[69.4016489, 53.2986574], [69.4018957, 53.2987253], [69.4020513, 53.2985233], [69.4018045, 53.2984554], [69.4016489, 53.2986574]]]}}, {"type": "Feature", "properties": {"levels": 2, "addr": "", "name": "", "type": "yes", "tagged": false}, "geometry": {"type": "Polygon", "coordinates": [[[69.4020566, 53.2985163], [69.4022283, 53.2983015], [69.4020426, 53.2982485], [69.401871, 53.2984633], [69.4020566, 53.2985163]]]}}, {"type": "Feature", "properties": {"levels": 2, "addr": "", "name": "", "type": "yes", "tagged": false}, "geometry": {"type": "Polygon", "coordinates": [[[69.4038162, 53.298667], [69.4040147, 53.2987696], [69.4041082, 53.2987049], [69.4039097, 53.2986023], [69.4038162, 53.298667]]]}}, {"type": "Feature", "properties": {"levels": 2, "addr": "", "name": "", "type": "yes", "tagged": false}, "geometry": {"type": "Polygon", "coordinates": [[[69.4043794, 53.2969614], [69.4045762, 53.2970348], [69.4050053, 53.2966245], [69.4048086, 53.296551], [69.4043794, 53.2969614]]]}}, {"type": "Feature", "properties": {"levels": 2, "addr": "", "name": "", "type": "yes", "tagged": false}, "geometry": {"type": "Polygon", "coordinates": [[[69.4032513, 53.29682], [69.4037466, 53.2961508], [69.4036857, 53.2961347], [69.4037257, 53.2960805], [69.4036469, 53.2960597], [69.4034721, 53.296296], [69.4033624, 53.296267], [69.4032298, 53.2964463], [69.4033373, 53.2964747], [69.4031096, 53.2967825], [69.4032513, 53.29682]]]}}, {"type": "Feature", "properties": {"levels": 2, "addr": "", "name": "", "type": "yes", "tagged": false}, "geometry": {"type": "Polygon", "coordinates": [[[69.4043473, 53.2975256], [69.4042156, 53.2976344], [69.4047199, 53.2978524], [69.4048515, 53.2977436], [69.4043473, 53.2975256]]]}}, {"type": "Feature", "properties": {"levels": 2, "addr": "", "name": "", "type": "yes", "tagged": false}, "geometry": {"type": "Polygon", "coordinates": [[[69.4040468, 53.2973301], [69.4041893, 53.2973803], [69.4043824, 53.2971847], [69.40424, 53.2971345], [69.4040468, 53.2973301]]]}}, {"type": "Feature", "properties": {"levels": 2, "addr": "", "name": "", "type": "yes", "tagged": false}, "geometry": {"type": "Polygon", "coordinates": [[[69.404181, 53.2985708], [69.4044281, 53.2986962], [69.4062359, 53.2974234], [69.4059888, 53.297298], [69.404181, 53.2985708]]]}}, {"type": "Feature", "properties": {"levels": 2, "addr": "", "name": "", "type": "yes", "tagged": false}, "geometry": {"type": "Polygon", "coordinates": [[[69.4024839, 53.2982385], [69.4027521, 53.2979018], [69.4025506, 53.2978445], [69.4022823, 53.2981811], [69.4024839, 53.2982385]]]}}, {"type": "Feature", "properties": {"levels": 2, "addr": "", "name": "", "type": "yes", "tagged": false}, "geometry": {"type": "Polygon", "coordinates": [[[69.4045672, 53.2962207], [69.4047473, 53.296286], [69.4049457, 53.2960904], [69.4047657, 53.2960251], [69.4045672, 53.2962207]]]}}, {"type": "Feature", "properties": {"levels": 2, "addr": "", "name": "", "type": "yes", "tagged": false}, "geometry": {"type": "Polygon", "coordinates": [[[69.4035801, 53.2974647], [69.4037418, 53.2975144], [69.403935, 53.29729], [69.4037733, 53.2972403], [69.4035801, 53.2974647]]]}}, {"type": "Feature", "properties": {"levels": 2, "addr": "", "name": "", "type": "yes", "tagged": false}, "geometry": {"type": "Polygon", "coordinates": [[[69.4023571, 53.2977372], [69.4026089, 53.2978073], [69.4027913, 53.2975733], [69.4025394, 53.2975032], [69.4023571, 53.2977372]]]}}, {"type": "Feature", "properties": {"levels": 2, "addr": "", "name": "", "type": "yes", "tagged": false}, "geometry": {"type": "Polygon", "coordinates": [[[69.4033924, 53.2994044], [69.4040254, 53.2989748], [69.4037311, 53.2988199], [69.4030981, 53.2992495], [69.4033924, 53.2994044]]]}}, {"type": "Feature", "properties": {"levels": 9.0, "addr": "", "name": "", "type": "yes", "tagged": true}, "geometry": {"type": "Polygon", "coordinates": [[[69.4014987, 53.3006002], [69.4026253, 53.2998564], [69.4023482, 53.2997065], [69.4012217, 53.3004503], [69.4014987, 53.3006002]]]}}, {"type": "Feature", "properties": {"levels": 2, "addr": "", "name": "", "type": "yes", "tagged": false}, "geometry": {"type": "Polygon", "coordinates": [[[69.4048515, 53.2962432], [69.4053343, 53.2964291], [69.4054329, 53.2963377], [69.4049501, 53.2961517], [69.4048515, 53.2962432]]]}}, {"type": "Feature", "properties": {"levels": 2, "addr": "", "name": "", "type": "yes", "tagged": false}, "geometry": {"type": "Polygon", "coordinates": [[[69.4024697, 53.2994492], [69.402383, 53.2995101], [69.4026727, 53.2996575], [69.4027594, 53.2995967], [69.4024697, 53.2994492]]]}}, {"type": "Feature", "properties": {"levels": 9.0, "addr": "", "name": "", "type": "yes", "tagged": true}, "geometry": {"type": "Polygon", "coordinates": [[[69.4027487, 53.2994749], [69.4029418, 53.2995679], [69.4032105, 53.2993685], [69.4030174, 53.2992755], [69.4027487, 53.2994749]]]}}, {"type": "Feature", "properties": {"levels": 2, "addr": "", "name": "", "type": "yes", "tagged": false}, "geometry": {"type": "Polygon", "coordinates": [[[69.4028077, 53.2983624], [69.4030913, 53.2984835], [69.4033864, 53.2982366], [69.4031027, 53.2981155], [69.4028077, 53.2983624]]]}}, {"type": "Feature", "properties": {"levels": 2, "addr": "", "name": "", "type": "yes", "tagged": false}, "geometry": {"type": "Polygon", "coordinates": [[[69.4018743, 53.2992537], [69.4017756, 53.2993214], [69.4022745, 53.2995811], [69.4023731, 53.2995134], [69.4018743, 53.2992537]]]}}, {"type": "Feature", "properties": {"levels": 2, "addr": "улица Сулейменова 1", "name": "", "type": "yes", "tagged": false}, "geometry": {"type": "Polygon", "coordinates": [[[69.4040629, 53.2954865], [69.4043114, 53.2955558], [69.4045367, 53.2952672], [69.4042882, 53.2951979], [69.4040629, 53.2954865]]]}}, {"type": "Feature", "properties": {"levels": 2, "addr": "", "name": "", "type": "yes", "tagged": false}, "geometry": {"type": "Polygon", "coordinates": [[[69.4048998, 53.2959674], [69.4057849, 53.2962881], [69.4059259, 53.296149], [69.4050408, 53.2958284], [69.4048998, 53.2959674]]]}}, {"type": "Feature", "properties": {"levels": 2, "addr": "", "name": "", "type": "yes", "tagged": false}, "geometry": {"type": "Polygon", "coordinates": [[[69.4045189, 53.2950152], [69.4044463, 53.2951312], [69.405664, 53.2954037], [69.4057366, 53.2952877], [69.4045189, 53.2950152]]]}}, {"type": "Feature", "properties": {"levels": 1.0, "addr": "улица Мухтара Ауэзова 236/1", "name": "Цветочные киоски", "type": "yes", "tagged": true}, "geometry": {"type": "Polygon", "coordinates": [[[69.3891611, 53.2880307], [69.3901964, 53.2881269], [69.3902102, 53.2880739], [69.3891748, 53.2879777], [69.3891611, 53.2880307]]]}}, {"type": "Feature", "properties": {"levels": 1.0, "addr": "Байдалы би 3", "name": "", "type": "yes", "tagged": true}, "geometry": {"type": "Polygon", "coordinates": [[[69.3965661, 53.298739], [69.3964323, 53.2988024], [69.3965235, 53.2988713], [69.3966574, 53.2988081], [69.3965661, 53.298739]]]}}, {"type": "Feature", "properties": {"levels": 1.0, "addr": "Кулагер 17", "name": "", "type": "yes", "tagged": true}, "geometry": {"type": "Polygon", "coordinates": [[[69.3961697, 53.2998686], [69.3962639, 53.2999346], [69.3963739, 53.2998785], [69.3962796, 53.2998125], [69.3961697, 53.2998686]]]}}, {"type": "Feature", "properties": {"levels": 1.0, "addr": "Акбидай 20", "name": "", "type": "yes", "tagged": true}, "geometry": {"type": "Polygon", "coordinates": [[[69.3972828, 53.2999327], [69.39719, 53.2999797], [69.3972946, 53.3000535], [69.3973874, 53.3000064], [69.3972828, 53.2999327]]]}}, {"type": "Feature", "properties": {"levels": 2, "addr": "", "name": "", "type": "yes", "tagged": false}, "geometry": {"type": "Polygon", "coordinates": [[[69.3829652, 53.2952093], [69.3831341, 53.2952286], [69.3831563, 53.2951589], [69.3829873, 53.2951397], [69.3829652, 53.2952093]]]}}, {"type": "Feature", "properties": {"levels": 1.0, "addr": "Байдалы би 4", "name": "", "type": "yes", "tagged": true}, "geometry": {"type": "Polygon", "coordinates": [[[69.3961415, 53.2986263], [69.396222, 53.2986872], [69.3963129, 53.2986443], [69.3962324, 53.2985834], [69.3961415, 53.2986263]]]}}, {"type": "Feature", "properties": {"levels": 1.0, "addr": "Кулагер 9", "name": "", "type": "yes", "tagged": true}, "geometry": {"type": "Polygon", "coordinates": [[[69.3971353, 53.2993653], [69.3970656, 53.2994046], [69.3971568, 53.2994623], [69.3972265, 53.299423], [69.3971353, 53.2993653]]]}}, {"type": "Feature", "properties": {"levels": 2, "addr": "Байдалы би 4а", "name": "", "type": "yes", "tagged": false}, "geometry": {"type": "Polygon", "coordinates": [[[69.3958143, 53.2984179], [69.3959269, 53.2984996], [69.3960658, 53.2984313], [69.3959531, 53.2983495], [69.3958143, 53.2984179]]]}}, {"type": "Feature", "properties": {"levels": 1.0, "addr": "Кулагер 20", "name": "", "type": "yes", "tagged": true}, "geometry": {"type": "Polygon", "coordinates": [[[69.3955407, 53.2997259], [69.3956234, 53.2997843], [69.395728, 53.2997314], [69.3956453, 53.299673], [69.3955407, 53.2997259]]]}}, {"type": "Feature", "properties": {"levels": 1.0, "addr": "Кулагер 16", "name": "", "type": "yes", "tagged": true}, "geometry": {"type": "Polygon", "coordinates": [[[69.3962649, 53.2993748], [69.3961882, 53.2994125], [69.3962633, 53.299467], [69.39634, 53.2994293], [69.3962649, 53.2993748]]]}}, {"type": "Feature", "properties": {"levels": 3.0, "addr": "улица Тлеулина 58а", "name": "", "type": "yes", "tagged": true}, "geometry": {"type": "Polygon", "coordinates": [[[69.3828722, 53.2925604], [69.3831227, 53.2925873], [69.383179, 53.2923997], [69.3829285, 53.2923728], [69.3828722, 53.2925604]]]}}, {"type": "Feature", "properties": {"levels": 1.0, "addr": "улица Магзи Абулкасымова 93А", "name": "", "type": "yes", "tagged": true}, "geometry": {"type": "Polygon", "coordinates": [[[69.3838905, 53.2888957], [69.3838796, 53.2889415], [69.3840861, 53.2889591], [69.384097, 53.2889133], [69.3838905, 53.2888957]]]}}, {"type": "Feature", "properties": {"levels": 1.0, "addr": "Байдалы би 1", "name": "", "type": "yes", "tagged": true}, "geometry": {"type": "Polygon", "coordinates": [[[69.3966619, 53.2986872], [69.3967638, 53.2987737], [69.3968645, 53.2987314], [69.3967626, 53.2986448], [69.3966619, 53.2986872]]]}}, {"type": "Feature", "properties": {"levels": 1.0, "addr": "Кулагер 19", "name": "", "type": "yes", "tagged": true}, "geometry": {"type": "Polygon", "coordinates": [[[69.3959953, 53.2999599], [69.3960691, 53.3000124], [69.3961872, 53.2999531], [69.3961133, 53.2999006], [69.3959953, 53.2999599]]]}}, {"type": "Feature", "properties": {"levels": 1.0, "addr": "Байдалы би 8", "name": "", "type": "yes", "tagged": true}, "geometry": {"type": "Polygon", "coordinates": [[[69.3957419, 53.2987834], [69.3956513, 53.298824], [69.3957479, 53.2989009], [69.3958384, 53.2988603], [69.3957419, 53.2987834]]]}}, {"type": "Feature", "properties": {"levels": 1.0, "addr": "Акбидай 18", "name": "", "type": "yes", "tagged": true}, "geometry": {"type": "Polygon", "coordinates": [[[69.3975188, 53.2999263], [69.3976556, 53.2998574], [69.3975463, 53.2997799], [69.3974096, 53.2998488], [69.3975188, 53.2999263]]]}}, {"type": "Feature", "properties": {"levels": 2, "addr": "улица Магзи Абулкасымова 95/2", "name": "", "type": "yes", "tagged": false}, "geometry": {"type": "Polygon", "coordinates": [[[69.38445, 53.2890294], [69.3844629, 53.288985], [69.3843972, 53.2889782], [69.3843843, 53.2890226], [69.38445, 53.2890294]]]}}, {"type": "Feature", "properties": {"levels": 1.0, "addr": "Кулагер 3", "name": "", "type": "yes", "tagged": true}, "geometry": {"type": "Polygon", "coordinates": [[[69.397956, 53.2989196], [69.3980501, 53.2989861], [69.3981896, 53.2989156], [69.3980955, 53.2988491], [69.397956, 53.2989196]]]}}, {"type": "Feature", "properties": {"levels": 2, "addr": "Акбидай 11", "name": "", "type": "yes", "tagged": false}, "geometry": {"type": "Polygon", "coordinates": [[[69.3981116, 53.3000353], [69.3982537, 53.2999583], [69.3981461, 53.2998873], [69.3980039, 53.2999642], [69.3981116, 53.3000353]]]}}, {"type": "Feature", "properties": {"levels": 2, "addr": "Байдалы би 6а", "name": "", "type": "yes", "tagged": false}, "geometry": {"type": "Polygon", "coordinates": [[[69.3957043, 53.298466], [69.3956084, 53.2985188], [69.3957023, 53.2985797], [69.3957982, 53.2985269], [69.3957043, 53.298466]]]}}, {"type": "Feature", "properties": {"levels": 1.0, "addr": "Кулагер 24", "name": "", "type": "yes", "tagged": true}, "geometry": {"type": "Polygon", "coordinates": [[[69.3953476, 53.2997948], [69.395428, 53.299859], [69.395489, 53.2998317], [69.3954085, 53.2997675], [69.3953476, 53.2997948]]]}}, {"type": "Feature", "properties": {"levels": 1.0, "addr": "Байдалы би 7", "name": "", "type": "yes", "tagged": true}, "geometry": {"type": "Polygon", "coordinates": [[[69.3959055, 53.2990382], [69.396002, 53.2991168], [69.3961219, 53.2990642], [69.3960253, 53.2989856], [69.3959055, 53.2990382]]]}}, {"type": "Feature", "properties": {"levels": 1.0, "addr": "Кулагер 18", "name": "", "type": "yes", "tagged": true}, "geometry": {"type": "Polygon", "coordinates": [[[69.3958196, 53.2996105], [69.3959012, 53.2996662], [69.3960085, 53.2996101], [69.3959269, 53.2995544], [69.3958196, 53.2996105]]]}}, {"type": "Feature", "properties": {"levels": 1.0, "addr": "улица Магзи Абулкасымова 89", "name": "", "type": "yes", "tagged": true}, "geometry": {"type": "Polygon", "coordinates": [[[69.3831341, 53.2888893], [69.3832817, 53.2889053], [69.3833096, 53.2888135], [69.3831621, 53.2887974], [69.3831341, 53.2888893]]]}}, {"type": "Feature", "properties": {"levels": 1.0, "addr": "Байдалы би 5", "name": "", "type": "yes", "tagged": true}, "geometry": {"type": "Polygon", "coordinates": [[[69.3962649, 53.2988747], [69.3962107, 53.2988982], [69.3962885, 53.2989623], [69.3963427, 53.2989389], [69.3962649, 53.2988747]]]}}, {"type": "Feature", "properties": {"levels": 1.0, "addr": "улица Магзи Абулкасымова 132а/1", "name": "", "type": "yes", "tagged": true}, "geometry": {"type": "Polygon", "coordinates": [[[69.3828259, 53.2885375], [69.3834204, 53.2885967], [69.3834573, 53.2884643], [69.3830938, 53.2884282], [69.3832043, 53.2880314], [69.3829732, 53.2880084], [69.3828259, 53.2885375]]]}}, {"type": "Feature", "properties": {"levels": 1.0, "addr": "Кулагер 7", "name": "", "type": "yes", "tagged": true}, "geometry": {"type": "Polygon", "coordinates": [[[69.3974008, 53.2992258], [69.3975007, 53.2992894], [69.3976322, 53.2992157], [69.3975322, 53.2991521], [69.3974008, 53.2992258]]]}}, {"type": "Feature", "properties": {"levels": 2, "addr": "Байдалы би 2", "name": "", "type": "yes", "tagged": false}, "geometry": {"type": "Polygon", "coordinates": [[[69.3961013, 53.2983906], [69.3961879, 53.2984455], [69.3963811, 53.2983365], [69.3962944, 53.2982816], [69.3961013, 53.2983906]]]}}, {"type": "Feature", "properties": {"levels": 1.0, "addr": "Кулагер 15", "name": "", "type": "yes", "tagged": true}, "geometry": {"type": "Polygon", "coordinates": [[[69.3964486, 53.2997227], [69.3965801, 53.2998173], [69.3966741, 53.2997707], [69.3965426, 53.2996761], [69.3964486, 53.2997227]]]}}, {"type": "Feature", "properties": {"levels": 1.0, "addr": "улица Магзи Абулкасымова 91", "name": "", "type": "yes", "tagged": true}, "geometry": {"type": "Polygon", "coordinates": [[[69.3834506, 53.288846], [69.3834362, 53.2888927], [69.383581, 53.2889087], [69.3835955, 53.288862], [69.3834506, 53.288846]]]}}, {"type": "Feature", "properties": {"levels": 1.0, "addr": "Кулагер 8", "name": "", "type": "yes", "tagged": true}, "geometry": {"type": "Polygon", "coordinates": [[[69.3971607, 53.2989405], [69.3970645, 53.2989842], [69.3971584, 53.299058], [69.3972546, 53.2990142], [69.3971607, 53.2989405]]]}}, {"type": "Feature", "properties": {"levels": 1.0, "addr": "Кулагер 13", "name": "", "type": "yes", "tagged": true}, "geometry": {"type": "Polygon", "coordinates": [[[69.3967696, 53.2995652], [69.3966857, 53.2996135], [69.3968252, 53.2997], [69.3969091, 53.2996518], [69.3967696, 53.2995652]]]}}, {"type": "Feature", "properties": {"levels": 1.0, "addr": "Байдалы би 6", "name": "", "type": "yes", "tagged": true}, "geometry": {"type": "Polygon", "coordinates": [[[69.3958813, 53.2987208], [69.3959672, 53.2987946], [69.3960729, 53.2987506], [69.3959871, 53.2986769], [69.3958813, 53.2987208]]]}}, {"type": "Feature", "properties": {"levels": 1.0, "addr": "Акбидай 16", "name": "", "type": "yes", "tagged": true}, "geometry": {"type": "Polygon", "coordinates": [[[69.3976798, 53.2997644], [69.397756, 53.299814], [69.3978874, 53.2997419], [69.3978112, 53.2996923], [69.3976798, 53.2997644]]]}}, {"type": "Feature", "properties": {"levels": 1.0, "addr": "Кулагер 1", "name": "", "type": "yes", "tagged": true}, "geometry": {"type": "Polygon", "coordinates": [[[69.3983288, 53.2987609], [69.3982526, 53.2988011], [69.3983331, 53.2988556], [69.3984093, 53.2988154], [69.3983288, 53.2987609]]]}}, {"type": "Feature", "properties": {"levels": 2, "addr": "", "name": "", "type": "yes", "tagged": false}, "geometry": {"type": "Polygon", "coordinates": [[[69.3955515, 53.2985237], [69.3954781, 53.2985602], [69.395572, 53.2986275], [69.3956453, 53.298591], [69.3955515, 53.2985237]]]}}, {"type": "Feature", "properties": {"levels": 1.0, "addr": "Акбидай 14", "name": "", "type": "yes", "tagged": true}, "geometry": {"type": "Polygon", "coordinates": [[[69.3979104, 53.2995881], [69.3980361, 53.2996763], [69.3981622, 53.2996122], [69.3980365, 53.2995239], [69.3979104, 53.2995881]]]}}, {"type": "Feature", "properties": {"levels": 1.0, "addr": "Кулагер 12", "name": "", "type": "yes", "tagged": true}, "geometry": {"type": "Polygon", "coordinates": [[[69.3965733, 53.2993428], [69.3966699, 53.2992931], [69.396568, 53.2992224], [69.3964715, 53.2992721], [69.3965733, 53.2993428]]]}}, {"type": "Feature", "properties": {"levels": 1.0, "addr": "улица Калинина 21", "name": "", "type": "yes", "tagged": true}, "geometry": {"type": "Polygon", "coordinates": [[[69.3827747, 53.2888396], [69.3829491, 53.2888588], [69.3829741, 53.2887778], [69.3827998, 53.2887585], [69.3827747, 53.2888396]]]}}, {"type": "Feature", "properties": {"levels": 1.0, "addr": "улица Мирзояна 22", "name": "", "type": "yes", "tagged": true}, "geometry": {"type": "Polygon", "coordinates": [[[69.3750141, 53.2908566], [69.3751072, 53.2908681], [69.3751502, 53.2907447], [69.3750571, 53.2907331], [69.3750141, 53.2908566]]]}}, {"type": "Feature", "properties": {"levels": 3.0, "addr": "улица Исмаилова 3", "name": "", "type": "yes", "tagged": true}, "geometry": {"type": "Polygon", "coordinates": [[[69.399372, 53.2987793], [69.3992649, 53.29885], [69.3994634, 53.2989574], [69.3995704, 53.2988867], [69.399372, 53.2987793]]]}}, {"type": "Feature", "properties": {"levels": 3.0, "addr": "улица Исмаилова 17", "name": "", "type": "yes", "tagged": true}, "geometry": {"type": "Polygon", "coordinates": [[[69.3976352, 53.2979305], [69.3977502, 53.2979936], [69.3978739, 53.2979129], [69.3977589, 53.2978499], [69.3976352, 53.2979305]]]}}, {"type": "Feature", "properties": {"levels": 1.0, "addr": "улица Ахмета Байтурсынова 23", "name": "", "type": "yes", "tagged": true}, "geometry": {"type": "Polygon", "coordinates": [[[69.3743999, 53.290188], [69.374538, 53.2901989], [69.3745675, 53.2900659], [69.3744294, 53.2900549], [69.3743999, 53.290188]]]}}, {"type": "Feature", "properties": {"levels": 3.0, "addr": "улица Исмаилова 21", "name": "", "type": "yes", "tagged": true}, "geometry": {"type": "Polygon", "coordinates": [[[69.397131, 53.2976484], [69.3972879, 53.2977344], [69.3974099, 53.2976548], [69.397253, 53.2975689], [69.397131, 53.2976484]]]}}, {"type": "Feature", "properties": {"levels": 3.0, "addr": "улица Исмаилова 7", "name": "", "type": "yes", "tagged": true}, "geometry": {"type": "Polygon", "coordinates": [[[69.3988945, 53.2984956], [69.3987716, 53.2985758], [69.3988945, 53.2986431], [69.3990174, 53.298563], [69.3988945, 53.2984956]]]}}, {"type": "Feature", "properties": {"levels": 1.0, "addr": "Мадениет 10", "name": "", "type": "yes", "tagged": true}, "geometry": {"type": "Polygon", "coordinates": [[[69.4009424, 53.2951764], [69.4010871, 53.2952121], [69.401181, 53.2950758], [69.4010363, 53.2950402], [69.4009424, 53.2951764]]]}}, {"type": "Feature", "properties": {"levels": 2, "addr": "", "name": "", "type": "yes", "tagged": false}, "geometry": {"type": "Polygon", "coordinates": [[[69.378493, 53.2912189], [69.3785963, 53.2912328], [69.378658, 53.2910693], [69.3785547, 53.2910554], [69.378493, 53.2912189]]]}}, {"type": "Feature", "properties": {"levels": 1.0, "addr": "улица Юрия Гагарина 30", "name": "", "type": "yes", "tagged": true}, "geometry": {"type": "Polygon", "coordinates": [[[69.375391, 53.2888115], [69.375487, 53.2888216], [69.3755138, 53.2887302], [69.3754178, 53.2887201], [69.375391, 53.2888115]]]}}, {"type": "Feature", "properties": {"levels": 2, "addr": "улица Каныша Сатпаева 51", "name": "", "type": "yes", "tagged": false}, "geometry": {"type": "Polygon", "coordinates": [[[69.3843825, 53.2755596], [69.3843685, 53.2756388], [69.3845214, 53.2756484], [69.3845354, 53.2755692], [69.3843825, 53.2755596]]]}}, {"type": "Feature", "properties": {"levels": 1.0, "addr": "улица Юрия Гагарина 47Б", "name": "", "type": "yes", "tagged": true}, "geometry": {"type": "Polygon", "coordinates": [[[69.3786955, 53.2895443], [69.3788428, 53.2895622], [69.3788723, 53.2894756], [69.378725, 53.2894577], [69.3786955, 53.2895443]]]}}, {"type": "Feature", "properties": {"levels": 2, "addr": "улица Бауржана Момышулы 16", "name": "", "type": "yes", "tagged": false}, "geometry": {"type": "Polygon", "coordinates": [[[69.3758885, 53.2895627], [69.3759883, 53.2895723], [69.3760125, 53.2894825], [69.3759127, 53.2894729], [69.3758885, 53.2895627]]]}}, {"type": "Feature", "properties": {"levels": 3.0, "addr": "улица Исмаилова 14", "name": "", "type": "yes", "tagged": true}, "geometry": {"type": "Polygon", "coordinates": [[[69.3973415, 53.2981782], [69.3974711, 53.2982497], [69.3975998, 53.2981663], [69.3974703, 53.2980949], [69.3973415, 53.2981782]]]}}, {"type": "Feature", "properties": {"levels": 1.0, "addr": "Булкышева 4", "name": "", "type": "yes", "tagged": true}, "geometry": {"type": "Polygon", "coordinates": [[[69.3961681, 53.2969286], [69.3963209, 53.2970088], [69.3964126, 53.2969463], [69.3962597, 53.2968662], [69.3961681, 53.2969286]]]}}, {"type": "Feature", "properties": {"levels": 2, "addr": "улица Биржан сала 8", "name": "", "type": "yes", "tagged": false}, "geometry": {"type": "Polygon", "coordinates": [[[69.3776803, 53.2905552], [69.3777931, 53.29057], [69.3778333, 53.290461], [69.3777205, 53.2904461], [69.3776803, 53.2905552]]]}}, {"type": "Feature", "properties": {"levels": 3.0, "addr": "улица Исмаилова 10", "name": "", "type": "yes", "tagged": true}, "geometry": {"type": "Polygon", "coordinates": [[[69.3968104, 53.2980676], [69.3967037, 53.2981285], [69.3968191, 53.2982007], [69.3969258, 53.2981397], [69.3968104, 53.2980676]]]}}, {"type": "Feature", "properties": {"levels": 1.0, "addr": "улица Ахмета Байтурсынова 27", "name": "", "type": "yes", "tagged": true}, "geometry": {"type": "Polygon", "coordinates": [[[69.3746118, 53.2903066], [69.3747403, 53.2903174], [69.3747591, 53.2902372], [69.3746306, 53.2902265], [69.3746118, 53.2903066]]]}}, {"type": "Feature", "properties": {"levels": 3.0, "addr": "улица Исмаилова 19", "name": "", "type": "yes", "tagged": true}, "geometry": {"type": "Polygon", "coordinates": [[[69.397367, 53.2977863], [69.3975102, 53.2978647], [69.3976379, 53.2977815], [69.3974947, 53.297703], [69.397367, 53.2977863]]]}}, {"type": "Feature", "properties": {"levels": 2, "addr": "", "name": "", "type": "yes", "tagged": false}, "geometry": {"type": "Polygon", "coordinates": [[[69.3764304, 53.2907812], [69.3764438, 53.2907107], [69.3763404, 53.2907037], [69.376327, 53.2907742], [69.3764304, 53.2907812]]]}}, {"type": "Feature", "properties": {"levels": 1.0, "addr": "улица Бауржана Момышулы 12", "name": "", "type": "yes", "tagged": true}, "geometry": {"type": "Polygon", "coordinates": [[[69.3756579, 53.2903163], [69.375792, 53.2903371], [69.3758317, 53.2902458], [69.3756976, 53.2902249], [69.3756579, 53.2903163]]]}}, {"type": "Feature", "properties": {"levels": 3.0, "addr": "улица Исмаилова 25", "name": "", "type": "yes", "tagged": true}, "geometry": {"type": "Polygon", "coordinates": [[[69.3975306, 53.2974272], [69.3976481, 53.2974915], [69.397764, 53.297416], [69.3976465, 53.2973516], [69.3975306, 53.2974272]]]}}, {"type": "Feature", "properties": {"levels": 1.0, "addr": "улица Осипенко 16/5", "name": "", "type": "yes", "tagged": true}, "geometry": {"type": "Polygon", "coordinates": [[[69.3794801, 53.2907291], [69.3796254, 53.2907455], [69.3796523, 53.2906605], [69.3795069, 53.2906441], [69.3794801, 53.2907291]]]}}, {"type": "Feature", "properties": {"levels": 1.0, "addr": "улица Биржан сала 2", "name": "", "type": "yes", "tagged": true}, "geometry": {"type": "Polygon", "coordinates": [[[69.3774845, 53.2912782], [69.3775408, 53.2911532], [69.3774477, 53.2911382], [69.3773913, 53.2912633], [69.3774845, 53.2912782]]]}}, {"type": "Feature", "properties": {"levels": 1.0, "addr": "улица Юрия Гагарина 24", "name": "", "type": "yes", "tagged": true}, "geometry": {"type": "Polygon", "coordinates": [[[69.372851, 53.2884239], [69.3735172, 53.2884942], [69.3735612, 53.2883503], [69.3731462, 53.2883059], [69.3732647, 53.2879063], [69.3734671, 53.2879278], [69.3735142, 53.2877691], [69.3730607, 53.287721], [69.372851, 53.2884239]]]}}, {"type": "Feature", "properties": {"levels": 2, "addr": "", "name": "", "type": "yes", "tagged": false}, "geometry": {"type": "Polygon", "coordinates": [[[69.3728657, 53.2906273], [69.3729236, 53.2906641], [69.3730121, 53.2906144], [69.3729542, 53.2905776], [69.3728657, 53.2906273]]]}}, {"type": "Feature", "properties": {"levels": 1.0, "addr": "улица Свердлова 1", "name": "", "type": "yes", "tagged": true}, "geometry": {"type": "Polygon", "coordinates": [[[69.4005407, 53.2957311], [69.4007646, 53.2957797], [69.4009957, 53.2953995], [69.4007716, 53.2953508], [69.4005407, 53.2957311]]]}}, {"type": "Feature", "properties": {"levels": 2, "addr": "улица Ахмета Байтурсынова 44/1", "name": "", "type": "yes", "tagged": false}, "geometry": {"type": "Polygon", "coordinates": [[[69.3784174, 53.2902906], [69.3788748, 53.2903464], [69.3789471, 53.290104], [69.3784897, 53.2900593], [69.3784174, 53.2902906]]]}}, {"type": "Feature", "properties": {"levels": 3.0, "addr": "Байдалы би 1а/2", "name": "", "type": "yes", "tagged": true}, "geometry": {"type": "Polygon", "coordinates": [[[69.3971109, 53.29847], [69.3971975, 53.2985295], [69.3973209, 53.2984654], [69.3972342, 53.2984058], [69.3971109, 53.29847]]]}}, {"type": "Feature", "properties": {"levels": 2, "addr": "улица Бауржана Момышулы 14", "name": "", "type": "yes", "tagged": false}, "geometry": {"type": "Polygon", "coordinates": [[[69.3758376, 53.289731], [69.3759524, 53.2897433], [69.3759739, 53.2896711], [69.375859, 53.2896589], [69.3758376, 53.289731]]]}}, {"type": "Feature", "properties": {"levels": 1.0, "addr": "улица Ахмета Байтурсынова 37", "name": "", "type": "yes", "tagged": true}, "geometry": {"type": "Polygon", "coordinates": [[[69.3769105, 53.2904509], [69.37694, 53.2903644], [69.3768032, 53.2903477], [69.3767737, 53.2904343], [69.3769105, 53.2904509]]]}}, {"type": "Feature", "properties": {"levels": 1.0, "addr": "улица Юрия Гагарина 39", "name": "", "type": "yes", "tagged": true}, "geometry": {"type": "Polygon", "coordinates": [[[69.3770499, 53.2892853], [69.3770251, 53.2893732], [69.3771994, 53.2893908], [69.3772243, 53.289303], [69.3770499, 53.2892853]]]}}, {"type": "Feature", "properties": {"levels": 1.0, "addr": "улица Свердлова 7", "name": "", "type": "yes", "tagged": true}, "geometry": {"type": "Polygon", "coordinates": [[[69.3990461, 53.2955323], [69.399242, 53.2955765], [69.3993734, 53.2953681], [69.3991775, 53.2953239], [69.3990461, 53.2955323]]]}}, {"type": "Feature", "properties": {"levels": 1.0, "addr": "улица Биржан сала 4", "name": "", "type": "yes", "tagged": true}, "geometry": {"type": "Polygon", "coordinates": [[[69.3772162, 53.2910009], [69.3774094, 53.2910105], [69.3774217, 53.2909221], [69.3772286, 53.2909125], [69.3772162, 53.2910009]]]}}, {"type": "Feature", "properties": {"levels": 3.0, "addr": "улица Исмаилова 33", "name": "", "type": "yes", "tagged": true}, "geometry": {"type": "Polygon", "coordinates": [[[69.3984345, 53.2979386], [69.3986123, 53.298036], [69.3987322, 53.2979578], [69.3985544, 53.2978604], [69.3984345, 53.2979386]]]}}, {"type": "Feature", "properties": {"levels": 2, "addr": "улица Исмаилова 10а", "name": "", "type": "yes", "tagged": false}, "geometry": {"type": "Polygon", "coordinates": [[[69.3966093, 53.2981413], [69.3967193, 53.2980836], [69.3966237, 53.2980186], [69.3965137, 53.2980763], [69.3966093, 53.2981413]]]}}, {"type": "Feature", "properties": {"levels": 1.0, "addr": "улица Свердлова 8", "name": "", "type": "yes", "tagged": true}, "geometry": {"type": "Polygon", "coordinates": [[[69.3988422, 53.2958001], [69.3989832, 53.2958306], [69.3990851, 53.2956622], [69.3989441, 53.2956317], [69.3988422, 53.2958001]]]}}, {"type": "Feature", "properties": {"levels": 2, "addr": "", "name": "", "type": "yes", "tagged": false}, "geometry": {"type": "Polygon", "coordinates": [[[69.374306, 53.2905984], [69.3742848, 53.2906654], [69.3744833, 53.2906879], [69.3745045, 53.2906209], [69.374306, 53.2905984]]]}}, {"type": "Feature", "properties": {"levels": 3.0, "addr": "улица Исмаилова 13", "name": "", "type": "yes", "tagged": true}, "geometry": {"type": "Polygon", "coordinates": [[[69.3980322, 53.298155], [69.3981822, 53.2982372], [69.3983058, 53.2981566], [69.3981558, 53.2980744], [69.3980322, 53.298155]]]}}, {"type": "Feature", "properties": {"levels": 3.0, "addr": "улица Исмаилова 39", "name": "", "type": "yes", "tagged": true}, "geometry": {"type": "Polygon", "coordinates": [[[69.3992271, 53.2982632], [69.3991392, 53.2983205], [69.3992861, 53.298401], [69.3993741, 53.2983437], [69.3992271, 53.2982632]]]}}, {"type": "Feature", "properties": {"levels": 2, "addr": "улица Калинина 100а", "name": "", "type": "yes", "tagged": false}, "geometry": {"type": "Polygon", "coordinates": [[[69.3855734, 53.2757713], [69.3855591, 53.2758311], [69.3857281, 53.2758455], [69.3857423, 53.2757858], [69.3855734, 53.2757713]]]}}, {"type": "Feature", "properties": {"levels": 2, "addr": "улица Юрия Гагарина 31", "name": "", "type": "yes", "tagged": false}, "geometry": {"type": "Polygon", "coordinates": [[[69.374982, 53.2891138], [69.3751679, 53.2891409], [69.3751974, 53.2890688], [69.3750115, 53.2890416], [69.374982, 53.2891138]]]}}, {"type": "Feature", "properties": {"levels": 2, "addr": "", "name": "", "type": "yes", "tagged": false}, "geometry": {"type": "Polygon", "coordinates": [[[69.373091, 53.2907796], [69.3732369, 53.2907982], [69.3732905, 53.2906475], [69.3731446, 53.2906289], [69.373091, 53.2907796]]]}}, {"type": "Feature", "properties": {"levels": 2, "addr": "", "name": "", "type": "yes", "tagged": false}, "geometry": {"type": "Polygon", "coordinates": [[[69.3791206, 53.2909111], [69.3792695, 53.2909232], [69.3792936, 53.2908174], [69.3791447, 53.2908053], [69.3791206, 53.2909111]]]}}, {"type": "Feature", "properties": {"levels": 1.0, "addr": "улица Свердлова 2", "name": "", "type": "yes", "tagged": true}, "geometry": {"type": "Polygon", "coordinates": [[[69.4003577, 53.2961111], [69.4004984, 53.2961419], [69.4005976, 53.29598], [69.4004569, 53.2959492], [69.4003577, 53.2961111]]]}}, {"type": "Feature", "properties": {"levels": 1.0, "addr": "улица Свердлова 3", "name": "", "type": "yes", "tagged": true}, "geometry": {"type": "Polygon", "coordinates": [[[69.4002772, 53.2955195], [69.4004242, 53.2955541], [69.400553, 53.2953585], [69.4004059, 53.2953239], [69.4002772, 53.2955195]]]}}, {"type": "Feature", "properties": {"levels": 2, "addr": "улица Бауржана Момышулы 15", "name": "", "type": "yes", "tagged": false}, "geometry": {"type": "Polygon", "coordinates": [[[69.3767469, 53.2896156], [69.3767629, 53.289537], [69.3766461, 53.2895285], [69.37663, 53.2896071], [69.3767469, 53.2896156]]]}}, {"type": "Feature", "properties": {"levels": 2, "addr": "улица Калинина 107", "name": "", "type": "yes", "tagged": false}, "geometry": {"type": "Polygon", "coordinates": [[[69.3863109, 53.2757087], [69.3862958, 53.2757593], [69.3864916, 53.2757802], [69.3865067, 53.2757296], [69.3863109, 53.2757087]]]}}, {"type": "Feature", "properties": {"levels": 1.0, "addr": "Мадениет 12", "name": "", "type": "yes", "tagged": true}, "geometry": {"type": "Polygon", "coordinates": [[[69.4005427, 53.2950899], [69.4006986, 53.2951267], [69.4007844, 53.2949968], [69.4006286, 53.29496], [69.4005427, 53.2950899]]]}}, {"type": "Feature", "properties": {"levels": 2, "addr": "улица Магзи Абулкасымова 78", "name": "", "type": "yes", "tagged": false}, "geometry": {"type": "Polygon", "coordinates": [[[69.3714039, 53.2872939], [69.3715165, 53.2873053], [69.371546, 53.2872011], [69.3714334, 53.2871897], [69.3714039, 53.2872939]]]}}, {"type": "Feature", "properties": {"levels": 1.0, "addr": "Мадениет 8", "name": "", "type": "yes", "tagged": true}, "geometry": {"type": "Polygon", "coordinates": [[[69.4013233, 53.2952726], [69.4014595, 53.2953072], [69.4015426, 53.2951902], [69.4014064, 53.2951556], [69.4013233, 53.2952726]]]}}, {"type": "Feature", "properties": {"levels": 1.0, "addr": "улица Бауржана Момышулы 4", "name": "", "type": "yes", "tagged": true}, "geometry": {"type": "Polygon", "coordinates": [[[69.375336, 53.2909512], [69.3754114, 53.2909609], [69.3754329, 53.2909016], [69.3753575, 53.2908919], [69.375336, 53.2909512]]]}}, {"type": "Feature", "properties": {"levels": 2, "addr": "улица Ахмета Байтурсынова 22", "name": "", "type": "yes", "tagged": false}, "geometry": {"type": "Polygon", "coordinates": [[[69.3747996, 53.289816], [69.3749366, 53.2898305], [69.3749742, 53.2897039], [69.3748371, 53.2896894], [69.3747996, 53.289816]]]}}, {"type": "Feature", "properties": {"levels": 2, "addr": "", "name": "", "type": "yes", "tagged": false}, "geometry": {"type": "Polygon", "coordinates": [[[69.377235, 53.2904958], [69.3773097, 53.2905042], [69.3773419, 53.2904016], [69.3772672, 53.2903932], [69.377235, 53.2904958]]]}}, {"type": "Feature", "properties": {"levels": 3.0, "addr": "улица Исмаилова 31", "name": "", "type": "yes", "tagged": true}, "geometry": {"type": "Polygon", "coordinates": [[[69.3981985, 53.2978071], [69.3983532, 53.2978919], [69.3984882, 53.2978039], [69.3983334, 53.2977191], [69.3981985, 53.2978071]]]}}, {"type": "Feature", "properties": {"levels": 1.0, "addr": "улица Биржан сала 13", "name": "", "type": "yes", "tagged": true}, "geometry": {"type": "Polygon", "coordinates": [[[69.3786485, 53.2908502], [69.3788443, 53.2908822], [69.3788715, 53.290823], [69.3786757, 53.2907909], [69.3786485, 53.2908502]]]}}, {"type": "Feature", "properties": {"levels": 1.0, "addr": "улица Бауржана Момышулы 30", "name": "", "type": "yes", "tagged": true}, "geometry": {"type": "Polygon", "coordinates": [[[69.3762225, 53.2882439], [69.3763754, 53.2882632], [69.3763978, 53.2881995], [69.3762449, 53.2881802], [69.3762225, 53.2882439]]]}}, {"type": "Feature", "properties": {"levels": 3.0, "addr": "улица Исмаилова 5", "name": "", "type": "yes", "tagged": true}, "geometry": {"type": "Polygon", "coordinates": [[[69.3989723, 53.2986864], [69.3991011, 53.2987569], [69.3992243, 53.2986765], [69.3990956, 53.298606], [69.3989723, 53.2986864]]]}}, {"type": "Feature", "properties": {"levels": 1.0, "addr": "улица Косшигулова 83", "name": "", "type": "yes", "tagged": true}, "geometry": {"type": "Polygon", "coordinates": [[[69.3848733, 53.275412], [69.3848481, 53.2755023], [69.384993, 53.2755167], [69.3850181, 53.2754265], [69.3848733, 53.275412]]]}}, {"type": "Feature", "properties": {"levels": 3.0, "addr": "улица Исмаилова 12", "name": "", "type": "yes", "tagged": true}, "geometry": {"type": "Polygon", "coordinates": [[[69.3977358, 53.2983722], [69.3978243, 53.2984251], [69.3979289, 53.2983626], [69.3978404, 53.2983097], [69.3977358, 53.2983722]]]}}, {"type": "Feature", "properties": {"levels": 1.0, "addr": "улица Бауржана Момышулы 10", "name": "", "type": "yes", "tagged": true}, "geometry": {"type": "Polygon", "coordinates": [[[69.3757142, 53.2905888], [69.3757383, 53.290499], [69.3755856, 53.2904844], [69.3755615, 53.2905742], [69.3757142, 53.2905888]]]}}, {"type": "Feature", "properties": {"levels": 1.0, "addr": "улица Бауржана Момышулы 1", "name": "", "type": "yes", "tagged": true}, "geometry": {"type": "Polygon", "coordinates": [[[69.3763714, 53.2911772], [69.3765162, 53.2911868], [69.376527, 53.2911288], [69.3763822, 53.2911191], [69.3763714, 53.2911772]]]}}, {"type": "Feature", "properties": {"levels": 1.0, "addr": "Булкышева 2", "name": "", "type": "yes", "tagged": true}, "geometry": {"type": "Polygon", "coordinates": [[[69.3957684, 53.2973342], [69.3959481, 53.2972172], [69.39583, 53.2971524], [69.3956503, 53.2972694], [69.3957684, 53.2973342]]]}}, {"type": "Feature", "properties": {"levels": 2, "addr": "", "name": "", "type": "yes", "tagged": false}, "geometry": {"type": "Polygon", "coordinates": [[[69.3994994, 53.2960373], [69.399629, 53.2960692], [69.3997229, 53.295933], [69.3995932, 53.2959011], [69.3994994, 53.2960373]]]}}, {"type": "Feature", "properties": {"levels": 1.0, "addr": "улица Свердлова 9", "name": "", "type": "yes", "tagged": true}, "geometry": {"type": "Polygon", "coordinates": [[[69.3985928, 53.2953897], [69.3987543, 53.2954257], [69.3988455, 53.2952798], [69.398684, 53.2952438], [69.3985928, 53.2953897]]]}}, {"type": "Feature", "properties": {"levels": 2, "addr": "улица Юрия Гагарина 47а", "name": "", "type": "yes", "tagged": false}, "geometry": {"type": "Polygon", "coordinates": [[[69.3784876, 53.2896846], [69.378607, 53.2896984], [69.3786419, 53.289591], [69.3785225, 53.2895771], [69.3784876, 53.2896846]]]}}, {"type": "Feature", "properties": {"levels": 2, "addr": "", "name": "", "type": "yes", "tagged": false}, "geometry": {"type": "Polygon", "coordinates": [[[69.3751456, 53.2909848], [69.375221, 53.2909946], [69.3752478, 53.2909209], [69.3751724, 53.2909111], [69.3751456, 53.2909848]]]}}, {"type": "Feature", "properties": {"levels": 1.0, "addr": "улица Свердлова 15/3", "name": "", "type": "yes", "tagged": true}, "geometry": {"type": "Polygon", "coordinates": [[[69.3992338, 53.2952053], [69.3994348, 53.2952476], [69.3995179, 53.2951065], [69.399317, 53.2950642], [69.3992338, 53.2952053]]]}}, {"type": "Feature", "properties": {"levels": 2, "addr": "улица Ахмета Байтурсынова 24", "name": "", "type": "yes", "tagged": false}, "geometry": {"type": "Polygon", "coordinates": [[[69.375108, 53.2898561], [69.3752542, 53.2898719], [69.3752837, 53.2897741], [69.3751375, 53.2897583], [69.375108, 53.2898561]]]}}, {"type": "Feature", "properties": {"levels": 2, "addr": "Сагдиева 10", "name": "", "type": "yes", "tagged": false}, "geometry": {"type": "Polygon", "coordinates": [[[69.3736587, 53.2895331], [69.3739099, 53.289564], [69.3740457, 53.2891687], [69.3737946, 53.2891379], [69.3737636, 53.2892279], [69.3738062, 53.2892331], [69.3737339, 53.2894435], [69.3736913, 53.2894383], [69.3736587, 53.2895331]]]}}, {"type": "Feature", "properties": {"levels": 2, "addr": "", "name": "", "type": "yes", "tagged": false}, "geometry": {"type": "Polygon", "coordinates": [[[69.3987054, 53.2973679], [69.3987855, 53.2974104], [69.3988713, 53.2973527], [69.3987913, 53.2973102], [69.3987054, 53.2973679]]]}}, {"type": "Feature", "properties": {"levels": 3.0, "addr": "улица Исмаилова 9", "name": "", "type": "yes", "tagged": true}, "geometry": {"type": "Polygon", "coordinates": [[[69.39857, 53.2984636], [69.3986787, 53.2985231], [69.3988167, 53.2984331], [69.398708, 53.2983735], [69.39857, 53.2984636]]]}}, {"type": "Feature", "properties": {"levels": 1.0, "addr": "улица Ахмета Байтурсынова 33", "name": "", "type": "yes", "tagged": true}, "geometry": {"type": "Polygon", "coordinates": [[[69.375336, 53.2903082], [69.3753843, 53.2901784], [69.3752826, 53.2901649], [69.3752343, 53.2902947], [69.375336, 53.2903082]]]}}, {"type": "Feature", "properties": {"levels": 1.0, "addr": "улица Косшигулова 85", "name": "", "type": "yes", "tagged": true}, "geometry": {"type": "Polygon", "coordinates": [[[69.385323, 53.2754289], [69.3854756, 53.2754415], [69.385498, 53.2753444], [69.3853453, 53.2753318], [69.385323, 53.2754289]]]}}, {"type": "Feature", "properties": {"levels": 1.0, "addr": "Кулагер 4", "name": "", "type": "yes", "tagged": true}, "geometry": {"type": "Polygon", "coordinates": [[[69.3977921, 53.2986559], [69.3978818, 53.2987138], [69.3979918, 53.2986528], [69.3979021, 53.298595], [69.3977921, 53.2986559]]]}}, {"type": "Feature", "properties": {"levels": 2, "addr": "улица Юрия Гагарина 33", "name": "", "type": "yes", "tagged": false}, "geometry": {"type": "Polygon", "coordinates": [[[69.3755881, 53.2891138], [69.3755666, 53.2891715], [69.3757945, 53.2892019], [69.3758161, 53.2891442], [69.3755881, 53.2891138]]]}}, {"type": "Feature", "properties": {"levels": 2, "addr": "улица Тлеулина 4", "name": "", "type": "yes", "tagged": false}, "geometry": {"type": "Polygon", "coordinates": [[[69.3727799, 53.2904333], [69.372687, 53.2904862], [69.3727943, 53.2905535], [69.3728872, 53.2905006], [69.3727799, 53.2904333]]]}}, {"type": "Feature", "properties": {"levels": 1.0, "addr": "улица Свердлова 6", "name": "", "type": "yes", "tagged": true}, "geometry": {"type": "Polygon", "coordinates": [[[69.3994886, 53.2956975], [69.3993895, 53.2958236], [69.3995665, 53.2958733], [69.3996657, 53.2957472], [69.3994886, 53.2956975]]]}}, {"type": "Feature", "properties": {"levels": 1.0, "addr": "улица Куйбышева 17", "name": "", "type": "yes", "tagged": true}, "geometry": {"type": "Polygon", "coordinates": [[[69.374809, 53.2887153], [69.3749833, 53.2887346], [69.3750086, 53.2886528], [69.3748342, 53.2886335], [69.374809, 53.2887153]]]}}, {"type": "Feature", "properties": {"levels": 1.0, "addr": "улица Свердлова 15", "name": "", "type": "yes", "tagged": true}, "geometry": {"type": "Polygon", "coordinates": [[[69.3988047, 53.2950979], [69.3989418, 53.2951259], [69.3990169, 53.2949944], [69.3988798, 53.2949664], [69.3988047, 53.2950979]]]}}, {"type": "Feature", "properties": {"levels": 1.0, "addr": "улица Биржан сала 6", "name": "", "type": "yes", "tagged": true}, "geometry": {"type": "Polygon", "coordinates": [[[69.3777285, 53.2908037], [69.3777527, 53.2906802], [69.3775883, 53.2906687], [69.3775642, 53.2907922], [69.3777285, 53.2908037]]]}}, {"type": "Feature", "properties": {"levels": 3.0, "addr": "улица Исмаилова 27", "name": "", "type": "yes", "tagged": true}, "geometry": {"type": "Polygon", "coordinates": [[[69.3977425, 53.2975618], [69.3978811, 53.2976378], [69.3980295, 53.297541], [69.3978909, 53.2974651], [69.3977425, 53.2975618]]]}}, {"type": "Feature", "properties": {"levels": 1.0, "addr": "улица Каныша Сатпаева 49", "name": "", "type": "yes", "tagged": true}, "geometry": {"type": "Polygon", "coordinates": [[[69.3843368, 53.2757841], [69.3843208, 53.2758512], [69.3845649, 53.2758721], [69.3845809, 53.2758049], [69.3843368, 53.2757841]]]}}, {"type": "Feature", "properties": {"levels": 2, "addr": "", "name": "", "type": "yes", "tagged": false}, "geometry": {"type": "Polygon", "coordinates": [[[69.3794773, 53.291041], [69.3796298, 53.2910596], [69.3796567, 53.290981], [69.3795042, 53.2909624], [69.3794773, 53.291041]]]}}, {"type": "Feature", "properties": {"levels": 3.0, "addr": "улица Исмаилова 18", "name": "", "type": "yes", "tagged": true}, "geometry": {"type": "Polygon", "coordinates": [[[69.3968614, 53.2977759], [69.3967923, 53.2978223], [69.3969371, 53.2978993], [69.3970062, 53.2978528], [69.3968614, 53.2977759]]]}}, {"type": "Feature", "properties": {"levels": 2, "addr": "", "name": "", "type": "yes", "tagged": false}, "geometry": {"type": "Polygon", "coordinates": [[[69.398743, 53.2972685], [69.398851, 53.2973236], [69.398977, 53.2972355], [69.398869, 53.2971803], [69.398743, 53.2972685]]]}}, {"type": "Feature", "properties": {"levels": 3.0, "addr": "улица Исмаилова 15", "name": "", "type": "yes", "tagged": true}, "geometry": {"type": "Polygon", "coordinates": [[[69.3978257, 53.298046], [69.3979916, 53.2981369], [69.3981261, 53.2980492], [69.3979602, 53.2979583], [69.3978257, 53.298046]]]}}, {"type": "Feature", "properties": {"levels": 2, "addr": "", "name": "", "type": "yes", "tagged": false}, "geometry": {"type": "Polygon", "coordinates": [[[69.376661, 53.2909239], [69.3767998, 53.2909377], [69.3768293, 53.2908319], [69.3766905, 53.2908181], [69.376661, 53.2909239]]]}}, {"type": "Feature", "properties": {"levels": 1.0, "addr": "улица Свердлова 5", "name": "", "type": "yes", "tagged": true}, "geometry": {"type": "Polygon", "coordinates": [[[69.3998051, 53.295683], [69.3998883, 53.2955468], [69.3997737, 53.2955218], [69.3996906, 53.2956581], [69.3998051, 53.295683]]]}}, {"type": "Feature", "properties": {"levels": 2, "addr": "улица Юрия Гагарина 35", "name": "", "type": "yes", "tagged": false}, "geometry": {"type": "Polygon", "coordinates": [[[69.3759127, 53.2891619], [69.3758954, 53.2892187], [69.3761019, 53.2892412], [69.3761192, 53.2891843], [69.3759127, 53.2891619]]]}}, {"type": "Feature", "properties": {"levels": 1.0, "addr": "Мадениет 16", "name": "", "type": "yes", "tagged": true}, "geometry": {"type": "Polygon", "coordinates": [[[69.3994886, 53.2948286], [69.3996243, 53.2948603], [69.3997021, 53.2947417], [69.3995664, 53.2947099], [69.3994886, 53.2948286]]]}}, {"type": "Feature", "properties": {"levels": 1.0, "addr": "улица Ахмета Байтурсынова 32", "name": "", "type": "yes", "tagged": true}, "geometry": {"type": "Polygon", "coordinates": [[[69.3777312, 53.29018], [69.3779082, 53.2901992], [69.3779383, 53.2901005], [69.3777613, 53.2900812], [69.3777312, 53.29018]]]}}, {"type": "Feature", "properties": {"levels": 2, "addr": "", "name": "", "type": "yes", "tagged": false}, "geometry": {"type": "Polygon", "coordinates": [[[69.3972476, 53.2986062], [69.3974247, 53.2985068], [69.3973514, 53.2984602], [69.3971744, 53.2985596], [69.3972476, 53.2986062]]]}}, {"type": "Feature", "properties": {"levels": 1.0, "addr": "улица Биржан сала 9", "name": "", "type": "yes", "tagged": true}, "geometry": {"type": "Polygon", "coordinates": [[[69.3782489, 53.2910137], [69.3782261, 53.2910809], [69.3783977, 53.2911017], [69.3784206, 53.2910345], [69.3782489, 53.2910137]]]}}, {"type": "Feature", "properties": {"levels": 3.0, "addr": "улица Исмаилова 35", "name": "", "type": "yes", "tagged": true}, "geometry": {"type": "Polygon", "coordinates": [[[69.3986813, 53.2980941], [69.3988026, 53.2981605], [69.3989415, 53.29807], [69.3988201, 53.2980035], [69.3986813, 53.2980941]]]}}, {"type": "Feature", "properties": {"levels": 1.0, "addr": "улица Юрия Гагарина 28", "name": "", "type": "yes", "tagged": true}, "geometry": {"type": "Polygon", "coordinates": [[[69.375112, 53.2887618], [69.3752864, 53.2887843], [69.3753125, 53.2887119], [69.3751381, 53.2886895], [69.375112, 53.2887618]]]}}, {"type": "Feature", "properties": {"levels": 1.0, "addr": "улица Свердлова 10", "name": "", "type": "yes", "tagged": true}, "geometry": {"type": "Polygon", "coordinates": [[[69.3985686, 53.2956991], [69.3986464, 53.295582], [69.3984942, 53.2955459], [69.3984164, 53.2956629], [69.3985686, 53.2956991]]]}}, {"type": "Feature", "properties": {"levels": 2, "addr": "", "name": "", "type": "yes", "tagged": false}, "geometry": {"type": "Polygon", "coordinates": [[[69.3746963, 53.2908366], [69.3748139, 53.2908453], [69.37483, 53.2907684], [69.3747124, 53.2907596], [69.3746963, 53.2908366]]]}}, {"type": "Feature", "properties": {"levels": 2, "addr": "улица Калинина 102", "name": "", "type": "yes", "tagged": false}, "geometry": {"type": "Polygon", "coordinates": [[[69.3853909, 53.2756301], [69.3853733, 53.2756933], [69.3855181, 53.2757078], [69.3855358, 53.2756446], [69.3853909, 53.2756301]]]}}, {"type": "Feature", "properties": {"levels": 1.0, "addr": "улица Магзи Абулкасымова 59", "name": "", "type": "yes", "tagged": true}, "geometry": {"type": "Polygon", "coordinates": [[[69.376201, 53.2881012], [69.3762252, 53.2880194], [69.3761028, 53.2880065], [69.3760786, 53.2880883], [69.376201, 53.2881012]]]}}, {"type": "Feature", "properties": {"levels": 2, "addr": "", "name": "", "type": "yes", "tagged": false}, "geometry": {"type": "Polygon", "coordinates": [[[69.3753601, 53.2892019], [69.3754031, 53.2890865], [69.3752682, 53.2890686], [69.3752253, 53.289184], [69.3753601, 53.2892019]]]}}, {"type": "Feature", "properties": {"levels": 2, "addr": "", "name": "", "type": "yes", "tagged": false}, "geometry": {"type": "Polygon", "coordinates": [[[69.3765242, 53.2906353], [69.3765073, 53.2906891], [69.376679, 53.2907084], [69.3766959, 53.2906546], [69.3765242, 53.2906353]]]}}, {"type": "Feature", "properties": {"levels": 1.0, "addr": "улица Бауржана Момышулы 8", "name": "", "type": "yes", "tagged": true}, "geometry": {"type": "Polygon", "coordinates": [[[69.375505, 53.290669], [69.375484, 53.2907371], [69.3756583, 53.2907563], [69.3756793, 53.2906882], [69.375505, 53.290669]]]}}, {"type": "Feature", "properties": {"levels": 2, "addr": "", "name": "", "type": "yes", "tagged": false}, "geometry": {"type": "Polygon", "coordinates": [[[69.400465, 53.2952502], [69.4006313, 53.2952935], [69.4006644, 53.2952479], [69.4004981, 53.2952047], [69.400465, 53.2952502]]]}}, {"type": "Feature", "properties": {"levels": 1.0, "addr": "улица Бауржана Момышулы 5а", "name": "", "type": "yes", "tagged": true}, "geometry": {"type": "Polygon", "coordinates": [[[69.3762909, 53.2906001], [69.3763989, 53.2906087], [69.376415, 53.2905365], [69.376307, 53.2905279], [69.3762909, 53.2906001]]]}}, {"type": "Feature", "properties": {"levels": 2, "addr": "", "name": "", "type": "yes", "tagged": false}, "geometry": {"type": "Polygon", "coordinates": [[[69.3862627, 53.2758932], [69.3862469, 53.2759453], [69.3864401, 53.2759661], [69.3864558, 53.275914], [69.3862627, 53.2758932]]]}}, {"type": "Feature", "properties": {"levels": 1.0, "addr": "Мадениет 14", "name": "", "type": "yes", "tagged": true}, "geometry": {"type": "Polygon", "coordinates": [[[69.4001324, 53.2949937], [69.4002725, 53.2950252], [69.4003583, 53.2948889], [69.4002182, 53.2948574], [69.4001324, 53.2949937]]]}}, {"type": "Feature", "properties": {"levels": 2, "addr": "улица Зарапа Темирбекова 19", "name": "", "type": "yes", "tagged": false}, "geometry": {"type": "Polygon", "coordinates": [[[69.3711384, 53.2872634], [69.3712698, 53.2872795], [69.3712958, 53.2872034], [69.3711643, 53.2871873], [69.3711384, 53.2872634]]]}}, {"type": "Feature", "properties": {"levels": 2, "addr": "", "name": "", "type": "yes", "tagged": false}, "geometry": {"type": "Polygon", "coordinates": [[[69.3756096, 53.2904028], [69.3757464, 53.2904205], [69.3757609, 53.2903802], [69.3756241, 53.2903626], [69.3756096, 53.2904028]]]}}, {"type": "Feature", "properties": {"levels": 1.0, "addr": "Булкышева 6", "name": "", "type": "yes", "tagged": true}, "geometry": {"type": "Polygon", "coordinates": [[[69.3968574, 53.2967731], [69.3967662, 53.2966689], [69.3966375, 53.2967092], [69.3967287, 53.2968134], [69.3968574, 53.2967731]]]}}, {"type": "Feature", "properties": {"levels": 2, "addr": "улица Тлеулина 26", "name": "", "type": "yes", "tagged": false}, "geometry": {"type": "Polygon", "coordinates": [[[69.3765913, 53.2912061], [69.3767924, 53.2912157], [69.3768027, 53.291139], [69.3766016, 53.2911294], [69.3765913, 53.2912061]]]}}, {"type": "Feature", "properties": {"levels": 1.0, "addr": "улица Ахмета Байтурсынова 28", "name": "", "type": "yes", "tagged": true}, "geometry": {"type": "Polygon", "coordinates": [[[69.3774362, 53.2900309], [69.3775975, 53.2900489], [69.377627, 53.2899543], [69.3774657, 53.2899363], [69.3774362, 53.2900309]]]}}, {"type": "Feature", "properties": {"levels": 2, "addr": "улица Ахмета Байтурсынова 47", "name": "", "type": "yes", "tagged": false}, "geometry": {"type": "Polygon", "coordinates": [[[69.3785882, 53.2906682], [69.3787172, 53.2906824], [69.378744, 53.2905959], [69.378615, 53.2905816], [69.3785882, 53.2906682]]]}}, {"type": "Feature", "properties": {"levels": 2, "addr": "улица Сулейменова у2", "name": "", "type": "yes", "tagged": false}, "geometry": {"type": "Polygon", "coordinates": [[[69.399891, 53.2975186], [69.399821, 53.2976134], [69.4000034, 53.2976615], [69.4000734, 53.2975667], [69.399891, 53.2975186]]]}}, {"type": "Feature", "properties": {"levels": 2, "addr": "улица Тлеулина 28", "name": "", "type": "yes", "tagged": false}, "geometry": {"type": "Polygon", "coordinates": [[[69.3771278, 53.2912638], [69.3772762, 53.2912809], [69.3773164, 53.2911558], [69.377168, 53.2911388], [69.3771278, 53.2912638]]]}}, {"type": "Feature", "properties": {"levels": 2, "addr": "улица Исмаилова 8а", "name": "", "type": "yes", "tagged": false}, "geometry": {"type": "Polygon", "coordinates": [[[69.3968534, 53.2982744], [69.3969401, 53.2983342], [69.3970608, 53.2982717], [69.3969741, 53.2982119], [69.3968534, 53.2982744]]]}}, {"type": "Feature", "properties": {"levels": 1.0, "addr": "Кулагер 2", "name": "", "type": "yes", "tagged": true}, "geometry": {"type": "Polygon", "coordinates": [[[69.3980121, 53.2985437], [69.3980972, 53.2985912], [69.3982125, 53.2985175], [69.3981274, 53.29847], [69.3980121, 53.2985437]]]}}, {"type": "Feature", "properties": {"levels": 1.0, "addr": "улица Бауржана Момышулы 6", "name": "", "type": "yes", "tagged": true}, "geometry": {"type": "Polygon", "coordinates": [[[69.3754782, 53.2908838], [69.3756445, 53.2908951], [69.3756593, 53.2908163], [69.3754931, 53.290805], [69.3754782, 53.2908838]]]}}, {"type": "Feature", "properties": {"levels": 3.0, "addr": "улица Исмаилова 11", "name": "", "type": "yes", "tagged": true}, "geometry": {"type": "Polygon", "coordinates": [[[69.3982548, 53.2982896], [69.3984419, 53.2983921], [69.3985794, 53.2983025], [69.3983923, 53.2982], [69.3982548, 53.2982896]]]}}, {"type": "Feature", "properties": {"levels": 2, "addr": "улица Ахмета Байтурсынова 26", "name": "", "type": "yes", "tagged": false}, "geometry": {"type": "Polygon", "coordinates": [[[69.3757545, 53.2899074], [69.3758725, 53.2899203], [69.3758886, 53.2898674], [69.3757706, 53.2898545], [69.3757545, 53.2899074]]]}}, {"type": "Feature", "properties": {"levels": 1.0, "addr": "улица Бауржана Момышулы 1/2", "name": "", "type": "yes", "tagged": true}, "geometry": {"type": "Polygon", "coordinates": [[[69.376079, 53.2910009], [69.3764116, 53.2910554], [69.3764447, 53.2909831], [69.3761122, 53.2909286], [69.376079, 53.2910009]]]}}, {"type": "Feature", "properties": {"levels": 3.0, "addr": "улица Исмаилова 40", "name": "", "type": "yes", "tagged": true}, "geometry": {"type": "Polygon", "coordinates": [[[69.3994605, 53.2983882], [69.3993757, 53.2984435], [69.3995061, 53.2985149], [69.3995908, 53.2984596], [69.3994605, 53.2983882]]]}}, {"type": "Feature", "properties": {"levels": 2, "addr": "улица Биржан сала 19", "name": "", "type": "yes", "tagged": false}, "geometry": {"type": "Polygon", "coordinates": [[[69.3785149, 53.2898759], [69.378467, 53.2900274], [69.37892, 53.2900786], [69.3789679, 53.2899271], [69.3785149, 53.2898759]]]}}, {"type": "Feature", "properties": {"levels": 2, "addr": "Булкышева 6а", "name": "", "type": "yes", "tagged": false}, "geometry": {"type": "Polygon", "coordinates": [[[69.3964121, 53.2964686], [69.3965033, 53.2965599], [69.3966143, 53.2965204], [69.3965231, 53.296429], [69.3964121, 53.2964686]]]}}, {"type": "Feature", "properties": {"levels": 2, "addr": "улица Ахмета Байтурсынова 47/1", "name": "", "type": "yes", "tagged": false}, "geometry": {"type": "Polygon", "coordinates": [[[69.3789383, 53.2907275], [69.3790518, 53.2907437], [69.379092, 53.2906426], [69.3789785, 53.2906265], [69.3789383, 53.2907275]]]}}, {"type": "Feature", "properties": {"levels": 3.0, "addr": "улица Исмаилова 20", "name": "", "type": "yes", "tagged": true}, "geometry": {"type": "Polygon", "coordinates": [[[69.3963773, 53.2974833], [69.3962876, 53.2975441], [69.3965129, 53.2976628], [69.3966026, 53.2976019], [69.3963773, 53.2974833]]]}}, {"type": "Feature", "properties": {"levels": 1.0, "addr": "улица Свердлова 4", "name": "", "type": "yes", "tagged": true}, "geometry": {"type": "Polygon", "coordinates": [[[69.3999661, 53.2960277], [69.4001011, 53.2960564], [69.400203, 53.2958848], [69.400068, 53.2958562], [69.3999661, 53.2960277]]]}}, {"type": "Feature", "properties": {"levels": 2, "addr": "улица Бауржана Момышулы 37", "name": "", "type": "yes", "tagged": false}, "geometry": {"type": "Polygon", "coordinates": [[[69.3766315, 53.289242], [69.3766076, 53.2893289], [69.3768356, 53.2893513], [69.3768595, 53.2892645], [69.3766315, 53.289242]]]}}, {"type": "Feature", "properties": {"levels": 1.0, "addr": "улица Юрия Гагарина 45", "name": "", "type": "yes", "tagged": true}, "geometry": {"type": "Polygon", "coordinates": [[[69.3779699, 53.2893831], [69.3779431, 53.2894682], [69.3780852, 53.2894842], [69.3781121, 53.2893992], [69.3779699, 53.2893831]]]}}, {"type": "Feature", "properties": {"levels": 2, "addr": "улица Бауржана Момышулы 13", "name": "", "type": "yes", "tagged": false}, "geometry": {"type": "Polygon", "coordinates": [[[69.376492, 53.2897375], [69.3764759, 53.2898176], [69.376558, 53.2898235], [69.3765741, 53.2897433], [69.376492, 53.2897375]]]}}, {"type": "Feature", "properties": {"levels": 1.0, "addr": "улица Ахмета Байтурсынова 31", "name": "", "type": "yes", "tagged": true}, "geometry": {"type": "Polygon", "coordinates": [[[69.3749525, 53.290188], [69.3749712, 53.2901255], [69.3748697, 53.2901146], [69.3748509, 53.2901771], [69.3749525, 53.290188]]]}}, {"type": "Feature", "properties": {"levels": 2, "addr": "Сагдиева 28", "name": "", "type": "yes", "tagged": false}, "geometry": {"type": "Polygon", "coordinates": [[[69.373817, 53.2879564], [69.3741837, 53.2879965], [69.374059, 53.2884046], [69.3735612, 53.2883503], [69.3735172, 53.2884942], [69.3742775, 53.2885772], [69.3744861, 53.2878951], [69.3738568, 53.2878263], [69.373817, 53.2879564]]]}}, {"type": "Feature", "properties": {"levels": 3.0, "addr": "улица Исмаилова 29", "name": "", "type": "yes", "tagged": true}, "geometry": {"type": "Polygon", "coordinates": [[[69.3979517, 53.2976709], [69.3981444, 53.2977764], [69.3982816, 53.2976869], [69.398089, 53.2975814], [69.3979517, 53.2976709]]]}}, {"type": "Feature", "properties": {"levels": 1.0, "addr": "улица Косшигулова 87", "name": "", "type": "yes", "tagged": true}, "geometry": {"type": "Polygon", "coordinates": [[[69.3856511, 53.2753783], [69.3856366, 53.2754488], [69.3857895, 53.27546], [69.385804, 53.2753896], [69.3856511, 53.2753783]]]}}, {"type": "Feature", "properties": {"levels": 2, "addr": "улица Осипенко 4", "name": "", "type": "yes", "tagged": false}, "geometry": {"type": "Polygon", "coordinates": [[[69.3797251, 53.2908992], [69.3797938, 53.2906835], [69.3797148, 53.2906745], [69.3796461, 53.2908902], [69.3797251, 53.2908992]]]}}, {"type": "Feature", "properties": {"levels": 2, "addr": "", "name": "", "type": "yes", "tagged": false}, "geometry": {"type": "Polygon", "coordinates": [[[69.3753789, 53.2898898], [69.3754648, 53.2898978], [69.3754789, 53.2898436], [69.3753931, 53.2898356], [69.3753789, 53.2898898]]]}}, {"type": "Feature", "properties": {"levels": 2, "addr": "улица Юрия Гагарина 29", "name": "", "type": "yes", "tagged": false}, "geometry": {"type": "Polygon", "coordinates": [[[69.3747352, 53.2890015], [69.3747145, 53.2890492], [69.3748594, 53.2890717], [69.37488, 53.289024], [69.3747352, 53.2890015]]]}}, {"type": "Feature", "properties": {"levels": 2, "addr": "", "name": "", "type": "yes", "tagged": false}, "geometry": {"type": "Polygon", "coordinates": [[[69.3764786, 53.2908902], [69.3764564, 53.2909364], [69.3765959, 53.2909604], [69.3766181, 53.2909143], [69.3764786, 53.2908902]]]}}, {"type": "Feature", "properties": {"levels": 2, "addr": "улица Каныша Сатпаева 53", "name": "", "type": "yes", "tagged": false}, "geometry": {"type": "Polygon", "coordinates": [[[69.3846962, 53.2754088], [69.3847231, 53.2753046], [69.384612, 53.2752943], [69.3845852, 53.2753986], [69.3846962, 53.2754088]]]}}, {"type": "Feature", "properties": {"levels": 2, "addr": "Булкышева 4а", "name": "", "type": "yes", "tagged": false}, "geometry": {"type": "Polygon", "coordinates": [[[69.3959159, 53.2966818], [69.3958127, 53.2967435], [69.3959468, 53.2968236], [69.39605, 53.2967619], [69.3959159, 53.2966818]]]}}, {"type": "Feature", "properties": {"levels": 2, "addr": "", "name": "", "type": "yes", "tagged": false}, "geometry": {"type": "Polygon", "coordinates": [[[69.3774764, 53.2905263], [69.3775972, 53.2905428], [69.3776401, 53.2904306], [69.3775193, 53.2904141], [69.3774764, 53.2905263]]]}}, {"type": "Feature", "properties": {"levels": 2, "addr": "", "name": "", "type": "yes", "tagged": false}, "geometry": {"type": "Polygon", "coordinates": [[[69.3847204, 53.2757103], [69.3847039, 53.2757678], [69.3848755, 53.2757854], [69.384892, 53.275728], [69.3847204, 53.2757103]]]}}, {"type": "Feature", "properties": {"levels": 3.0, "addr": "улица Исмаилова 16", "name": "", "type": "yes", "tagged": true}, "geometry": {"type": "Polygon", "coordinates": [[[69.3970626, 53.2979682], [69.3972342, 53.2980612], [69.3973251, 53.2980013], [69.3971535, 53.2979083], [69.3970626, 53.2979682]]]}}, {"type": "Feature", "properties": {"levels": 1.0, "addr": "улица Свердлова 13", "name": "", "type": "yes", "tagged": true}, "geometry": {"type": "Polygon", "coordinates": [[[69.3982012, 53.2952903], [69.3983555, 53.2953249], [69.398444, 53.2951838], [69.3982897, 53.2951492], [69.3982012, 53.2952903]]]}}, {"type": "Feature", "properties": {"levels": 9.0, "addr": "улица Ауельбекова 109", "name": "", "type": "apartments", "tagged": true}, "geometry": {"type": "Polygon", "coordinates": [[[69.3838709, 53.2835192], [69.3846504, 53.2835967], [69.384611, 53.2837384], [69.3838315, 53.2836609], [69.3838709, 53.2835192]]]}}, {"type": "Feature", "properties": {"levels": 1.0, "addr": "улица Буденного 212", "name": "", "type": "yes", "tagged": true}, "geometry": {"type": "Polygon", "coordinates": [[[69.4048974, 53.2800635], [69.4048807, 53.2801158], [69.4050067, 53.2801302], [69.4050235, 53.280078], [69.4048974, 53.2800635]]]}}, {"type": "Feature", "properties": {"levels": 2, "addr": "улица Буденного 78а", "name": "", "type": "yes", "tagged": false}, "geometry": {"type": "Polygon", "coordinates": [[[69.4046785, 53.2789232], [69.4047531, 53.278704], [69.4046387, 53.2786901], [69.4046198, 53.2787456], [69.4045641, 53.2789093], [69.4046785, 53.2789232]]]}}, {"type": "Feature", "properties": {"levels": 2, "addr": "", "name": "", "type": "yes", "tagged": false}, "geometry": {"type": "Polygon", "coordinates": [[[69.4045129, 53.2790599], [69.4046265, 53.2790738], [69.4046785, 53.2789232], [69.4045641, 53.2789093], [69.4045129, 53.2790599]]]}}, {"type": "Feature", "properties": {"levels": 2, "addr": "", "name": "", "type": "yes", "tagged": false}, "geometry": {"type": "Polygon", "coordinates": [[[69.4039989, 53.2782401], [69.4041169, 53.2783299], [69.4042302, 53.2782767], [69.4041121, 53.2781869], [69.4039989, 53.2782401]]]}}, {"type": "Feature", "properties": {"levels": 1.0, "addr": "улица Буденного", "name": "", "type": "yes", "tagged": true}, "geometry": {"type": "Polygon", "coordinates": [[[69.4048773, 53.279762], [69.4050449, 53.2797925], [69.4050798, 53.2797239], [69.4049122, 53.2796934], [69.4048773, 53.279762]]]}}, {"type": "Feature", "properties": {"levels": 2, "addr": "", "name": "", "type": "yes", "tagged": false}, "geometry": {"type": "Polygon", "coordinates": [[[69.4043826, 53.2788744], [69.4045626, 53.2788964], [69.4046137, 53.2787477], [69.4044338, 53.2787257], [69.4044212, 53.278768], [69.4043826, 53.2788744]]]}}, {"type": "Feature", "properties": {"levels": 1.0, "addr": "улица Буденного 75", "name": "", "type": "yes", "tagged": true}, "geometry": {"type": "Polygon", "coordinates": [[[69.4048371, 53.279916], [69.4048196, 53.2799564], [69.4049952, 53.2799836], [69.4050128, 53.2799432], [69.4048371, 53.279916]]]}}, {"type": "Feature", "properties": {"levels": 2, "addr": "улица Островского 21", "name": "", "type": "yes", "tagged": false}, "geometry": {"type": "Polygon", "coordinates": [[[69.4049674, 53.2796312], [69.4051609, 53.2796541], [69.4051928, 53.2795387], [69.4050023, 53.2795205], [69.4049674, 53.2796312]]]}}, {"type": "Feature", "properties": {"levels": 2, "addr": "улица Буденного 80/1", "name": "", "type": "yes", "tagged": false}, "geometry": {"type": "Polygon", "coordinates": [[[69.4040651, 53.2787299], [69.4044212, 53.278768], [69.4044338, 53.2787257], [69.4046198, 53.2787456], [69.4046387, 53.2786901], [69.4046447, 53.2786688], [69.4047518, 53.2786802], [69.4047822, 53.2785784], [69.4046775, 53.2785672], [69.4047013, 53.2784876], [69.404155, 53.2784292], [69.4040651, 53.2787299]]]}}, {"type": "Feature", "properties": {"levels": 1.0, "addr": "улица Абая 122", "name": "Abdi (Абди)", "type": "yes", "tagged": true}, "geometry": {"type": "Polygon", "coordinates": [[[69.39329, 53.2859613], [69.3942857, 53.2860487], [69.3943316, 53.2858621], [69.394217, 53.285852], [69.3941973, 53.285932], [69.3933843, 53.2858607], [69.3934032, 53.2857837], [69.3933351, 53.2857777], [69.39329, 53.2859613]]]}}, {"type": "Feature", "properties": {"levels": 1.0, "addr": "улица Абая 116", "name": "", "type": "yes", "tagged": true}, "geometry": {"type": "Polygon", "coordinates": [[[69.390929, 53.2856713], [69.3912106, 53.2857018], [69.3912291, 53.2856408], [69.3909474, 53.2856103], [69.390929, 53.2856713]]]}}, {"type": "Feature", "properties": {"levels": 5.0, "addr": "улица Малика Габдуллина 48", "name": "", "type": "apartments", "tagged": true}, "geometry": {"type": "Polygon", "coordinates": [[[69.3973186, 53.2835308], [69.3970539, 53.2835079], [69.3970318, 53.2835994], [69.3970989, 53.2836051], [69.3969681, 53.2841402], [69.3969516, 53.2842077], [69.3971509, 53.2842249], [69.3971659, 53.2841627], [69.3972796, 53.2836919], [69.3973186, 53.2835308]]]}}, {"type": "Feature", "properties": {"levels": 2.0, "addr": "улица Абая 116У", "name": "Легкоатлетический манеж", "type": "yes", "tagged": true}, "geometry": {"type": "Polygon", "coordinates": [[[69.3914815, 53.2857627], [69.3927367, 53.2858784], [69.3927471, 53.2858382], [69.3929365, 53.2858557], [69.3929689, 53.2857298], [69.3913441, 53.28558], [69.3913135, 53.2856988], [69.3914937, 53.2857154], [69.3914815, 53.2857627]]]}}, {"type": "Feature", "properties": {"levels": 2.0, "addr": "улица Акана-серэ 166Б", "name": "", "type": "sports_centre", "tagged": true}, "geometry": {"type": "Polygon", "coordinates": [[[69.4016977, 53.2835998], [69.4021516, 53.283646], [69.4023041, 53.2831107], [69.4018501, 53.2830645], [69.4016977, 53.2835998]]]}}, {"type": "Feature", "properties": {"levels": 2, "addr": "", "name": "", "type": "yes", "tagged": false}, "geometry": {"type": "Polygon", "coordinates": [[[69.382603, 53.2866346], [69.3826961, 53.2866434], [69.3827833, 53.2866509], [69.3828023, 53.2865748], [69.3827119, 53.286567], [69.3826233, 53.2865585], [69.382603, 53.2866346]]]}}, {"type": "Feature", "properties": {"levels": 1.0, "addr": "улица Кудайбердиева 72а", "name": "", "type": "yes", "tagged": true}, "geometry": {"type": "Polygon", "coordinates": [[[69.3925518, 53.2870661], [69.3926054, 53.2868624], [69.3923479, 53.2868382], [69.3922942, 53.2870418], [69.3925518, 53.2870661]]]}}, {"type": "Feature", "properties": {"levels": 2.0, "addr": "улица Абая 96/1", "name": "", "type": "yes", "tagged": true}, "geometry": {"type": "Polygon", "coordinates": [[[69.3781317, 53.2842653], [69.3783235, 53.2842834], [69.3784004, 53.2839926], [69.3782085, 53.2839745], [69.3781317, 53.2842653]]]}}, {"type": "Feature", "properties": {"levels": 2, "addr": "улица Буденного 60а", "name": "", "type": "yes", "tagged": false}, "geometry": {"type": "Polygon", "coordinates": [[[69.4027926, 53.2810615], [69.403093, 53.2810839], [69.4031192, 53.2809588], [69.4028188, 53.2809363], [69.4027926, 53.2810615]]]}}, {"type": "Feature", "properties": {"levels": 2, "addr": "улица Сабатаева 60а", "name": "", "type": "yes", "tagged": false}, "geometry": {"type": "Polygon", "coordinates": [[[69.4026639, 53.2813148], [69.4029965, 53.2813341], [69.4030164, 53.2812112], [69.4026838, 53.2811919], [69.4026639, 53.2813148]]]}}, {"type": "Feature", "properties": {"levels": 5.0, "addr": "", "name": "", "type": "yes", "tagged": true}, "geometry": {"type": "Polygon", "coordinates": [[[69.3784085, 53.286646], [69.3785866, 53.2866687], [69.3786463, 53.2865017], [69.3784682, 53.286479], [69.3784085, 53.286646]]]}}, {"type": "Feature", "properties": {"levels": 2.0, "addr": "улица Абая 116Б", "name": "", "type": "yes", "tagged": true}, "geometry": {"type": "Polygon", "coordinates": [[[69.3917914, 53.2849527], [69.3930954, 53.2850746], [69.393142, 53.2848962], [69.3918381, 53.2847743], [69.3917914, 53.2849527]]]}}, {"type": "Feature", "properties": {"levels": 2, "addr": "улица Буденного 84", "name": "", "type": "yes", "tagged": false}, "geometry": {"type": "Polygon", "coordinates": [[[69.4042722, 53.2772599], [69.4047214, 53.277312], [69.4047501, 53.2772238], [69.4043008, 53.2771717], [69.4042722, 53.2772599]]]}}, {"type": "Feature", "properties": {"levels": 1.0, "addr": "улица Акана-серэ 82", "name": "", "type": "yes", "tagged": true}, "geometry": {"type": "Polygon", "coordinates": [[[69.3792275, 53.2802874], [69.3793664, 53.2802987], [69.3793846, 53.2802187], [69.3792457, 53.2802074], [69.3792275, 53.2802874]]]}}, {"type": "Feature", "properties": {"levels": 1.0, "addr": "улица Мухтара Ауэзова 214а", "name": "", "type": "yes", "tagged": true}, "geometry": {"type": "Polygon", "coordinates": [[[69.3775762, 53.2861052], [69.3777578, 53.2861222], [69.3777792, 53.2860405], [69.3775976, 53.2860234], [69.3775762, 53.2861052]]]}}, {"type": "Feature", "properties": {"levels": 2, "addr": "", "name": "", "type": "yes", "tagged": false}, "geometry": {"type": "Polygon", "coordinates": [[[69.3696353, 53.2812188], [69.369618, 53.2812978], [69.3699855, 53.2813266], [69.3700028, 53.2812476], [69.3696353, 53.2812188]]]}}, {"type": "Feature", "properties": {"levels": 5.0, "addr": "улица Ауельбекова 84А", "name": "", "type": "yes", "tagged": true}, "geometry": {"type": "Polygon", "coordinates": [[[69.3785009, 53.2825987], [69.378692, 53.2826165], [69.378759, 53.2823599], [69.3785679, 53.2823421], [69.3785009, 53.2825987]]]}}, {"type": "Feature", "properties": {"levels": 2, "addr": "", "name": "", "type": "yes", "tagged": false}, "geometry": {"type": "Polygon", "coordinates": [[[69.4042883, 53.2770923], [69.4044787, 53.2771156], [69.4044972, 53.2770613], [69.4043068, 53.2770381], [69.4042883, 53.2770923]]]}}, {"type": "Feature", "properties": {"levels": 2, "addr": "улица Ашимова 100", "name": "", "type": "yes", "tagged": false}, "geometry": {"type": "Polygon", "coordinates": [[[69.3816415, 53.2781443], [69.381916, 53.2781637], [69.3819366, 53.2780593], [69.3816621, 53.27804], [69.3816415, 53.2781443]]]}}, {"type": "Feature", "properties": {"levels": 1.0, "addr": "улица Акана-серэ 86", "name": "", "type": "yes", "tagged": true}, "geometry": {"type": "Polygon", "coordinates": [[[69.3797754, 53.2803167], [69.3798857, 53.2803285], [69.3799407, 53.2801458], [69.3798303, 53.2801339], [69.3797754, 53.2803167]]]}}, {"type": "Feature", "properties": {"levels": 1.0, "addr": "улица Алимжана Баймуканова 49", "name": "", "type": "yes", "tagged": true}, "geometry": {"type": "Polygon", "coordinates": [[[69.3700355, 53.2811127], [69.3700627, 53.2810069], [69.3698668, 53.2809889], [69.3698396, 53.2810947], [69.3700355, 53.2811127]]]}}, {"type": "Feature", "properties": {"levels": 2, "addr": "", "name": "", "type": "yes", "tagged": false}, "geometry": {"type": "Polygon", "coordinates": [[[69.3992788, 53.2779873], [69.3996794, 53.2780122], [69.3997009, 53.2778887], [69.3993002, 53.2778638], [69.3992788, 53.2779873]]]}}, {"type": "Feature", "properties": {"levels": 2, "addr": "улица Малика Габдуллина 129а", "name": "", "type": "yes", "tagged": false}, "geometry": {"type": "Polygon", "coordinates": [[[69.3992895, 53.2777435], [69.3997323, 53.2777781], [69.3997386, 53.2777443], [69.3994334, 53.2776137], [69.3994039, 53.2777109], [69.3992985, 53.2777026], [69.3992895, 53.2777435]]]}}, {"type": "Feature", "properties": {"levels": 2, "addr": "улица Малика Габдуллина 40Б", "name": "Tengri Bank", "type": "yes", "tagged": false}, "geometry": {"type": "Polygon", "coordinates": [[[69.3957769, 53.2886097], [69.3957342, 53.2887618], [69.3961016, 53.2887987], [69.3961444, 53.2886466], [69.3957769, 53.2886097]]]}}, {"type": "Feature", "properties": {"levels": 3.0, "addr": "улица Каныша Сатпаева 7", "name": "", "type": "yes", "tagged": true}, "geometry": {"type": "Polygon", "coordinates": [[[69.3823228, 53.2829765], [69.3825249, 53.2829949], [69.3825949, 53.2827194], [69.3823929, 53.282701], [69.3823228, 53.2829765]]]}}, {"type": "Feature", "properties": {"levels": 3.0, "addr": "улица Ауельбекова", "name": "", "type": "yes", "tagged": true}, "geometry": {"type": "Polygon", "coordinates": [[[69.3824432, 53.2829875], [69.3824298, 53.2830492], [69.3825901, 53.2830617], [69.3826035, 53.283], [69.3824432, 53.2829875]]]}}, {"type": "Feature", "properties": {"levels": 1.0, "addr": "улица Абая 93", "name": "", "type": "yes", "tagged": true}, "geometry": {"type": "Polygon", "coordinates": [[[69.3887826, 53.2860583], [69.3887673, 53.2861094], [69.3888666, 53.286119], [69.3889175, 53.2860581], [69.3889309, 53.2859779], [69.3888666, 53.2859154], [69.3883628, 53.285872], [69.3883684, 53.2858487], [69.3882776, 53.2858409], [69.3882714, 53.2858642], [69.387728, 53.28582], [69.387673, 53.2858368], [69.3876649, 53.2858737], [69.3876354, 53.2858705], [69.3876059, 53.2860004], [69.3877052, 53.28601], [69.3877138, 53.2859689], [69.3876783, 53.2859659], [69.3877075, 53.2858412], [69.3888118, 53.2859337], [69.3887826, 53.2860583]]]}}, {"type": "Feature", "properties": {"levels": 4.0, "addr": "улица Каныша Сатпаева 1Б", "name": "", "type": "yes", "tagged": true}, "geometry": {"type": "Polygon", "coordinates": [[[69.3804397, 53.2863757], [69.3808648, 53.2864157], [69.3808607, 53.2864314], [69.3810062, 53.2864451], [69.3810103, 53.2864294], [69.3820096, 53.2865234], [69.3820499, 53.2863702], [69.38048, 53.2862225], [69.3804397, 53.2863757]]]}}, {"type": "Feature", "properties": {"levels": 2.0, "addr": "", "name": "", "type": "yes", "tagged": true}, "geometry": {"type": "Polygon", "coordinates": [[[69.3805281, 53.2862262], [69.3808958, 53.286261], [69.3809568, 53.2860302], [69.3805891, 53.2859954], [69.3805281, 53.2862262]]]}}, {"type": "Feature", "properties": {"levels": 2.0, "addr": "улица Елемесова 53", "name": "", "type": "yes", "tagged": true}, "geometry": {"type": "Polygon", "coordinates": [[[69.3925868, 53.2811458], [69.3928085, 53.2811691], [69.3928756, 53.2809414], [69.3926538, 53.280918], [69.3925868, 53.2811458]]]}}, {"type": "Feature", "properties": {"levels": 2.0, "addr": "улица Акана-серэ 138/1", "name": "", "type": "yes", "tagged": true}, "geometry": {"type": "Polygon", "coordinates": [[[69.3924875, 53.2814953], [69.3926806, 53.2815177], [69.3927301, 53.2813643], [69.392537, 53.281342], [69.3924875, 53.2814953]]]}}, {"type": "Feature", "properties": {"levels": 2, "addr": "", "name": "", "type": "yes", "tagged": false}, "geometry": {"type": "Polygon", "coordinates": [[[69.3849931, 53.2845383], [69.3852761, 53.2845687], [69.3853283, 53.2843952], [69.3851895, 53.2843803], [69.3851665, 53.2844568], [69.3850223, 53.2844412], [69.3849931, 53.2845383]]]}}, {"type": "Feature", "properties": {"levels": 2.0, "addr": "", "name": "", "type": "yes", "tagged": true}, "geometry": {"type": "Polygon", "coordinates": [[[69.3808351, 53.2842575], [69.3812974, 53.2843093], [69.3813813, 53.2840427], [69.3811833, 53.2840204], [69.3811946, 53.2839844], [69.3810761, 53.2839711], [69.3810648, 53.284007], [69.3809187, 53.2839906], [69.3808351, 53.2842575]]]}}, {"type": "Feature", "properties": {"levels": 1.0, "addr": "улица Магзи Абулкасымова 61", "name": "", "type": "yes", "tagged": true}, "geometry": {"type": "Polygon", "coordinates": [[[69.3762784, 53.2881094], [69.3764294, 53.288126], [69.3764535, 53.2880474], [69.3763025, 53.2880308], [69.3762784, 53.2881094]]]}}, {"type": "Feature", "properties": {"levels": 2, "addr": "улица Сакена Жунусова 5e/5", "name": "", "type": "yes", "tagged": false}, "geometry": {"type": "Polygon", "coordinates": [[[69.3815325, 53.2934348], [69.3815241, 53.2934692], [69.3815661, 53.2934729], [69.3815495, 53.2935406], [69.3816496, 53.2935494], [69.3816584, 53.2935136], [69.3817244, 53.2935194], [69.3817333, 53.293483], [69.381762, 53.2934855], [69.3817555, 53.293512], [69.3818111, 53.2935168], [69.3818249, 53.2934605], [69.3815325, 53.2934348]]]}}, {"type": "Feature", "properties": {"levels": 2, "addr": "улица Сакена Жунусова 5у/4", "name": "", "type": "yes", "tagged": false}, "geometry": {"type": "Polygon", "coordinates": [[[69.3819832, 53.2935118], [69.3822541, 53.2935359], [69.3822628, 53.2935007], [69.3819919, 53.2934767], [69.3819832, 53.2935118]]]}}, {"type": "Feature", "properties": {"levels": 1.0, "addr": "улица Бауржана Момышулы 26", "name": "", "type": "yes", "tagged": true}, "geometry": {"type": "Polygon", "coordinates": [[[69.3761474, 53.2885759], [69.3762704, 53.288587], [69.3762919, 53.288502], [69.3761689, 53.2884909], [69.3761474, 53.2885759]]]}}, {"type": "Feature", "properties": {"levels": 1.0, "addr": "улица Островского 135", "name": "", "type": "yes", "tagged": true}, "geometry": {"type": "Polygon", "coordinates": [[[69.3883729, 53.2781265], [69.3885142, 53.2781425], [69.3885544, 53.2780158], [69.3884131, 53.2779998], [69.3883729, 53.2781265]]]}}, {"type": "Feature", "properties": {"levels": 2, "addr": "улица Сакена Жунусова 5e/22", "name": "", "type": "yes", "tagged": false}, "geometry": {"type": "Polygon", "coordinates": [[[69.3823185, 53.2938437], [69.3823852, 53.2938539], [69.3824791, 53.2936359], [69.3824123, 53.2936256], [69.3823185, 53.2938437]]]}}, {"type": "Feature", "properties": {"levels": 2, "addr": "", "name": "", "type": "yes", "tagged": false}, "geometry": {"type": "Polygon", "coordinates": [[[69.3755627, 53.2888597], [69.3756807, 53.2888741], [69.375693, 53.2888381], [69.375575, 53.2888236], [69.3755627, 53.2888597]]]}}, {"type": "Feature", "properties": {"levels": 1.0, "addr": "проспект Нурсултана Назарбаева 100", "name": "", "type": "yes", "tagged": true}, "geometry": {"type": "Polygon", "coordinates": [[[69.3886717, 53.2782983], [69.3888821, 53.2783238], [69.3889692, 53.2780666], [69.3887587, 53.2780412], [69.3886717, 53.2782983]]]}}, {"type": "Feature", "properties": {"levels": 1.0, "addr": "улица Магзи Абулкасымова 55", "name": "", "type": "yes", "tagged": true}, "geometry": {"type": "Polygon", "coordinates": [[[69.3756137, 53.2879569], [69.3755819, 53.2880708], [69.3757428, 53.2880869], [69.3757746, 53.287973], [69.3756137, 53.2879569]]]}}, {"type": "Feature", "properties": {"levels": 1.0, "addr": "улица Островского 129", "name": "", "type": "yes", "tagged": true}, "geometry": {"type": "Polygon", "coordinates": [[[69.3875951, 53.2780752], [69.3877303, 53.2780912], [69.3877786, 53.2779453], [69.3876434, 53.2779293], [69.3875951, 53.2780752]]]}}, {"type": "Feature", "properties": {"levels": 1.0, "addr": "улица Ильяса Есенберлина 78", "name": "", "type": "yes", "tagged": true}, "geometry": {"type": "Polygon", "coordinates": [[[69.3868199, 53.2780111], [69.3870358, 53.2780343], [69.3870788, 53.2778915], [69.3868628, 53.2778683], [69.3868199, 53.2780111]]]}}, {"type": "Feature", "properties": {"levels": 9.0, "addr": "улица Сабатаева 82", "name": "Жилой комплекс Капитал", "type": "apartments", "tagged": true}, "geometry": {"type": "Polygon", "coordinates": [[[69.3774426, 53.2789418], [69.3789694, 53.2790909], [69.379106, 53.2785907], [69.3788096, 53.2785617], [69.3787149, 53.2789084], [69.3784058, 53.2788782], [69.3777951, 53.2788186], [69.3778404, 53.2786528], [69.3775298, 53.2786225], [69.3774426, 53.2789418]]]}}, {"type": "Feature", "properties": {"levels": 2, "addr": "", "name": "", "type": "yes", "tagged": false}, "geometry": {"type": "Polygon", "coordinates": [[[69.3838429, 53.2796263], [69.3837665, 53.2796201], [69.3837548, 53.279669], [69.3837268, 53.279667], [69.3837158, 53.2797129], [69.3837437, 53.2797153], [69.3837187, 53.2798225], [69.3836717, 53.2798418], [69.383661, 53.2798971], [69.3836731, 53.2799083], [69.3837026, 53.2799211], [69.3837938, 53.2799308], [69.3838032, 53.2798984], [69.3837718, 53.2798954], [69.3838429, 53.2796263]]]}}, {"type": "Feature", "properties": {"levels": 2, "addr": "улица Абая 130а", "name": "", "type": "yes", "tagged": false}, "geometry": {"type": "Polygon", "coordinates": [[[69.3983554, 53.2856546], [69.3983351, 53.2857369], [69.3987536, 53.2857738], [69.3987739, 53.2856915], [69.3983554, 53.2856546]]]}}, {"type": "Feature", "properties": {"levels": 5.0, "addr": "Сункар микрорайон 6", "name": "", "type": "yes", "tagged": true}, "geometry": {"type": "Polygon", "coordinates": [[[69.4006635, 53.2785583], [69.400862, 53.2785725], [69.4009462, 53.2781521], [69.401129, 53.2781652], [69.4012171, 53.2777258], [69.4010049, 53.2777106], [69.4009179, 53.2781452], [69.4007487, 53.278133], [69.4006635, 53.2785583]]]}}, {"type": "Feature", "properties": {"levels": 5.0, "addr": "улица 8 Марта 113Б", "name": "", "type": "yes", "tagged": true}, "geometry": {"type": "Polygon", "coordinates": [[[69.4024028, 53.2751677], [69.4026521, 53.2751931], [69.4026839, 53.2750818], [69.4026312, 53.2750765], [69.4026952, 53.2748517], [69.402748, 53.2748571], [69.4027702, 53.2747793], [69.4025208, 53.2747539], [69.4024028, 53.2751677]]]}}, {"type": "Feature", "properties": {"levels": 2, "addr": "", "name": "", "type": "yes", "tagged": false}, "geometry": {"type": "Polygon", "coordinates": [[[69.3792514, 53.2944586], [69.3799005, 53.2944569], [69.3798993, 53.2942855], [69.3792502, 53.2942871], [69.3792514, 53.2944586]]]}}, {"type": "Feature", "properties": {"levels": 2, "addr": "", "name": "", "type": "yes", "tagged": false}, "geometry": {"type": "Polygon", "coordinates": [[[69.3880052, 53.2894168], [69.388085, 53.2894237], [69.3881018, 53.2893551], [69.388022, 53.2893481], [69.3880052, 53.2894168]]]}}, {"type": "Feature", "properties": {"levels": 1.0, "addr": "", "name": "", "type": "yes", "tagged": true}, "geometry": {"type": "Polygon", "coordinates": [[[69.3848848, 53.2907002], [69.3850325, 53.2907169], [69.3850515, 53.2906555], [69.3849043, 53.2906384], [69.3848848, 53.2907002]]]}}, {"type": "Feature", "properties": {"levels": 2, "addr": "Садуакасова 83", "name": "", "type": "detached", "tagged": false}, "geometry": {"type": "Polygon", "coordinates": [[[69.3959755, 53.2757059], [69.3962437, 53.2757283], [69.3962541, 53.2756839], [69.3959859, 53.2756615], [69.3959755, 53.2757059]]]}}, {"type": "Feature", "properties": {"levels": 1.0, "addr": "улица Косшигулова 132", "name": "", "type": "yes", "tagged": true}, "geometry": {"type": "Polygon", "coordinates": [[[69.3948259, 53.2761115], [69.3950119, 53.2761292], [69.3950379, 53.2760316], [69.3949269, 53.276021], [69.3949375, 53.2759814], [69.3948625, 53.2759742], [69.3948259, 53.2761115]]]}}, {"type": "Feature", "properties": {"levels": 1.0, "addr": "улица Косшигулова 130", "name": "", "type": "yes", "tagged": true}, "geometry": {"type": "Polygon", "coordinates": [[[69.3945995, 53.2760844], [69.3947658, 53.2761004], [69.3947893, 53.2760132], [69.394623, 53.2759971], [69.3945995, 53.2760844]]]}}, {"type": "Feature", "properties": {"levels": 2, "addr": "", "name": "", "type": "detached", "tagged": false}, "geometry": {"type": "Polygon", "coordinates": [[[69.3956986, 53.2768021], [69.3959382, 53.2768304], [69.3959573, 53.2767724], [69.3957177, 53.2767442], [69.3956986, 53.2768021]]]}}, {"type": "Feature", "properties": {"levels": 1.0, "addr": "улица Косшигулова 145", "name": "", "type": "yes", "tagged": true}, "geometry": {"type": "Polygon", "coordinates": [[[69.396819, 53.2766357], [69.3969577, 53.2766463], [69.3969719, 53.2765796], [69.3968332, 53.276569], [69.396819, 53.2766357]]]}}, {"type": "Feature", "properties": {"levels": 1.0, "addr": "улица Косшигулова 141", "name": "", "type": "yes", "tagged": true}, "geometry": {"type": "Polygon", "coordinates": [[[69.3961297, 53.2766293], [69.3962814, 53.2766409], [69.396304, 53.2765347], [69.3961523, 53.2765231], [69.3961297, 53.2766293]]]}}, {"type": "Feature", "properties": {"levels": 2, "addr": "", "name": "", "type": "yes", "tagged": false}, "geometry": {"type": "Polygon", "coordinates": [[[69.3978168, 53.2779564], [69.3979641, 53.2779677], [69.3979967, 53.2778145], [69.3978494, 53.2778033], [69.3978168, 53.2779564]]]}}, {"type": "Feature", "properties": {"levels": 1.0, "addr": "улица Ашимова 182", "name": "", "type": "yes", "tagged": true}, "geometry": {"type": "Polygon", "coordinates": [[[69.398887, 53.2797534], [69.3991356, 53.2797724], [69.3991686, 53.2796171], [69.3989201, 53.2795982], [69.398887, 53.2797534]]]}}, {"type": "Feature", "properties": {"levels": 1.0, "addr": "улица Малика Габдуллина 171", "name": "", "type": "yes", "tagged": true}, "geometry": {"type": "Polygon", "coordinates": [[[69.3978935, 53.2787212], [69.398075, 53.278735], [69.3980947, 53.2786426], [69.3979132, 53.2786288], [69.3978935, 53.2787212]]]}}, {"type": "Feature", "properties": {"levels": 2, "addr": "", "name": "", "type": "yes", "tagged": false}, "geometry": {"type": "Polygon", "coordinates": [[[69.3975972, 53.2789739], [69.3981798, 53.2790156], [69.3982068, 53.2788809], [69.3976241, 53.2788393], [69.3975972, 53.2789739]]]}}, {"type": "Feature", "properties": {"levels": 2, "addr": "", "name": "", "type": "yes", "tagged": false}, "geometry": {"type": "Polygon", "coordinates": [[[69.3914922, 53.2814846], [69.3916279, 53.2814965], [69.391637, 53.281459], [69.3915013, 53.2814471], [69.3914922, 53.2814846]]]}}, {"type": "Feature", "properties": {"levels": 1.0, "addr": "", "name": "Ерлан", "type": "yes", "tagged": true}, "geometry": {"type": "Polygon", "coordinates": [[[69.3865339, 53.2834077], [69.3867541, 53.283429], [69.386766, 53.2833851], [69.3865961, 53.2833688], [69.3866184, 53.2832866], [69.386568, 53.2832817], [69.3865339, 53.2834077]]]}}, {"type": "Feature", "properties": {"levels": 1.0, "addr": "проспект Нурсултана Назарбаева 55", "name": "", "type": "yes", "tagged": true}, "geometry": {"type": "Polygon", "coordinates": [[[69.3871877, 53.2875552], [69.3873214, 53.2875707], [69.387314, 53.2875933], [69.3873976, 53.2876029], [69.3874142, 53.2875517], [69.3873843, 53.287548], [69.3875616, 53.2869908], [69.3873775, 53.2869695], [69.3871877, 53.2875552]]]}}, {"type": "Feature", "properties": {"levels": 2, "addr": "", "name": "", "type": "yes", "tagged": false}, "geometry": {"type": "Polygon", "coordinates": [[[69.4004177, 53.2835506], [69.4004472, 53.2833855], [69.4003327, 53.2833781], [69.4003032, 53.2835433], [69.4004177, 53.2835506]]]}}, {"type": "Feature", "properties": {"levels": 2, "addr": "улица Малика Габдуллина 48", "name": "", "type": "yes", "tagged": false}, "geometry": {"type": "Polygon", "coordinates": [[[69.3971659, 53.2841627], [69.3972726, 53.284172], [69.3972945, 53.2840827], [69.3973168, 53.2840846], [69.3973293, 53.2840338], [69.3973069, 53.2840318], [69.3973879, 53.2837014], [69.3972796, 53.2836919], [69.3971659, 53.2841627]]]}}, {"type": "Feature", "properties": {"levels": 1.0, "addr": "", "name": "", "type": "yes", "tagged": true}, "geometry": {"type": "Polygon", "coordinates": [[[69.3748081, 53.2850486], [69.3749447, 53.2850639], [69.3750278, 53.2847678], [69.3748887, 53.2847538], [69.3748714, 53.2848209], [69.3748489, 53.2849029], [69.3748081, 53.2850486]]]}}, {"type": "Feature", "properties": {"levels": 9.0, "addr": "улица Сабатаева 96", "name": "", "type": "apartments", "tagged": true}, "geometry": {"type": "Polygon", "coordinates": [[[69.3803568, 53.2792238], [69.3803986, 53.2790583], [69.3808899, 53.2791026], [69.3808481, 53.2792681], [69.3803568, 53.2792238]]]}}, {"type": "Feature", "properties": {"levels": 2, "addr": "", "name": "", "type": "yes", "tagged": false}, "geometry": {"type": "Polygon", "coordinates": [[[69.4049007, 53.2764758], [69.4049157, 53.2764277], [69.4050832, 53.2764464], [69.4050669, 53.2764987], [69.4050165, 53.2765267], [69.4049385, 53.2765159], [69.4049007, 53.2764758]]]}}, {"type": "Feature", "properties": {"levels": 1.0, "addr": "улица Магзи Абулкасымова 136", "name": "", "type": "yes", "tagged": true}, "geometry": {"type": "Polygon", "coordinates": [[[69.3843125, 53.2887366], [69.3846421, 53.2887695], [69.3847574, 53.288341], [69.3844385, 53.288323], [69.3843125, 53.2887366]]]}}, {"type": "Feature", "properties": {"levels": 2.0, "addr": "улица Акана-серэ 92А", "name": "минимаркет Корзинка", "type": "yes", "tagged": true}, "geometry": {"type": "Polygon", "coordinates": [[[69.3845662, 53.2805412], [69.3848115, 53.2805626], [69.3848583, 53.2803712], [69.3846129, 53.2803498], [69.3845662, 53.2805412]]]}}, {"type": "Feature", "properties": {"levels": 1.0, "addr": "улица Ашимова 93", "name": "", "type": "yes", "tagged": true}, "geometry": {"type": "Polygon", "coordinates": [[[69.3760552, 53.2781417], [69.3762189, 53.278156], [69.3762386, 53.2780749], [69.3763207, 53.278082], [69.3763384, 53.2780092], [69.3761282, 53.277991], [69.3760887, 53.2780042], [69.3760552, 53.2781417]]]}}, {"type": "Feature", "properties": {"levels": 2, "addr": "", "name": "", "type": "yes", "tagged": false}, "geometry": {"type": "Polygon", "coordinates": [[[69.3793855, 53.2841939], [69.3794981, 53.284206], [69.3795057, 53.2841807], [69.379393, 53.2841687], [69.3793855, 53.2841939]]]}}, {"type": "Feature", "properties": {"levels": 2, "addr": "улица Дзержинского 79", "name": "", "type": "yes", "tagged": false}, "geometry": {"type": "Polygon", "coordinates": [[[69.3734457, 53.2832106], [69.3734092, 53.2833561], [69.3736238, 53.2833753], [69.3736603, 53.2832298], [69.3734457, 53.2832106]]]}}, {"type": "Feature", "properties": {"levels": 3.0, "addr": "улица Ахмета Байтурсынова 59", "name": "Армада", "type": "public", "tagged": true}, "geometry": {"type": "Polygon", "coordinates": [[[69.3806204, 53.2910644], [69.3805331, 53.2913487], [69.3811178, 53.2914129], [69.3812051, 53.2911285], [69.3806204, 53.2910644]]]}}, {"type": "Feature", "properties": {"levels": 1.0, "addr": "улица Зарапа Темирбекова 58Б", "name": "", "type": "yes", "tagged": true}, "geometry": {"type": "Polygon", "coordinates": [[[69.3723004, 53.2805287], [69.3723273, 53.28041], [69.3722062, 53.2804002], [69.3721794, 53.2805189], [69.3723004, 53.2805287]]]}}, {"type": "Feature", "properties": {"levels": 2, "addr": "улица Юрия Гагарина 23а", "name": "", "type": "yes", "tagged": false}, "geometry": {"type": "Polygon", "coordinates": [[[69.3731329, 53.2889661], [69.3732814, 53.2889873], [69.3732912, 53.2889628], [69.3736489, 53.2890138], [69.3736413, 53.289033], [69.3737633, 53.2890505], [69.3738297, 53.2888846], [69.3732015, 53.2887948], [69.3731329, 53.2889661]]]}}, {"type": "Feature", "properties": {"levels": 1.0, "addr": "", "name": "", "type": "yes", "tagged": true}, "geometry": {"type": "Polygon", "coordinates": [[[69.3842468, 53.2849174], [69.3842545, 53.2849291], [69.3842682, 53.2849411], [69.3842956, 53.2849586], [69.3843249, 53.28497], [69.3843603, 53.2849775], [69.3843889, 53.2849797], [69.3844357, 53.2849764], [69.3844688, 53.2849683], [69.3844996, 53.284955], [69.3845214, 53.2849404], [69.3842468, 53.2849174]]]}}, {"type": "Feature", "properties": {"levels": 1.0, "addr": "улица Юрия Гагарина 53", "name": "Центральный рынок Кокшетау", "type": "yes", "tagged": true}, "geometry": {"type": "Polygon", "coordinates": [[[69.3808137, 53.2899769], [69.3806939, 53.2903715], [69.3828121, 53.2906014], [69.382932, 53.2902069], [69.3821585, 53.2901229], [69.381228, 53.2900219], [69.3808137, 53.2899769]]]}}, {"type": "Feature", "properties": {"levels": 2, "addr": "улица Акана-серэ 66", "name": "", "type": "yes", "tagged": false}, "geometry": {"type": "Polygon", "coordinates": [[[69.3759554, 53.2799343], [69.3759946, 53.2797882], [69.3754839, 53.2797393], [69.375578, 53.2793882], [69.3753278, 53.2793642], [69.3752029, 53.2798306], [69.3752424, 53.2798661], [69.3759554, 53.2799343]]]}}, {"type": "Feature", "properties": {"levels": 2, "addr": "улица Акана-серэ 70", "name": "", "type": "yes", "tagged": false}, "geometry": {"type": "Polygon", "coordinates": [[[69.3760405, 53.2799379], [69.3763539, 53.279966], [69.3763911, 53.2799829], [69.3764403, 53.2799946], [69.376508, 53.2799966], [69.3765559, 53.2799834], [69.3765814, 53.2799653], [69.3766382, 53.279728], [69.3763843, 53.2797035], [69.3763454, 53.2798124], [69.3760744, 53.2797951], [69.3760405, 53.2799379]]]}}, {"type": "Feature", "properties": {"levels": 9.0, "addr": "проспект Нурсултана Назарбаева 95", "name": "", "type": "apartments", "tagged": true}, "geometry": {"type": "Polygon", "coordinates": [[[69.3899062, 53.2791961], [69.3895671, 53.2791669], [69.389491, 53.2791711], [69.3894425, 53.2791947], [69.3894053, 53.2792374], [69.3892791, 53.2797293], [69.3894925, 53.2797449], [69.3895899, 53.2792971], [69.3898282, 53.2793176], [69.3898304, 53.2793081], [69.3898783, 53.2793122], [69.3899062, 53.2791961]]]}}, {"type": "Feature", "properties": {"levels": 1.0, "addr": "улица Зарапа Темирбекова 46", "name": "", "type": "yes", "tagged": true}, "geometry": {"type": "Polygon", "coordinates": [[[69.3711245, 53.2816278], [69.3713924, 53.2816562], [69.3714385, 53.2815002], [69.3711707, 53.2814719], [69.3711245, 53.2816278]]]}}, {"type": "Feature", "properties": {"levels": 1.0, "addr": "Сагдиева 76", "name": "", "type": "yes", "tagged": true}, "geometry": {"type": "Polygon", "coordinates": [[[69.3773049, 53.2772308], [69.3773237, 53.2771586], [69.3772322, 53.2771501], [69.3772134, 53.2772223], [69.3773049, 53.2772308]]]}}, {"type": "Feature", "properties": {"levels": 1.0, "addr": "улица Ашимова 87", "name": "", "type": "yes", "tagged": true}, "geometry": {"type": "Polygon", "coordinates": [[[69.3749955, 53.2778947], [69.3749847, 53.2779284], [69.3751103, 53.2779428], [69.3750907, 53.2780038], [69.375161, 53.2780118], [69.3751913, 53.2779172], [69.3749955, 53.2778947]]]}}, {"type": "Feature", "properties": {"levels": 1.0, "addr": "улица Ашимова 85", "name": "", "type": "yes", "tagged": true}, "geometry": {"type": "Polygon", "coordinates": [[[69.3746471, 53.2778564], [69.3746132, 53.2779677], [69.3747648, 53.2779842], [69.3747987, 53.2778729], [69.3746471, 53.2778564]]]}}, {"type": "Feature", "properties": {"levels": 1.0, "addr": "улица Зарапа Темирбекова 75", "name": "", "type": "yes", "tagged": true}, "geometry": {"type": "Polygon", "coordinates": [[[69.3737459, 53.278119], [69.3739019, 53.2781348], [69.3739525, 53.2779558], [69.3737966, 53.27794], [69.3737459, 53.278119]]]}}, {"type": "Feature", "properties": {"levels": 2, "addr": "", "name": "", "type": "yes", "tagged": false}, "geometry": {"type": "Polygon", "coordinates": [[[69.3728605, 53.2776826], [69.3728493, 53.2777209], [69.3729566, 53.2777322], [69.3729678, 53.2776939], [69.3728605, 53.2776826]]]}}, {"type": "Feature", "properties": {"levels": 1.0, "addr": "улица Ахмета Байтурсынова 91", "name": "", "type": "yes", "tagged": true}, "geometry": {"type": "Polygon", "coordinates": [[[69.3882944, 53.2917552], [69.3882516, 53.2919066], [69.388599, 53.2919418], [69.388642, 53.2917906], [69.3882944, 53.2917552]]]}}, {"type": "Feature", "properties": {"levels": 2, "addr": "", "name": "", "type": "yes", "tagged": false}, "geometry": {"type": "Polygon", "coordinates": [[[69.3785711, 53.2862936], [69.3785411, 53.2863878], [69.3786517, 53.2864004], [69.3786817, 53.2863061], [69.3785711, 53.2862936]]]}}, {"type": "Feature", "properties": {"levels": 5.0, "addr": "улица Ауельбекова 54", "name": "", "type": "apartments", "tagged": true}, "geometry": {"type": "Polygon", "coordinates": [[[69.3708349, 53.2819176], [69.3708779, 53.2817557], [69.3703795, 53.2817084], [69.3703365, 53.2818702], [69.3708349, 53.2819176]]]}}, {"type": "Feature", "properties": {"levels": 5.0, "addr": "улица Ауельбекова 58", "name": "", "type": "apartments", "tagged": true}, "geometry": {"type": "Polygon", "coordinates": [[[69.3713194, 53.2819679], [69.3713629, 53.2818082], [69.3708779, 53.2817557], [69.3708349, 53.2819176], [69.3713194, 53.2819679]]]}}, {"type": "Feature", "properties": {"levels": 1.0, "addr": "", "name": "", "type": "yes", "tagged": true}, "geometry": {"type": "Polygon", "coordinates": [[[69.3776861, 53.2832015], [69.3778065, 53.283213], [69.3778852, 53.2829364], [69.3777663, 53.2829243], [69.3776861, 53.2832015]]]}}, {"type": "Feature", "properties": {"levels": 4.0, "addr": "", "name": "", "type": "yes", "tagged": true}, "geometry": {"type": "Polygon", "coordinates": [[[69.3745343, 53.283658], [69.375201, 53.2837225], [69.3752627, 53.2837285], [69.3752952, 53.2836086], [69.3752386, 53.2836031], [69.3745667, 53.2835381], [69.3745343, 53.283658]]]}}, {"type": "Feature", "properties": {"levels": 3.0, "addr": "проспект Нурсултана Назарбаева 4/2", "name": "", "type": "yes", "tagged": true}, "geometry": {"type": "Polygon", "coordinates": [[[69.3841934, 53.2932862], [69.3845703, 53.2933207], [69.384594, 53.293228], [69.3842172, 53.2931935], [69.3841934, 53.2932862]]]}}, {"type": "Feature", "properties": {"levels": 1.0, "addr": "", "name": "", "type": "yes", "tagged": true}, "geometry": {"type": "Polygon", "coordinates": [[[69.3811439, 53.2843643], [69.3812712, 53.284376], [69.3812353, 53.2845166], [69.381168, 53.284559], [69.3807704, 53.2845204], [69.3807739, 53.2845083], [69.3807843, 53.2844735], [69.3811085, 53.2845031], [69.3811439, 53.2843643]]]}}, {"type": "Feature", "properties": {"levels": 1.0, "addr": "улица Ауельбекова 78", "name": "", "type": "yes", "tagged": true}, "geometry": {"type": "Polygon", "coordinates": [[[69.3766684, 53.2824708], [69.3767113, 53.2823169], [69.37654, 53.2822998], [69.376497, 53.2824537], [69.3766684, 53.2824708]]]}}, {"type": "Feature", "properties": {"levels": 3.0, "addr": "", "name": "", "type": "yes", "tagged": true}, "geometry": {"type": "Polygon", "coordinates": [[[69.3824665, 53.2834605], [69.3826856, 53.2834821], [69.3827085, 53.2833938], [69.3824915, 53.2833723], [69.3824665, 53.2834605]]]}}, {"type": "Feature", "properties": {"levels": 9.0, "addr": "улица Сабатаева 138", "name": "", "type": "apartments", "tagged": true}, "geometry": {"type": "Polygon", "coordinates": [[[69.3897181, 53.2800443], [69.3906922, 53.2801324], [69.3907328, 53.2799724], [69.3897605, 53.2798833], [69.3897181, 53.2800443]]]}}, {"type": "Feature", "properties": {"levels": 2.0, "addr": "", "name": "", "type": "yes", "tagged": true}, "geometry": {"type": "Polygon", "coordinates": [[[69.3935866, 53.2876039], [69.394458, 53.2876854], [69.3944884, 53.2875696], [69.3941214, 53.2875353], [69.3941564, 53.2874012], [69.3940108, 53.2873876], [69.3939756, 53.2875223], [69.3936168, 53.2874888], [69.3935866, 53.2876039]]]}}, {"type": "Feature", "properties": {"levels": 2.0, "addr": "", "name": "", "type": "yes", "tagged": true}, "geometry": {"type": "Polygon", "coordinates": [[[69.3932957, 53.2873538], [69.3936312, 53.2873836], [69.3936406, 53.2873458], [69.3933051, 53.287316], [69.3932957, 53.2873538]]]}}, {"type": "Feature", "properties": {"levels": 3.0, "addr": "", "name": "", "type": "yes", "tagged": true}, "geometry": {"type": "Polygon", "coordinates": [[[69.3930532, 53.2872176], [69.3928529, 53.2879912], [69.3935899, 53.2880594], [69.3936224, 53.287934], [69.3941774, 53.2879853], [69.3942144, 53.2878421], [69.3931867, 53.287747], [69.3933175, 53.287242], [69.3930532, 53.2872176]]]}}, {"type": "Feature", "properties": {"levels": 2, "addr": "Сункар микрорайон 4/1", "name": "", "type": "yes", "tagged": false}, "geometry": {"type": "Polygon", "coordinates": [[[69.4021125, 53.278639], [69.4023928, 53.278664], [69.4024277, 53.2785239], [69.4023599, 53.2785179], [69.402381, 53.2784331], [69.4024487, 53.2784391], [69.4024814, 53.2783079], [69.4022011, 53.278283], [69.4021125, 53.278639]]]}}, {"type": "Feature", "properties": {"levels": 2, "addr": "Сункар микрорайон 4", "name": "", "type": "yes", "tagged": false}, "geometry": {"type": "Polygon", "coordinates": [[[69.4016271, 53.2786006], [69.4019097, 53.2786243], [69.4019928, 53.2782698], [69.4017102, 53.2782461], [69.4016771, 53.2783874], [69.4017673, 53.278395], [69.4017508, 53.2784653], [69.4016606, 53.2784577], [69.4016271, 53.2786006]]]}}, {"type": "Feature", "properties": {"levels": 5.0, "addr": "улица Зарапа Темирбекова 33", "name": "", "type": "apartments", "tagged": true}, "geometry": {"type": "Polygon", "coordinates": [[[69.372092, 53.2836572], [69.3721091, 53.2836589], [69.3722477, 53.2836729], [69.3722743, 53.2836755], [69.3724461, 53.2830666], [69.3722638, 53.2830483], [69.372092, 53.2836572]]]}}, {"type": "Feature", "properties": {"levels": 2, "addr": "улица Юрия Гагарина 47в", "name": "", "type": "yes", "tagged": false}, "geometry": {"type": "Polygon", "coordinates": [[[69.3785587, 53.2895612], [69.3786588, 53.2895748], [69.3786991, 53.2894689], [69.3785989, 53.2894553], [69.3785587, 53.2895612]]]}}, {"type": "Feature", "properties": {"levels": 1.0, "addr": "улица Юрия Гагарина 41", "name": "", "type": "yes", "tagged": true}, "geometry": {"type": "Polygon", "coordinates": [[[69.3776186, 53.2893615], [69.3775967, 53.2894315], [69.377755, 53.2894492], [69.3777768, 53.2893792], [69.3776186, 53.2893615]]]}}, {"type": "Feature", "properties": {"levels": 1.0, "addr": "улица Магзи Абулкасымова 57", "name": "", "type": "yes", "tagged": true}, "geometry": {"type": "Polygon", "coordinates": [[[69.3758228, 53.2879798], [69.3758026, 53.2880584], [69.3759421, 53.2880712], [69.3759623, 53.2879927], [69.3758228, 53.2879798]]]}}, {"type": "Feature", "properties": {"levels": 2.0, "addr": "", "name": "", "type": "yes", "tagged": true}, "geometry": {"type": "Polygon", "coordinates": [[[69.3839253, 53.2848686], [69.3840878, 53.2848828], [69.3840983, 53.2848383], [69.3839384, 53.2848244], [69.3839253, 53.2848686]]]}}, {"type": "Feature", "properties": {"levels": 5.0, "addr": "", "name": "", "type": "yes", "tagged": true}, "geometry": {"type": "Polygon", "coordinates": [[[69.3968458, 53.2842158], [69.3969477, 53.2842244], [69.3969516, 53.2842077], [69.3969681, 53.2841402], [69.3968658, 53.2841315], [69.3968458, 53.2842158]]]}}, {"type": "Feature", "properties": {"levels": 2, "addr": "", "name": "", "type": "yes", "tagged": false}, "geometry": {"type": "Polygon", "coordinates": [[[69.4033028, 53.2753373], [69.4034302, 53.2753508], [69.4034651, 53.2752337], [69.4033377, 53.2752202], [69.4033028, 53.2753373]]]}}, {"type": "Feature", "properties": {"levels": 2, "addr": "", "name": "", "type": "yes", "tagged": false}, "geometry": {"type": "Polygon", "coordinates": [[[69.3932365, 53.2749832], [69.3934296, 53.2750008], [69.3934366, 53.2749735], [69.3932435, 53.2749558], [69.3932365, 53.2749832]]]}}, {"type": "Feature", "properties": {"levels": 1.0, "addr": "улица Косшигулова 82", "name": "", "type": "yes", "tagged": true}, "geometry": {"type": "Polygon", "coordinates": [[[69.3849508, 53.2750033], [69.3850358, 53.2750115], [69.3850635, 53.2750234], [69.3851099, 53.275028], [69.3851563, 53.2750206], [69.3852023, 53.2748503], [69.3849975, 53.2748305], [69.3849508, 53.2750033]]]}}, {"type": "Feature", "properties": {"levels": 2, "addr": "улица Магжана Жумабаева 84", "name": "", "type": "yes", "tagged": false}, "geometry": {"type": "Polygon", "coordinates": [[[69.3759309, 53.2750975], [69.3760687, 53.2751121], [69.3760901, 53.27504], [69.3759523, 53.2750253], [69.3759309, 53.2750975]]]}}, {"type": "Feature", "properties": {"levels": 2, "addr": "", "name": "", "type": "yes", "tagged": false}, "geometry": {"type": "Polygon", "coordinates": [[[69.3742813, 53.2750012], [69.3743829, 53.2750092], [69.374399, 53.2749354], [69.3742974, 53.2749275], [69.3742813, 53.2750012]]]}}, {"type": "Feature", "properties": {"levels": 1.0, "addr": "улица Зарапа Темирбекова 84", "name": "", "type": "yes", "tagged": true}, "geometry": {"type": "Polygon", "coordinates": [[[69.3735122, 53.2758832], [69.3735232, 53.2758458], [69.3736279, 53.2758568], [69.3736433, 53.2758048], [69.373563, 53.2757963], [69.3734272, 53.275782], [69.3730939, 53.2757486], [69.3730642, 53.2757455], [69.3730384, 53.2758333], [69.3735122, 53.2758832]]]}}, {"type": "Feature", "properties": {"levels": 1.0, "addr": "улица Зарапа Темирбекова 86", "name": "", "type": "yes", "tagged": true}, "geometry": {"type": "Polygon", "coordinates": [[[69.373563, 53.2757963], [69.3735946, 53.2756917], [69.373457, 53.2756762], [69.3734272, 53.275782], [69.373563, 53.2757963]]]}}, {"type": "Feature", "properties": {"levels": 1.0, "addr": "улица Сабатаева 58", "name": "", "type": "yes", "tagged": true}, "geometry": {"type": "Polygon", "coordinates": [[[69.37185, 53.2783157], [69.3719359, 53.2783233], [69.3719289, 53.2783516], [69.3720371, 53.2783612], [69.3720801, 53.2781879], [69.371886, 53.2781707], [69.37185, 53.2783157]]]}}, {"type": "Feature", "properties": {"levels": 1.0, "addr": "улица Сабатаева 57", "name": "", "type": "yes", "tagged": true}, "geometry": {"type": "Polygon", "coordinates": [[[69.3702204, 53.2787791], [69.370266, 53.2786411], [69.3701473, 53.2786271], [69.3701017, 53.278765], [69.3702204, 53.2787791]]]}}, {"type": "Feature", "properties": {"levels": 2, "addr": "", "name": "", "type": "yes", "tagged": false}, "geometry": {"type": "Polygon", "coordinates": [[[69.3700126, 53.2856967], [69.3703988, 53.2857304], [69.3704152, 53.285663], [69.370029, 53.2856294], [69.3700126, 53.2856967]]]}}, {"type": "Feature", "properties": {"levels": 2, "addr": "Сагдиева 9", "name": "", "type": "yes", "tagged": false}, "geometry": {"type": "Polygon", "coordinates": [[[69.3746676, 53.2895833], [69.3747587, 53.2895928], [69.3747801, 53.2895191], [69.374689, 53.2895096], [69.3746676, 53.2895833]]]}}, {"type": "Feature", "properties": {"levels": 1.0, "addr": "улица Биржан сала 7", "name": "", "type": "yes", "tagged": true}, "geometry": {"type": "Polygon", "coordinates": [[[69.3781638, 53.291363], [69.3782496, 53.2913718], [69.3782738, 53.2912868], [69.3781879, 53.2912781], [69.3781638, 53.291363]]]}}, {"type": "Feature", "properties": {"levels": 2, "addr": "", "name": "", "type": "yes", "tagged": false}, "geometry": {"type": "Polygon", "coordinates": [[[69.3785728, 53.2923967], [69.3787098, 53.2924079], [69.3787258, 53.2923374], [69.3785889, 53.2923262], [69.3785728, 53.2923967]]]}}, {"type": "Feature", "properties": {"levels": 2, "addr": "", "name": "", "type": "yes", "tagged": false}, "geometry": {"type": "Polygon", "coordinates": [[[69.3779318, 53.2925218], [69.378012, 53.292531], [69.3780361, 53.2924556], [69.3779559, 53.2924464], [69.3779318, 53.2925218]]]}}, {"type": "Feature", "properties": {"levels": 2, "addr": "", "name": "", "type": "yes", "tagged": false}, "geometry": {"type": "Polygon", "coordinates": [[[69.3787499, 53.29223], [69.3789269, 53.2922509], [69.3789466, 53.292191], [69.3787696, 53.2921701], [69.3787499, 53.29223]]]}}, {"type": "Feature", "properties": {"levels": 2, "addr": "", "name": "", "type": "yes", "tagged": false}, "geometry": {"type": "Polygon", "coordinates": [[[69.3787499, 53.29223], [69.3787279, 53.2922966], [69.3789049, 53.2923175], [69.3789269, 53.2922509], [69.3787499, 53.29223]]]}}, {"type": "Feature", "properties": {"levels": 2, "addr": "", "name": "", "type": "yes", "tagged": false}, "geometry": {"type": "Polygon", "coordinates": [[[69.3789591, 53.2923134], [69.3791495, 53.292339], [69.3791631, 53.2923029], [69.3789727, 53.2922773], [69.3789591, 53.2923134]]]}}, {"type": "Feature", "properties": {"levels": 2, "addr": "", "name": "", "type": "yes", "tagged": false}, "geometry": {"type": "Polygon", "coordinates": [[[69.3790181, 53.2922044], [69.3790061, 53.2922364], [69.3791993, 53.2922621], [69.3792112, 53.29223], [69.3790181, 53.2922044]]]}}, {"type": "Feature", "properties": {"levels": 2, "addr": "", "name": "", "type": "yes", "tagged": false}, "geometry": {"type": "Polygon", "coordinates": [[[69.3831353, 53.2871021], [69.3831223, 53.2871429], [69.3832913, 53.2871621], [69.3833042, 53.2871214], [69.3831353, 53.2871021]]]}}, {"type": "Feature", "properties": {"levels": 1.0, "addr": "улица Магзи Абулкасымова 108", "name": "", "type": "yes", "tagged": true}, "geometry": {"type": "Polygon", "coordinates": [[[69.3775203, 53.287979], [69.3781474, 53.2880473], [69.3781839, 53.2879276], [69.3777011, 53.2878749], [69.3777738, 53.2876369], [69.3784029, 53.2877055], [69.3784207, 53.2876473], [69.3777121, 53.2875701], [69.3776472, 53.287563], [69.3775203, 53.287979]]]}}, {"type": "Feature", "properties": {"levels": 2, "addr": "", "name": "", "type": "yes", "tagged": false}, "geometry": {"type": "Polygon", "coordinates": [[[69.3808005, 53.2974896], [69.3808102, 53.2975436], [69.3809095, 53.2975372], [69.3808997, 53.2974832], [69.3808005, 53.2974896]]]}}, {"type": "Feature", "properties": {"levels": 2, "addr": "", "name": "", "type": "yes", "tagged": false}, "geometry": {"type": "Polygon", "coordinates": [[[69.3810231, 53.297512], [69.3809838, 53.2975623], [69.3810643, 53.2975848], [69.3811035, 53.2975345], [69.3810231, 53.297512]]]}}, {"type": "Feature", "properties": {"levels": 2, "addr": "", "name": "", "type": "yes", "tagged": false}, "geometry": {"type": "Polygon", "coordinates": [[[69.3811706, 53.2975537], [69.3811312, 53.2975964], [69.381209, 53.297622], [69.3812484, 53.2975794], [69.3811706, 53.2975537]]]}}, {"type": "Feature", "properties": {"levels": 2, "addr": "", "name": "", "type": "yes", "tagged": false}, "geometry": {"type": "Polygon", "coordinates": [[[69.3813369, 53.2976018], [69.3813003, 53.2976523], [69.3813808, 53.2976731], [69.3814174, 53.2976227], [69.3813369, 53.2976018]]]}}, {"type": "Feature", "properties": {"levels": 2, "addr": "", "name": "", "type": "yes", "tagged": false}, "geometry": {"type": "Polygon", "coordinates": [[[69.3809024, 53.2974239], [69.3810112, 53.2974136], [69.3809936, 53.2973469], [69.3808848, 53.2973572], [69.3809024, 53.2974239]]]}}, {"type": "Feature", "properties": {"levels": 2, "addr": "", "name": "", "type": "yes", "tagged": false}, "geometry": {"type": "Polygon", "coordinates": [[[69.3811733, 53.2973934], [69.3812869, 53.2973827], [69.3812698, 53.2973181], [69.3811562, 53.2973288], [69.3811733, 53.2973934]]]}}, {"type": "Feature", "properties": {"levels": 2, "addr": "", "name": "", "type": "yes", "tagged": false}, "geometry": {"type": "Polygon", "coordinates": [[[69.3814335, 53.2973678], [69.3815427, 53.2973575], [69.3815246, 53.2972892], [69.3814154, 53.2972995], [69.3814335, 53.2973678]]]}}, {"type": "Feature", "properties": {"levels": 2, "addr": "", "name": "", "type": "yes", "tagged": false}, "geometry": {"type": "Polygon", "coordinates": [[[69.3816963, 53.2973389], [69.3817982, 53.2973293], [69.3817811, 53.2972646], [69.3816792, 53.2972742], [69.3816963, 53.2973389]]]}}, {"type": "Feature", "properties": {"levels": 2, "addr": "", "name": "", "type": "yes", "tagged": false}, "geometry": {"type": "Polygon", "coordinates": [[[69.3818277, 53.2978278], [69.381994, 53.2978214], [69.3819877, 53.2977626], [69.3818214, 53.297769], [69.3818277, 53.2978278]]]}}, {"type": "Feature", "properties": {"levels": 1.0, "addr": "", "name": "", "type": "yes", "tagged": true}, "geometry": {"type": "Polygon", "coordinates": [[[69.3817732, 53.2946818], [69.3818583, 53.2946905], [69.3819029, 53.2945339], [69.3823002, 53.2945752], [69.3822875, 53.2946227], [69.3826545, 53.2946603], [69.3826637, 53.294623], [69.3826093, 53.2945661], [69.3819383, 53.2944954], [69.3819338, 53.2945113], [69.3818251, 53.2945002], [69.3817732, 53.2946818]]]}}, {"type": "Feature", "properties": {"levels": 9.0, "addr": "улица Мухтара Ауэзова 268", "name": "", "type": "yes", "tagged": true}, "geometry": {"type": "Polygon", "coordinates": [[[69.3990967, 53.2890752], [69.4000271, 53.2891756], [69.4001078, 53.2889084], [69.399843, 53.2888798], [69.3998021, 53.2890152], [69.3993482, 53.2889662], [69.3993891, 53.2888308], [69.3991774, 53.2888079], [69.3990967, 53.2890752]]]}}, {"type": "Feature", "properties": {"levels": 1.0, "addr": "улица Наурызбай батыра 35", "name": "", "type": "yes", "tagged": true}, "geometry": {"type": "Polygon", "coordinates": [[[69.3711707, 53.2752849], [69.3711528, 53.2753502], [69.3713325, 53.2753678], [69.3713505, 53.2753025], [69.3711707, 53.2752849]]]}}, {"type": "Feature", "properties": {"levels": 2, "addr": "", "name": "", "type": "yes", "tagged": false}, "geometry": {"type": "Polygon", "coordinates": [[[69.4033116, 53.2841791], [69.4032987, 53.2842522], [69.4036796, 53.2842763], [69.4036925, 53.2842031], [69.4033116, 53.2841791]]]}}, {"type": "Feature", "properties": {"levels": 2, "addr": "", "name": "", "type": "yes", "tagged": false}, "geometry": {"type": "Polygon", "coordinates": [[[69.3879104, 53.2768823], [69.3878986, 53.2769358], [69.3881239, 53.2769534], [69.3881357, 53.2769], [69.3879104, 53.2768823]]]}}, {"type": "Feature", "properties": {"levels": 1.0, "addr": "улица Ашимова 146", "name": "", "type": "yes", "tagged": true}, "geometry": {"type": "Polygon", "coordinates": [[[69.3913114, 53.2790539], [69.3915018, 53.2790699], [69.39152, 53.2789928], [69.3913296, 53.2789768], [69.3913114, 53.2790539]]]}}, {"type": "Feature", "properties": {"levels": 1.0, "addr": "улица Ашимова 118", "name": "", "type": "yes", "tagged": true}, "geometry": {"type": "Polygon", "coordinates": [[[69.3849385, 53.2784733], [69.3849894, 53.2783065], [69.3848202, 53.278288], [69.3847949, 53.2783708], [69.3848638, 53.2783783], [69.3848381, 53.2784623], [69.3849385, 53.2784733]]]}}, {"type": "Feature", "properties": {"levels": 2.0, "addr": "улица Елемесова 51", "name": "", "type": "yes", "tagged": true}, "geometry": {"type": "Polygon", "coordinates": [[[69.3925476, 53.2813123], [69.3927499, 53.2813374], [69.3927947, 53.2812082], [69.3925923, 53.2811832], [69.3925476, 53.2813123]]]}}, {"type": "Feature", "properties": {"levels": 2, "addr": "", "name": "", "type": "yes", "tagged": false}, "geometry": {"type": "Polygon", "coordinates": [[[69.377726, 53.2875192], [69.3777121, 53.2875701], [69.3784207, 53.2876473], [69.3784341, 53.2875913], [69.3781498, 53.2875624], [69.3781705, 53.2874899], [69.3779979, 53.2874723], [69.3779772, 53.2875448], [69.377726, 53.2875192]]]}}, {"type": "Feature", "properties": {"levels": 1.0, "addr": "улица Женис 99", "name": "", "type": "yes", "tagged": true}, "geometry": {"type": "Polygon", "coordinates": [[[69.3701971, 53.2755576], [69.3702131, 53.2754934], [69.3699906, 53.2754734], [69.3699745, 53.2755376], [69.3701971, 53.2755576]]]}}, {"type": "Feature", "properties": {"levels": 1.0, "addr": "Алихана 65", "name": "", "type": "yes", "tagged": true}, "geometry": {"type": "Polygon", "coordinates": [[[69.3709937, 53.2776185], [69.3710304, 53.2775127], [69.3708882, 53.277495], [69.3708515, 53.2776008], [69.3709937, 53.2776185]]]}}, {"type": "Feature", "properties": {"levels": 1.0, "addr": "улица Ашимова 63", "name": "", "type": "yes", "tagged": true}, "geometry": {"type": "Polygon", "coordinates": [[[69.370755, 53.2775656], [69.3707839, 53.2774634], [69.3706095, 53.2774458], [69.3705806, 53.2775479], [69.370755, 53.2775656]]]}}, {"type": "Feature", "properties": {"levels": 1.0, "addr": "Алихана 71", "name": "", "type": "yes", "tagged": true}, "geometry": {"type": "Polygon", "coordinates": [[[69.371565, 53.2780964], [69.371584, 53.2779976], [69.3714446, 53.277988], [69.3714255, 53.2780868], [69.371565, 53.2780964]]]}}, {"type": "Feature", "properties": {"levels": 1.0, "addr": "улица Зарапа Темирбекова 50", "name": "", "type": "yes", "tagged": true}, "geometry": {"type": "Polygon", "coordinates": [[[69.3719792, 53.2814662], [69.3719896, 53.2814262], [69.3720763, 53.2814343], [69.372128, 53.2812364], [69.3720558, 53.2812296], [69.3720743, 53.2811587], [69.3718714, 53.2811397], [69.3717909, 53.2814487], [69.3719792, 53.2814662]]]}}, {"type": "Feature", "properties": {"levels": 3.0, "addr": "", "name": "", "type": "yes", "tagged": true}, "geometry": {"type": "Polygon", "coordinates": [[[69.3697953, 53.2859775], [69.3702798, 53.2860161], [69.3703014, 53.2859193], [69.3698169, 53.2858807], [69.3697953, 53.2859775]]]}}, {"type": "Feature", "properties": {"levels": 9.0, "addr": "улица Мухтара Ауэзова 137", "name": "", "type": "yes", "tagged": true}, "geometry": {"type": "Polygon", "coordinates": [[[69.3724599, 53.2868172], [69.3725001, 53.2866728], [69.3715588, 53.2865794], [69.3715186, 53.2867237], [69.3724599, 53.2868172]]]}}, {"type": "Feature", "properties": {"levels": 1.0, "addr": "улица Магжана Жумабаева 62", "name": "", "type": "yes", "tagged": true}, "geometry": {"type": "Polygon", "coordinates": [[[69.3753201, 53.2781622], [69.3754515, 53.2781718], [69.3754678, 53.2780922], [69.3753364, 53.2780826], [69.3753201, 53.2781622]]]}}, {"type": "Feature", "properties": {"levels": 1.0, "addr": "", "name": "", "type": "yes", "tagged": true}, "geometry": {"type": "Polygon", "coordinates": [[[69.3746267, 53.2847149], [69.3748923, 53.2847403], [69.3748887, 53.2847538], [69.3748489, 53.2849029], [69.3747015, 53.2848888], [69.3747236, 53.284806], [69.3746054, 53.2847947], [69.3746267, 53.2847149]]]}}, {"type": "Feature", "properties": {"levels": 9.0, "addr": "улица Абая 69", "name": "", "type": "hotel", "tagged": true}, "geometry": {"type": "Polygon", "coordinates": [[[69.3748081, 53.2850486], [69.3745726, 53.2850258], [69.3746154, 53.2848681], [69.3742939, 53.2848369], [69.3743345, 53.2846873], [69.3745278, 53.2847056], [69.3746267, 53.2847149], [69.3746054, 53.2847947], [69.3747236, 53.284806], [69.3747015, 53.2848888], [69.3748489, 53.2849029], [69.3748081, 53.2850486]]]}}, {"type": "Feature", "properties": {"levels": 2, "addr": "улица Мухтара Ауэзова 208у", "name": "", "type": "yes", "tagged": false}, "geometry": {"type": "Polygon", "coordinates": [[[69.3767366, 53.2866679], [69.3768468, 53.2863298], [69.3767006, 53.2863128], [69.3766648, 53.2864226], [69.376591, 53.286414], [69.3765167, 53.2866423], [69.3767366, 53.2866679]]]}}, {"type": "Feature", "properties": {"levels": 1.0, "addr": "Сагдиева 69", "name": "", "type": "yes", "tagged": true}, "geometry": {"type": "Polygon", "coordinates": [[[69.3784073, 53.276313], [69.3784356, 53.2761944], [69.3782666, 53.27618], [69.3782383, 53.2762985], [69.3784073, 53.276313]]]}}, {"type": "Feature", "properties": {"levels": 1.0, "addr": "улица Островского 72", "name": "", "type": "yes", "tagged": true}, "geometry": {"type": "Polygon", "coordinates": [[[69.3783187, 53.2766918], [69.3783662, 53.2765332], [69.3781115, 53.2765068], [69.3780701, 53.2766654], [69.3783187, 53.2766918]]]}}, {"type": "Feature", "properties": {"levels": 1.0, "addr": "Сагдиева 57", "name": "", "type": "yes", "tagged": true}, "geometry": {"type": "Polygon", "coordinates": [[[69.3781337, 53.2775335], [69.3781605, 53.2774212], [69.3779578, 53.2774039], [69.3779309, 53.2775162], [69.3781337, 53.2775335]]]}}, {"type": "Feature", "properties": {"levels": 1.0, "addr": "улица Ашимова 99", "name": "", "type": "yes", "tagged": true}, "geometry": {"type": "Polygon", "coordinates": [[[69.3777609, 53.2782937], [69.3777904, 53.278183], [69.3776157, 53.2781664], [69.3775862, 53.278277], [69.3777609, 53.2782937]]]}}, {"type": "Feature", "properties": {"levels": 1.0, "addr": "улица Ашимова 97", "name": "", "type": "yes", "tagged": true}, "geometry": {"type": "Polygon", "coordinates": [[[69.3770635, 53.2781942], [69.377093, 53.2781012], [69.3768789, 53.2780769], [69.3768494, 53.2781699], [69.3770635, 53.2781942]]]}}, {"type": "Feature", "properties": {"levels": 1.0, "addr": "Сагдиева 64", "name": "", "type": "yes", "tagged": true}, "geometry": {"type": "Polygon", "coordinates": [[[69.3766127, 53.2787153], [69.3768862, 53.2787459], [69.3769077, 53.2786593], [69.376637, 53.2786353], [69.3766127, 53.2787153]]]}}, {"type": "Feature", "properties": {"levels": 1.0, "addr": "Сагдиева 43", "name": "", "type": "yes", "tagged": true}, "geometry": {"type": "Polygon", "coordinates": [[[69.3773934, 53.2796986], [69.3774149, 53.279628], [69.3772499, 53.2796101], [69.3772284, 53.2796806], [69.3773934, 53.2796986]]]}}, {"type": "Feature", "properties": {"levels": 1.0, "addr": "Сагдиева 45", "name": "", "type": "yes", "tagged": true}, "geometry": {"type": "Polygon", "coordinates": [[[69.377431, 53.2795494], [69.3774605, 53.2794612], [69.3772918, 53.279441], [69.3772623, 53.2795292], [69.377431, 53.2795494]]]}}, {"type": "Feature", "properties": {"levels": 1.0, "addr": "улица Биржан сала 11", "name": "", "type": "yes", "tagged": true}, "geometry": {"type": "Polygon", "coordinates": [[[69.3784435, 53.2909087], [69.378469, 53.2908526], [69.3783132, 53.2908273], [69.3782877, 53.2908834], [69.3784435, 53.2909087]]]}}, {"type": "Feature", "properties": {"levels": 1.0, "addr": "улица Сабатаева 75", "name": "", "type": "yes", "tagged": true}, "geometry": {"type": "Polygon", "coordinates": [[[69.3858791, 53.2802228], [69.3859205, 53.2800516], [69.3854409, 53.2800102], [69.3853995, 53.2801813], [69.3858791, 53.2802228]]]}}, {"type": "Feature", "properties": {"levels": 1.0, "addr": "улица Ильяса Есенберлина 123", "name": "", "type": "yes", "tagged": true}, "geometry": {"type": "Polygon", "coordinates": [[[69.3881799, 53.2759144], [69.3883776, 53.2759303], [69.3883924, 53.2758645], [69.3881947, 53.2758487], [69.3881799, 53.2759144]]]}}, {"type": "Feature", "properties": {"levels": 1.0, "addr": "улица Ильяса Есенберлина 129", "name": "", "type": "yes", "tagged": true}, "geometry": {"type": "Polygon", "coordinates": [[[69.3883958, 53.2751734], [69.3885617, 53.2751855], [69.3885778, 53.2751061], [69.3884119, 53.275094], [69.3883958, 53.2751734]]]}}, {"type": "Feature", "properties": {"levels": 1.0, "addr": "улица Ильяса Есенберлина 82", "name": "", "type": "yes", "tagged": true}, "geometry": {"type": "Polygon", "coordinates": [[[69.3869756, 53.2774396], [69.3870856, 53.2774469], [69.3871007, 53.2773646], [69.3869907, 53.2773574], [69.3869756, 53.2774396]]]}}, {"type": "Feature", "properties": {"levels": 2.0, "addr": "улица Мухтара Ауэзова 189/1", "name": "", "type": "yes", "tagged": true}, "geometry": {"type": "Polygon", "coordinates": [[[69.3879479, 53.2884187], [69.3882396, 53.2884532], [69.3882879, 53.2883073], [69.3879962, 53.2882728], [69.3879479, 53.2884187]]]}}, {"type": "Feature", "properties": {"levels": 1.0, "addr": "улица Потанина 95", "name": "", "type": "yes", "tagged": true}, "geometry": {"type": "Polygon", "coordinates": [[[69.3924862, 53.275321], [69.3926883, 53.2753478], [69.3927097, 53.2752901], [69.3925077, 53.2752632], [69.3924862, 53.275321]]]}}, {"type": "Feature", "properties": {"levels": 1.0, "addr": "улица Косшигулова 118", "name": "", "type": "yes", "tagged": true}, "geometry": {"type": "Polygon", "coordinates": [[[69.3923119, 53.2758671], [69.3924674, 53.2758821], [69.3924942, 53.2757827], [69.3923387, 53.2757677], [69.3923119, 53.2758671]]]}}, {"type": "Feature", "properties": {"levels": 1.0, "addr": "проспект Нурсултана Назарбаева 116", "name": "", "type": "yes", "tagged": true}, "geometry": {"type": "Polygon", "coordinates": [[[69.3889619, 53.2762415], [69.3894368, 53.2762806], [69.3894621, 53.2761708], [69.3889872, 53.2761317], [69.3889619, 53.2762415]]]}}, {"type": "Feature", "properties": {"levels": 1.0, "addr": "проспект Нурсултана Назарбаева 120", "name": "", "type": "yes", "tagged": true}, "geometry": {"type": "Polygon", "coordinates": [[[69.3892756, 53.2758719], [69.3894419, 53.2758847], [69.3894697, 53.2757559], [69.3893034, 53.2757431], [69.3892756, 53.2758719]]]}}, {"type": "Feature", "properties": {"levels": 1.0, "addr": "проспект Нурсултана Назарбаева 108", "name": "", "type": "yes", "tagged": true}, "geometry": {"type": "Polygon", "coordinates": [[[69.3890056, 53.2772506], [69.3891638, 53.2772618], [69.3891754, 53.2772038], [69.3890171, 53.2771925], [69.3890056, 53.2772506]]]}}, {"type": "Feature", "properties": {"levels": 1.0, "addr": "улица Елемесова 84", "name": "", "type": "detached", "tagged": true}, "geometry": {"type": "Polygon", "coordinates": [[[69.3927858, 53.2778252], [69.3927659, 53.2779062], [69.392943, 53.2779218], [69.3929629, 53.2778408], [69.3927858, 53.2778252]]]}}, {"type": "Feature", "properties": {"levels": 1.0, "addr": "улица Елемесова 106", "name": "", "type": "detached", "tagged": true}, "geometry": {"type": "Polygon", "coordinates": [[[69.3935403, 53.2756073], [69.3935832, 53.275495], [69.3933788, 53.2754671], [69.3933359, 53.2755793], [69.3935403, 53.2756073]]]}}, {"type": "Feature", "properties": {"levels": 1.0, "addr": "улица Янко 109", "name": "", "type": "yes", "tagged": true}, "geometry": {"type": "Polygon", "coordinates": [[[69.397628, 53.2784849], [69.3978727, 53.2785032], [69.3979558, 53.2781051], [69.3977112, 53.2780868], [69.397628, 53.2784849]]]}}, {"type": "Feature", "properties": {"levels": 1.0, "addr": "улица Наурызбай батыра 163", "name": "", "type": "detached", "tagged": true}, "geometry": {"type": "Polygon", "coordinates": [[[69.3964692, 53.2776811], [69.3965025, 53.2775419], [69.3963899, 53.2775322], [69.3963566, 53.2776715], [69.3964692, 53.2776811]]]}}, {"type": "Feature", "properties": {"levels": 1.0, "addr": "", "name": "", "type": "yes", "tagged": true}, "geometry": {"type": "Polygon", "coordinates": [[[69.3986821, 53.2784492], [69.3986942, 53.2783995], [69.3984952, 53.2783823], [69.3984831, 53.278432], [69.3986821, 53.2784492]]]}}, {"type": "Feature", "properties": {"levels": 5.0, "addr": "улица Жумабека Ташенова 76", "name": "", "type": "yes", "tagged": true}, "geometry": {"type": "Polygon", "coordinates": [[[69.4022143, 53.2813125], [69.402409, 53.2813282], [69.4026225, 53.2803815], [69.4024016, 53.2804818], [69.4022143, 53.2813125]]]}}, {"type": "Feature", "properties": {"levels": 1.0, "addr": "улица Кудайбердиева 125", "name": "", "type": "yes", "tagged": true}, "geometry": {"type": "Polygon", "coordinates": [[[69.3996906, 53.2882535], [69.3997282, 53.2881461], [69.3994741, 53.2881144], [69.3994365, 53.2882218], [69.3996906, 53.2882535]]]}}, {"type": "Feature", "properties": {"levels": 1.0, "addr": "улица Кудайбердиева 53", "name": "", "type": "yes", "tagged": true}, "geometry": {"type": "Polygon", "coordinates": [[[69.3991247, 53.2882167], [69.3991569, 53.288114], [69.3989246, 53.288088], [69.3988925, 53.2881906], [69.3991247, 53.2882167]]]}}, {"type": "Feature", "properties": {"levels": 1.0, "addr": "улица Валиханова 154/3", "name": "", "type": "yes", "tagged": true}, "geometry": {"type": "Polygon", "coordinates": [[[69.4043943, 53.2756829], [69.405422, 53.2757824], [69.4054759, 53.2755835], [69.4046516, 53.2755035], [69.4046266, 53.2755957], [69.4044232, 53.275576], [69.4043943, 53.2756829]]]}}, {"type": "Feature", "properties": {"levels": 1.0, "addr": "улица Жумабека Ташенова 85", "name": "", "type": "yes", "tagged": true}, "geometry": {"type": "Polygon", "coordinates": [[[69.4027376, 53.281639], [69.4027564, 53.2815476], [69.4025464, 53.2815322], [69.4025276, 53.2816236], [69.4027376, 53.281639]]]}}, {"type": "Feature", "properties": {"levels": 1.0, "addr": "улица Жумабека Ташенова 35", "name": "", "type": "yes", "tagged": true}, "geometry": {"type": "Polygon", "coordinates": [[[69.4002434, 53.290194], [69.4004461, 53.290217], [69.4005007, 53.2900455], [69.4002981, 53.2900224], [69.4002434, 53.290194]]]}}, {"type": "Feature", "properties": {"levels": 1.0, "addr": "улица Мухтара Ауэзова 207", "name": "", "type": "yes", "tagged": true}, "geometry": {"type": "Polygon", "coordinates": [[[69.4004976, 53.2899504], [69.4005458, 53.2897601], [69.4009662, 53.2897982], [69.401004, 53.2896489], [69.4003681, 53.2895913], [69.400282, 53.2899309], [69.4004976, 53.2899504]]]}}, {"type": "Feature", "properties": {"levels": 1.0, "addr": "улица Юрия Гагарина 110", "name": "", "type": "yes", "tagged": true}, "geometry": {"type": "Polygon", "coordinates": [[[69.3991703, 53.2915099], [69.3993884, 53.2915319], [69.399426, 53.2913988], [69.3992078, 53.2913768], [69.3991703, 53.2915099]]]}}, {"type": "Feature", "properties": {"levels": 1.0, "addr": "улица Юрия Гагарина 147", "name": "", "type": "yes", "tagged": true}, "geometry": {"type": "Polygon", "coordinates": [[[69.4010403, 53.2923907], [69.4010759, 53.2923416], [69.4009263, 53.2923028], [69.4008907, 53.2923519], [69.4010403, 53.2923907]]]}}, {"type": "Feature", "properties": {"levels": 1.0, "addr": "улица Жумабека Ташенова 18", "name": "", "type": "yes", "tagged": true}, "geometry": {"type": "Polygon", "coordinates": [[[69.3991864, 53.2923308], [69.3992132, 53.292257], [69.399056, 53.2922366], [69.3990292, 53.2923103], [69.3991864, 53.2923308]]]}}, {"type": "Feature", "properties": {"levels": 3.0, "addr": "улица Пушкина 18", "name": "", "type": "yes", "tagged": true}, "geometry": {"type": "Polygon", "coordinates": [[[69.4044425, 53.2854749], [69.4046555, 53.2853845], [69.4045749, 53.2856784], [69.4043963, 53.2856609], [69.4044425, 53.2854749]]]}}, {"type": "Feature", "properties": {"levels": 1.0, "addr": "улица Ашимова 212", "name": "", "type": "yes", "tagged": true}, "geometry": {"type": "Polygon", "coordinates": [[[69.4047359, 53.2802246], [69.4049102, 53.2802415], [69.4049263, 53.2801821], [69.404752, 53.2801652], [69.4047359, 53.2802246]]]}}, {"type": "Feature", "properties": {"levels": 1.0, "addr": "улица Буденного 72", "name": "", "type": "yes", "tagged": true}, "geometry": {"type": "Polygon", "coordinates": [[[69.4042504, 53.2796312], [69.4044202, 53.2796398], [69.4044309, 53.2795645], [69.4042611, 53.2795558], [69.4042504, 53.2796312]]]}}, {"type": "Feature", "properties": {"levels": 1.0, "addr": "улица Сабатаева 217", "name": "", "type": "yes", "tagged": true}, "geometry": {"type": "Polygon", "coordinates": [[[69.404819, 53.2818331], [69.4048512, 53.281732], [69.4046719, 53.2817116], [69.4046397, 53.2818126], [69.404819, 53.2818331]]]}}, {"type": "Feature", "properties": {"levels": 1.0, "addr": "улица Сабатаева 215", "name": "", "type": "yes", "tagged": true}, "geometry": {"type": "Polygon", "coordinates": [[[69.4045137, 53.2817745], [69.4045459, 53.2816911], [69.4043506, 53.2816641], [69.4043184, 53.2817475], [69.4045137, 53.2817745]]]}}, {"type": "Feature", "properties": {"levels": 1.0, "addr": "улица Буденного 6", "name": "", "type": "yes", "tagged": true}, "geometry": {"type": "Polygon", "coordinates": [[[69.4003599, 53.2922242], [69.4004055, 53.2921616], [69.4002589, 53.2921234], [69.4002133, 53.292186], [69.4003599, 53.2922242]]]}}, {"type": "Feature", "properties": {"levels": 1.0, "addr": "улица Буденного 4/6", "name": "", "type": "yes", "tagged": true}, "geometry": {"type": "Polygon", "coordinates": [[[69.4007649, 53.2927268], [69.4008064, 53.2926626], [69.4006639, 53.2926296], [69.4006223, 53.2926938], [69.4007649, 53.2927268]]]}}, {"type": "Feature", "properties": {"levels": 1.0, "addr": "улица Буденного 4/11", "name": "", "type": "yes", "tagged": true}, "geometry": {"type": "Polygon", "coordinates": [[[69.4002445, 53.2927252], [69.4003934, 53.292738], [69.4004133, 53.2926554], [69.4002645, 53.2926426], [69.4002445, 53.2927252]]]}}, {"type": "Feature", "properties": {"levels": 1.0, "addr": "", "name": "", "type": "yes", "tagged": true}, "geometry": {"type": "Polygon", "coordinates": [[[69.3701501, 53.2791485], [69.3703674, 53.2791628], [69.3703829, 53.2790789], [69.3701655, 53.2790646], [69.3701501, 53.2791485]]]}}, {"type": "Feature", "properties": {"levels": 1.0, "addr": "улица Валиханова 159", "name": "", "type": "detached", "tagged": true}, "geometry": {"type": "Polygon", "coordinates": [[[69.3950772, 53.2752929], [69.3952411, 53.2753074], [69.3952652, 53.2752095], [69.3951014, 53.2751951], [69.3950772, 53.2752929]]]}}, {"type": "Feature", "properties": {"levels": 1.0, "addr": "улица Косшигулова 120", "name": "", "type": "yes", "tagged": true}, "geometry": {"type": "Polygon", "coordinates": [[[69.3927357, 53.2759136], [69.3927623, 53.2758182], [69.3926335, 53.2758053], [69.3926069, 53.2759008], [69.3927357, 53.2759136]]]}}, {"type": "Feature", "properties": {"levels": 1.0, "addr": "улица Наурызбай батыра 165", "name": "", "type": "detached", "tagged": true}, "geometry": {"type": "Polygon", "coordinates": [[[69.3966061, 53.2776513], [69.3967195, 53.277661], [69.3967329, 53.2776049], [69.3966195, 53.2775952], [69.3966061, 53.2776513]]]}}, {"type": "Feature", "properties": {"levels": 1.0, "addr": "улица Наурызбай батыра 102", "name": "", "type": "yes", "tagged": true}, "geometry": {"type": "Polygon", "coordinates": [[[69.3854307, 53.2761935], [69.3856094, 53.2762137], [69.3856332, 53.2761382], [69.3854545, 53.276118], [69.3854307, 53.2761935]]]}}, {"type": "Feature", "properties": {"levels": 1.0, "addr": "улица Островского 169", "name": "", "type": "detached", "tagged": true}, "geometry": {"type": "Polygon", "coordinates": [[[69.396024, 53.278762], [69.3960455, 53.2786994], [69.3959023, 53.2786819], [69.3958808, 53.2787444], [69.396024, 53.278762]]]}}, {"type": "Feature", "properties": {"levels": 1.0, "addr": "улица Островского 159", "name": "", "type": "detached", "tagged": true}, "geometry": {"type": "Polygon", "coordinates": [[[69.3937629, 53.2786321], [69.393948, 53.2786497], [69.3939857, 53.2785083], [69.3938007, 53.2784906], [69.3937629, 53.2786321]]]}}, {"type": "Feature", "properties": {"levels": 1.0, "addr": "улица Островского 145", "name": "", "type": "yes", "tagged": true}, "geometry": {"type": "Polygon", "coordinates": [[[69.3907186, 53.2782969], [69.390739, 53.2781941], [69.3905808, 53.2781829], [69.3905604, 53.2782857], [69.3907186, 53.2782969]]]}}, {"type": "Feature", "properties": {"levels": 1.0, "addr": "улица Островского 141", "name": "", "type": "yes", "tagged": true}, "geometry": {"type": "Polygon", "coordinates": [[[69.390046, 53.2782843], [69.3900723, 53.2781809], [69.3896895, 53.2781461], [69.389513, 53.2788398], [69.3898872, 53.2788739], [69.3899251, 53.2787247], [69.3897797, 53.2787114], [69.3898921, 53.2782703], [69.390046, 53.2782843]]]}}, {"type": "Feature", "properties": {"levels": 1.0, "addr": "улица Островского 78", "name": "", "type": "yes", "tagged": true}, "geometry": {"type": "Polygon", "coordinates": [[[69.3790698, 53.2767749], [69.3791905, 53.2767877], [69.379227, 53.2766651], [69.3791063, 53.2766522], [69.3790698, 53.2767749]]]}}, {"type": "Feature", "properties": {"levels": 1.0, "addr": "улица Островского 83", "name": "", "type": "yes", "tagged": true}, "geometry": {"type": "Polygon", "coordinates": [[[69.3768918, 53.2770604], [69.3770669, 53.2770737], [69.377083, 53.2769983], [69.3769079, 53.276985], [69.3768918, 53.2770604]]]}}, {"type": "Feature", "properties": {"levels": 1.0, "addr": "улица Ашимова 206", "name": "", "type": "yes", "tagged": true}, "geometry": {"type": "Polygon", "coordinates": [[[69.4036003, 53.2801447], [69.4037432, 53.2801561], [69.4037624, 53.2800706], [69.4036195, 53.2800591], [69.4036003, 53.2801447]]]}}, {"type": "Feature", "properties": {"levels": 1.0, "addr": "улица Ашимова 208", "name": "", "type": "yes", "tagged": true}, "geometry": {"type": "Polygon", "coordinates": [[[69.4038889, 53.280165], [69.4039057, 53.2800809], [69.4037738, 53.2800715], [69.403757, 53.2801556], [69.4038889, 53.280165]]]}}, {"type": "Feature", "properties": {"levels": 1.0, "addr": "улица Ашимова 140", "name": "", "type": "yes", "tagged": true}, "geometry": {"type": "Polygon", "coordinates": [[[69.3910185, 53.2784889], [69.390622, 53.2784523], [69.3905877, 53.2785851], [69.3907403, 53.2785992], [69.3906895, 53.2787961], [69.3903084, 53.2787609], [69.3902729, 53.2788982], [69.3908977, 53.2789559], [69.3910185, 53.2784889]]]}}, {"type": "Feature", "properties": {"levels": 1.0, "addr": "улица Ашимова 90", "name": "", "type": "yes", "tagged": true}, "geometry": {"type": "Polygon", "coordinates": [[[69.3788472, 53.2779617], [69.3788875, 53.2778311], [69.3787131, 53.2778119], [69.3786728, 53.2779425], [69.3788472, 53.2779617]]]}}, {"type": "Feature", "properties": {"levels": 1.0, "addr": "улица Ашимова 52", "name": "", "type": "yes", "tagged": true}, "geometry": {"type": "Polygon", "coordinates": [[[69.3705763, 53.2768], [69.3706001, 53.2767108], [69.3704623, 53.2766977], [69.3704385, 53.2767869], [69.3705763, 53.2768]]]}}, {"type": "Feature", "properties": {"levels": 1.0, "addr": "улица Сабатаева 213", "name": "", "type": "yes", "tagged": true}, "geometry": {"type": "Polygon", "coordinates": [[[69.4037354, 53.2817344], [69.4038668, 53.2817465], [69.4038919, 53.2816483], [69.4037605, 53.2816363], [69.4037354, 53.2817344]]]}}, {"type": "Feature", "properties": {"levels": 1.0, "addr": "улица Сабатаева 125а", "name": "", "type": "yes", "tagged": true}, "geometry": {"type": "Polygon", "coordinates": [[[69.3848687, 53.2796937], [69.3851374, 53.2797164], [69.3851669, 53.2795913], [69.3848982, 53.2795687], [69.3848687, 53.2796937]]]}}, {"type": "Feature", "properties": {"levels": 1.0, "addr": "улица Сабатаева 59/2", "name": "", "type": "yes", "tagged": true}, "geometry": {"type": "Polygon", "coordinates": [[[69.371392, 53.2788558], [69.3715395, 53.2788702], [69.3715732, 53.2787471], [69.3714257, 53.2787327], [69.371392, 53.2788558]]]}}, {"type": "Feature", "properties": {"levels": 1.0, "addr": "улица Алимжана Баймуканова 63", "name": "", "type": "yes", "tagged": true}, "geometry": {"type": "Polygon", "coordinates": [[[69.374266, 53.2814979], [69.3746362, 53.2815295], [69.3746577, 53.2814397], [69.3742874, 53.2814081], [69.374266, 53.2814979]]]}}, {"type": "Feature", "properties": {"levels": 1.0, "addr": "улица Магзи Абулкасымова 164", "name": "", "type": "yes", "tagged": true}, "geometry": {"type": "Polygon", "coordinates": [[[69.39887, 53.290278], [69.3992246, 53.2903194], [69.3992693, 53.2901826], [69.3989147, 53.2901412], [69.39887, 53.290278]]]}}, {"type": "Feature", "properties": {"levels": 1.0, "addr": "улица Магзи Абулкасымова 174", "name": "", "type": "yes", "tagged": true}, "geometry": {"type": "Polygon", "coordinates": [[[69.4010049, 53.2906866], [69.401065, 53.2905566], [69.4009631, 53.2905398], [69.400903, 53.2906698], [69.4010049, 53.2906866]]]}}, {"type": "Feature", "properties": {"levels": 1.0, "addr": "улица Магзи Абулкасымова 170", "name": "", "type": "yes", "tagged": true}, "geometry": {"type": "Polygon", "coordinates": [[[69.4004832, 53.2905864], [69.4008062, 53.2906052], [69.4008156, 53.2905475], [69.4004926, 53.2905287], [69.4004832, 53.2905864]]]}}, {"type": "Feature", "properties": {"levels": 1.0, "addr": "улица Юрия Гагарина 116", "name": "", "type": "yes", "tagged": true}, "geometry": {"type": "Polygon", "coordinates": [[[69.4002512, 53.2916382], [69.4003908, 53.2916583], [69.4004284, 53.2915653], [69.4002887, 53.2915452], [69.4002512, 53.2916382]]]}}, {"type": "Feature", "properties": {"levels": 1.0, "addr": "улица Юрия Гагарина 32", "name": "", "type": "yes", "tagged": true}, "geometry": {"type": "Polygon", "coordinates": [[[69.3755722, 53.2887297], [69.3758163, 53.2887554], [69.3758833, 53.2885276], [69.3756392, 53.288502], [69.3755722, 53.2887297]]]}}, {"type": "Feature", "properties": {"levels": 1.0, "addr": "Жагалау 47", "name": "", "type": "yes", "tagged": true}, "geometry": {"type": "Polygon", "coordinates": [[[69.3779325, 53.2957263], [69.3781444, 53.2957648], [69.3781858, 53.2956832], [69.3779739, 53.2956448], [69.3779325, 53.2957263]]]}}, {"type": "Feature", "properties": {"levels": 1.0, "addr": "Береговая улица 23", "name": "", "type": "yes", "tagged": true}, "geometry": {"type": "Polygon", "coordinates": [[[69.3765593, 53.2938923], [69.3766612, 53.2938683], [69.3766012, 53.2937775], [69.3764993, 53.2938015], [69.3765593, 53.2938923]]]}}, {"type": "Feature", "properties": {"levels": 1.0, "addr": "Береговая улица 21", "name": "", "type": "yes", "tagged": true}, "geometry": {"type": "Polygon", "coordinates": [[[69.3764305, 53.29374], [69.3765566, 53.2936999], [69.3764692, 53.2936018], [69.3763432, 53.2936418], [69.3764305, 53.29374]]]}}, {"type": "Feature", "properties": {"levels": 1.0, "addr": "Кулагер 6", "name": "", "type": "yes", "tagged": true}, "geometry": {"type": "Polygon", "coordinates": [[[69.3976481, 53.2987745], [69.3977138, 53.2987433], [69.3976008, 53.2986584], [69.3975351, 53.2986896], [69.3976481, 53.2987745]]]}}, {"type": "Feature", "properties": {"levels": 1.0, "addr": "Абылай хан даңғылы 1", "name": "", "type": "residential", "tagged": true}, "geometry": {"type": "Polygon", "coordinates": [[[69.3930036, 53.3001876], [69.3931969, 53.3001332], [69.3930469, 53.2999428], [69.3910252, 53.3005117], [69.3911132, 53.3006234], [69.3929414, 53.3001087], [69.3930036, 53.3001876]]]}}, {"type": "Feature", "properties": {"levels": 1.0, "addr": "", "name": "", "type": "yes", "tagged": true}, "geometry": {"type": "Polygon", "coordinates": [[[69.4021288, 53.28386], [69.4022294, 53.2838686], [69.4022387, 53.2838295], [69.4021381, 53.2838209], [69.4021288, 53.28386]]]}}, {"type": "Feature", "properties": {"levels": 2, "addr": "улица Акана-серэ 186", "name": "", "type": "residential", "tagged": false}, "geometry": {"type": "Polygon", "coordinates": [[[69.4034588, 53.2825177], [69.4035327, 53.2825242], [69.4035604, 53.2824155], [69.4034418, 53.2824045], [69.4034187, 53.2824855], [69.4034665, 53.2824892], [69.4034588, 53.2825177]]]}}, {"type": "Feature", "properties": {"levels": 2, "addr": "", "name": "", "type": "yes", "tagged": false}, "geometry": {"type": "Polygon", "coordinates": [[[69.4029039, 53.2973951], [69.4028433, 53.2974653], [69.4030096, 53.2975166], [69.4030702, 53.2974464], [69.4029039, 53.2973951]]]}}, {"type": "Feature", "properties": {"levels": 2, "addr": "", "name": "", "type": "yes", "tagged": false}, "geometry": {"type": "Polygon", "coordinates": [[[69.4030327, 53.2969719], [69.4029703, 53.2970402], [69.4036194, 53.2972518], [69.4036817, 53.2971835], [69.4030327, 53.2969719]]]}}, {"type": "Feature", "properties": {"levels": 2, "addr": "", "name": "", "type": "yes", "tagged": false}, "geometry": {"type": "Polygon", "coordinates": [[[69.403612, 53.297953], [69.403829, 53.2980253], [69.4039846, 53.2978586], [69.4037676, 53.2977863], [69.403612, 53.297953]]]}}, {"type": "Feature", "properties": {"levels": 2, "addr": "Булкышева 12", "name": "", "type": "yes", "tagged": false}, "geometry": {"type": "Polygon", "coordinates": [[[69.3986392, 53.2961479], [69.3987498, 53.2962563], [69.3989697, 53.2961761], [69.3988591, 53.2960678], [69.3986392, 53.2961479]]]}}, {"type": "Feature", "properties": {"levels": 2, "addr": "Сункар микрорайон 5в", "name": "", "type": "yes", "tagged": false}, "geometry": {"type": "Polygon", "coordinates": [[[69.4034143, 53.2781382], [69.4037516, 53.2781863], [69.403832, 53.2779842], [69.4034948, 53.2779362], [69.4034143, 53.2781382]]]}}, {"type": "Feature", "properties": {"levels": 2, "addr": "улица Жумабека Ташенова 107/1", "name": "", "type": "yes", "tagged": false}, "geometry": {"type": "Polygon", "coordinates": [[[69.4038803, 53.276127], [69.4038504, 53.2763199], [69.4044958, 53.2763556], [69.4045257, 53.2761626], [69.4038803, 53.276127]]]}}, {"type": "Feature", "properties": {"levels": 2, "addr": "улица Зарапа Темирбекова 2", "name": "", "type": "yes", "tagged": false}, "geometry": {"type": "Polygon", "coordinates": [[[69.3722427, 53.288337], [69.3722866, 53.2881735], [69.3720997, 53.2881555], [69.3720917, 53.2881851], [69.3719109, 53.2881678], [69.3718749, 53.2883018], [69.3722427, 53.288337]]]}}, {"type": "Feature", "properties": {"levels": 2, "addr": "улица Зарапа Темирбекова 2г", "name": "", "type": "yes", "tagged": false}, "geometry": {"type": "Polygon", "coordinates": [[[69.3710463, 53.2882168], [69.3718556, 53.2883002], [69.3718944, 53.2881657], [69.3710852, 53.2880821], [69.3710463, 53.2882168]]]}}, {"type": "Feature", "properties": {"levels": 2, "addr": "улица Осипенко 12а", "name": "", "type": "yes", "tagged": false}, "geometry": {"type": "Polygon", "coordinates": [[[69.3784202, 53.2914151], [69.3788681, 53.2914696], [69.3789258, 53.2913001], [69.3784779, 53.2912456], [69.3784202, 53.2914151]]]}}, {"type": "Feature", "properties": {"levels": 2.0, "addr": "улица Сакена Жунусова 2Б", "name": "", "type": "retail", "tagged": true}, "geometry": {"type": "Polygon", "coordinates": [[[69.3775771, 53.2927151], [69.3775453, 53.2928591], [69.3779197, 53.2928886], [69.3779515, 53.2927447], [69.3775771, 53.2927151]]]}}, {"type": "Feature", "properties": {"levels": 2, "addr": "проспект Нурсултана Назарбаева 2н", "name": "", "type": "yes", "tagged": false}, "geometry": {"type": "Polygon", "coordinates": [[[69.3816501, 53.2966], [69.3819391, 53.2966331], [69.3819901, 53.296474], [69.3822513, 53.2965039], [69.3822969, 53.2963616], [69.3817466, 53.2962986], [69.3816501, 53.2966]]]}}, {"type": "Feature", "properties": {"levels": 2, "addr": "улица Елемесова 46а/1", "name": "", "type": "yes", "tagged": false}, "geometry": {"type": "Polygon", "coordinates": [[[69.3912846, 53.2823366], [69.3916528, 53.2823769], [69.3916824, 53.2822804], [69.3913142, 53.2822401], [69.3912846, 53.2823366]]]}}, {"type": "Feature", "properties": {"levels": 2, "addr": "улица Островского 94", "name": "", "type": "yes", "tagged": false}, "geometry": {"type": "Polygon", "coordinates": [[[69.3824508, 53.2770756], [69.382581, 53.2770905], [69.3826256, 53.2769521], [69.3824953, 53.2769371], [69.3824508, 53.2770756]]]}}, {"type": "Feature", "properties": {"levels": 2, "addr": "улица Наурызбай батыра 63а", "name": "", "type": "yes", "tagged": false}, "geometry": {"type": "Polygon", "coordinates": [[[69.3772921, 53.2758007], [69.3772614, 53.2759211], [69.3774805, 53.275941], [69.3774277, 53.2761485], [69.3776537, 53.2761691], [69.3777371, 53.2758411], [69.3772921, 53.2758007]]]}}, {"type": "Feature", "properties": {"levels": 2, "addr": "улица Ауельбекова 112Б", "name": "", "type": "yes", "tagged": false}, "geometry": {"type": "Polygon", "coordinates": [[[69.386419, 53.2831256], [69.3863654, 53.283318], [69.3865527, 53.2833367], [69.386568, 53.2832817], [69.3866063, 53.2831442], [69.386419, 53.2831256]]]}}, {"type": "Feature", "properties": {"levels": 2, "addr": "", "name": "", "type": "yes", "tagged": false}, "geometry": {"type": "Polygon", "coordinates": [[[69.3864101, 53.2843181], [69.386682, 53.284342], [69.3867975, 53.2843531], [69.3868421, 53.2841795], [69.3864548, 53.2841439], [69.3864101, 53.2843181]]]}}, {"type": "Feature", "properties": {"levels": 2, "addr": "Сагдиева", "name": "", "type": "yes", "tagged": false}, "geometry": {"type": "Polygon", "coordinates": [[[69.374561, 53.2914265], [69.3746039, 53.2913047], [69.3744228, 53.2912819], [69.3743799, 53.2914037], [69.374561, 53.2914265]]]}}, {"type": "Feature", "properties": {"levels": 2, "addr": "", "name": "", "type": "yes", "tagged": false}, "geometry": {"type": "Polygon", "coordinates": [[[69.3729329, 53.2902128], [69.3728223, 53.290297], [69.3729725, 53.2903675], [69.3730831, 53.2902834], [69.3729329, 53.2902128]]]}}, {"type": "Feature", "properties": {"levels": 2, "addr": "улица Садвакасова 5а", "name": "", "type": "yes", "tagged": false}, "geometry": {"type": "Polygon", "coordinates": [[[69.3917349, 53.2925567], [69.3917038, 53.2926687], [69.3918713, 53.2926853], [69.3919023, 53.2925732], [69.3917349, 53.2925567]]]}}, {"type": "Feature", "properties": {"levels": 2, "addr": "улица Ахмета Байтурсынова 131", "name": "", "type": "yes", "tagged": false}, "geometry": {"type": "Polygon", "coordinates": [[[69.3970406, 53.2930346], [69.3970728, 53.2929063], [69.3969469, 53.2928951], [69.3969147, 53.2930233], [69.3970406, 53.2930346]]]}}, {"type": "Feature", "properties": {"levels": 2, "addr": "улица Малика Габдуллина 16", "name": "", "type": "yes", "tagged": false}, "geometry": {"type": "Polygon", "coordinates": [[[69.3941283, 53.2943885], [69.3944091, 53.2944184], [69.3945163, 53.2940593], [69.3942356, 53.2940294], [69.3941283, 53.2943885]]]}}, {"type": "Feature", "properties": {"levels": 2, "addr": "", "name": "", "type": "yes", "tagged": false}, "geometry": {"type": "Polygon", "coordinates": [[[69.3948416, 53.2907922], [69.3947824, 53.2909962], [69.3951591, 53.2910353], [69.3952184, 53.2908312], [69.3948416, 53.2907922]]]}}, {"type": "Feature", "properties": {"levels": 2, "addr": "улица Янко 28Б", "name": "", "type": "yes", "tagged": false}, "geometry": {"type": "Polygon", "coordinates": [[[69.3930173, 53.2918354], [69.3929928, 53.2919127], [69.3933898, 53.2919576], [69.3934142, 53.2918803], [69.3930173, 53.2918354]]]}}, {"type": "Feature", "properties": {"levels": 2, "addr": "улица Янко 37", "name": "", "type": "yes", "tagged": false}, "geometry": {"type": "Polygon", "coordinates": [[[69.3940151, 53.2914634], [69.3939867, 53.2915856], [69.3943729, 53.2916176], [69.3944013, 53.2914955], [69.3940151, 53.2914634]]]}}, {"type": "Feature", "properties": {"levels": 2, "addr": "улица Янко 30", "name": "", "type": "yes", "tagged": false}, "geometry": {"type": "Polygon", "coordinates": [[[69.3930387, 53.2916558], [69.3930106, 53.2917668], [69.3933647, 53.2917988], [69.3933928, 53.2916879], [69.3930387, 53.2916558]]]}}, {"type": "Feature", "properties": {"levels": 2, "addr": "улица Янко 32", "name": "", "type": "yes", "tagged": false}, "geometry": {"type": "Polygon", "coordinates": [[[69.3930495, 53.2915404], [69.3934142, 53.2915789], [69.3934505, 53.2914559], [69.3930858, 53.2914175], [69.3930495, 53.2915404]]]}}, {"type": "Feature", "properties": {"levels": 2, "addr": "улица Янко 34а", "name": "", "type": "yes", "tagged": false}, "geometry": {"type": "Polygon", "coordinates": [[[69.3931254, 53.2913655], [69.3933332, 53.2913913], [69.3934512, 53.2910514], [69.3932434, 53.2910256], [69.3931254, 53.2913655]]]}}, {"type": "Feature", "properties": {"levels": 2, "addr": "улица Мухтара Ауэзова 189а кб", "name": "", "type": "yes", "tagged": false}, "geometry": {"type": "Polygon", "coordinates": [[[69.3925744, 53.2907796], [69.392901, 53.2908096], [69.3929868, 53.2904761], [69.3926603, 53.2904461], [69.3925744, 53.2907796]]]}}, {"type": "Feature", "properties": {"levels": 2, "addr": "улица Ахмета Байтурсынова 23", "name": "", "type": "yes", "tagged": false}, "geometry": {"type": "Polygon", "coordinates": [[[69.3877896, 53.2918491], [69.3881115, 53.2918876], [69.3881618, 53.2917371], [69.38784, 53.2916987], [69.3877896, 53.2918491]]]}}, {"type": "Feature", "properties": {"levels": 2, "addr": "улица Тлеулина 86", "name": "", "type": "yes", "tagged": false}, "geometry": {"type": "Polygon", "coordinates": [[[69.3880411, 53.2925422], [69.3883257, 53.2925747], [69.388376, 53.2924173], [69.3880914, 53.2923848], [69.3880411, 53.2925422]]]}}, {"type": "Feature", "properties": {"levels": 2, "addr": "улица Осипенко 1/4", "name": "ЖК Дом на набережной", "type": "yes", "tagged": false}, "geometry": {"type": "Polygon", "coordinates": [[[69.380722, 53.2954394], [69.3804313, 53.2954113], [69.380324, 53.2958089], [69.3806147, 53.2958369], [69.380722, 53.2954394]]]}}, {"type": "Feature", "properties": {"levels": 2, "addr": "улица Осипенко 1/3", "name": "ЖК Дом на набережной", "type": "yes", "tagged": false}, "geometry": {"type": "Polygon", "coordinates": [[[69.3808878, 53.2947884], [69.3807568, 53.295237], [69.3801196, 53.2951706], [69.3801758, 53.2949781], [69.3805145, 53.2950134], [69.3805892, 53.2947573], [69.3808878, 53.2947884]]]}}, {"type": "Feature", "properties": {"levels": 2, "addr": "улица Осипенко 1/1", "name": "ЖК Дом на набережной", "type": "yes", "tagged": false}, "geometry": {"type": "Polygon", "coordinates": [[[69.3792759, 53.2953073], [69.379178, 53.2957009], [69.3797793, 53.295791], [69.37984, 53.2956289], [69.3795011, 53.2955942], [69.3795746, 53.2953379], [69.3792759, 53.2953073]]]}}, {"type": "Feature", "properties": {"levels": 2, "addr": "улица Осипенко 1/2", "name": "ЖК Дом на набережной", "type": "yes", "tagged": false}, "geometry": {"type": "Polygon", "coordinates": [[[69.3791127, 53.2946057], [69.378984, 53.2950546], [69.3796215, 53.2951199], [69.3796768, 53.2949274], [69.3793379, 53.2948926], [69.3794114, 53.2946363], [69.3791127, 53.2946057]]]}}, {"type": "Feature", "properties": {"levels": 2, "addr": "", "name": "", "type": "yes", "tagged": false}, "geometry": {"type": "Polygon", "coordinates": [[[69.3901905, 53.2946348], [69.3904418, 53.2946627], [69.3905597, 53.2942842], [69.3903083, 53.2942563], [69.3902537, 53.2944318], [69.3901905, 53.2946348]]]}}, {"type": "Feature", "properties": {"levels": 2, "addr": "улица Сакена Жунусова 39", "name": "", "type": "yes", "tagged": false}, "geometry": {"type": "Polygon", "coordinates": [[[69.3897309, 53.2947717], [69.3899847, 53.2947991], [69.3900396, 53.294618], [69.3901011, 53.2944147], [69.3898471, 53.2943872], [69.3897309, 53.2947717]]]}}, {"type": "Feature", "properties": {"levels": 3.0, "addr": "улица 8 Марта 103", "name": "", "type": "apartments", "tagged": true}, "geometry": {"type": "Polygon", "coordinates": [[[69.4010745, 53.2792763], [69.4013399, 53.2792979], [69.4013725, 53.2791516], [69.4011125, 53.2791301], [69.4010745, 53.2792763]]]}}, {"type": "Feature", "properties": {"levels": 4.0, "addr": "улица Островского 197", "name": "", "type": "apartments", "tagged": true}, "geometry": {"type": "Polygon", "coordinates": [[[69.401824, 53.2791818], [69.4017862, 53.2793214], [69.4020675, 53.2793474], [69.4021024, 53.2792075], [69.401824, 53.2791818]]]}}, {"type": "Feature", "properties": {"levels": 5.0, "addr": "улица Островского 102", "name": "", "type": "apartments", "tagged": true}, "geometry": {"type": "Polygon", "coordinates": [[[69.4022527, 53.2792555], [69.4022229, 53.2793783], [69.4026197, 53.2794126], [69.4026495, 53.2792898], [69.4022527, 53.2792555]]]}}, {"type": "Feature", "properties": {"levels": 2.0, "addr": "улица Семена Потанина 29", "name": "2ГИС", "type": "commercial", "tagged": true}, "geometry": {"type": "Polygon", "coordinates": [[[69.3886515, 53.2903783], [69.3886784, 53.2902583], [69.3887963, 53.2902662], [69.3887638, 53.2903865], [69.3886515, 53.2903783]]]}}, {"type": "Feature", "properties": {"levels": 2, "addr": "улица Янко 115", "name": "", "type": "yes", "tagged": false}, "geometry": {"type": "Polygon", "coordinates": [[[69.3983965, 53.275013], [69.3985361, 53.2750163], [69.3985401, 53.2749537], [69.3984005, 53.2749505], [69.3983965, 53.275013]]]}}, {"type": "Feature", "properties": {"levels": 2, "addr": "улица Жумабека Ташенова 109а", "name": "", "type": "yes", "tagged": false}, "geometry": {"type": "Polygon", "coordinates": [[[69.4049665, 53.2751358], [69.4054499, 53.2751851], [69.4055646, 53.2747829], [69.4050812, 53.2747336], [69.4050451, 53.2748603], [69.4047452, 53.2748297], [69.4047526, 53.2748035], [69.404486, 53.2747763], [69.4044701, 53.2748319], [69.4044235, 53.2748271], [69.404378, 53.2749865], [69.4044262, 53.2749914], [69.404413, 53.2750376], [69.4046846, 53.2750653], [69.4046943, 53.2750315], [69.4049877, 53.2750615], [69.4049665, 53.2751358]]]}}, {"type": "Feature", "properties": {"levels": 2, "addr": "улица Буденного 82а/1", "name": "", "type": "yes", "tagged": false}, "geometry": {"type": "Polygon", "coordinates": [[[69.4048619, 53.2771337], [69.4049855, 53.2771467], [69.4049934, 53.2771201], [69.4048698, 53.2771071], [69.4048619, 53.2771337]]]}}, {"type": "Feature", "properties": {"levels": 2, "addr": "Сункар микрорайон 5Б/2", "name": "", "type": "yes", "tagged": false}, "geometry": {"type": "Polygon", "coordinates": [[[69.4044106, 53.2783306], [69.4045017, 53.2783386], [69.4045118, 53.2782977], [69.4044207, 53.2782897], [69.4044106, 53.2783306]]]}}, {"type": "Feature", "properties": {"levels": 2, "addr": "улица Жумабека Ташенова 107в/1", "name": "", "type": "yes", "tagged": false}, "geometry": {"type": "Polygon", "coordinates": [[[69.4036219, 53.277322], [69.4038631, 53.2773449], [69.4039516, 53.2770113], [69.4037105, 53.2769884], [69.4036219, 53.277322]]]}}, {"type": "Feature", "properties": {"levels": 2, "addr": "улица Жумабека Ташенова 107в", "name": "", "type": "yes", "tagged": false}, "geometry": {"type": "Polygon", "coordinates": [[[69.4040171, 53.2777454], [69.4044912, 53.2778239], [69.4045498, 53.2776971], [69.4040757, 53.2776187], [69.4040171, 53.2777454]]]}}, {"type": "Feature", "properties": {"levels": 2, "addr": "улица Потанина 132", "name": "", "type": "yes", "tagged": false}, "geometry": {"type": "Polygon", "coordinates": [[[69.3920071, 53.2750167], [69.3921331, 53.2750327], [69.39215, 53.2749854], [69.3920239, 53.2749693], [69.3920071, 53.2750167]]]}}, {"type": "Feature", "properties": {"levels": 1.0, "addr": "улица Наурызбай батыра 129", "name": "", "type": "yes", "tagged": true}, "geometry": {"type": "Polygon", "coordinates": [[[69.390056, 53.2769841], [69.3900429, 53.2770389], [69.3901743, 53.2770501], [69.3901874, 53.2769953], [69.390056, 53.2769841]]]}}, {"type": "Feature", "properties": {"levels": 1.0, "addr": "улица Потанина 63", "name": "", "type": "yes", "tagged": true}, "geometry": {"type": "Polygon", "coordinates": [[[69.3913973, 53.2787104], [69.3913783, 53.2787752], [69.3915312, 53.2787912], [69.3915502, 53.2787265], [69.3913973, 53.2787104]]]}}, {"type": "Feature", "properties": {"levels": 1.0, "addr": "улица Садвакасова 55", "name": "", "type": "detached", "tagged": true}, "geometry": {"type": "Polygon", "coordinates": [[[69.3954627, 53.2781354], [69.3954384, 53.2782501], [69.3956431, 53.2782656], [69.3956674, 53.2781509], [69.3954627, 53.2781354]]]}}, {"type": "Feature", "properties": {"levels": 1.0, "addr": "улица Янко 98", "name": "", "type": "detached", "tagged": true}, "geometry": {"type": "Polygon", "coordinates": [[[69.3967596, 53.2781984], [69.396773, 53.278123], [69.3966671, 53.2781163], [69.3966537, 53.2781917], [69.3967596, 53.2781984]]]}}, {"type": "Feature", "properties": {"levels": 1.0, "addr": "улица Янко 104", "name": "", "type": "detached", "tagged": true}, "geometry": {"type": "Polygon", "coordinates": [[[69.3967172, 53.2778089], [69.3968782, 53.2778185], [69.3968866, 53.277768], [69.3967257, 53.2777584], [69.3967172, 53.2778089]]]}}, {"type": "Feature", "properties": {"levels": 2, "addr": "улица Янко 113", "name": "", "type": "detached", "tagged": false}, "geometry": {"type": "Polygon", "coordinates": [[[69.3974215, 53.2778975], [69.3975682, 53.2779159], [69.3975958, 53.2778366], [69.3974491, 53.2778183], [69.3974215, 53.2778975]]]}}, {"type": "Feature", "properties": {"levels": 1.0, "addr": "улица Ашимова 172а", "name": "", "type": "yes", "tagged": true}, "geometry": {"type": "Polygon", "coordinates": [[[69.396868, 53.2795793], [69.3970744, 53.2795943], [69.3970887, 53.2795247], [69.3968815, 53.2795126], [69.396868, 53.2795793]]]}}, {"type": "Feature", "properties": {"levels": 2, "addr": "улица Малика Габдуллина 92", "name": "", "type": "yes", "tagged": false}, "geometry": {"type": "Polygon", "coordinates": [[[69.3977781, 53.2793197], [69.3984837, 53.2793732], [69.3985082, 53.2792576], [69.3978026, 53.2792041], [69.3977781, 53.2793197]]]}}, {"type": "Feature", "properties": {"levels": 2, "addr": "улица 8 Марта 96а", "name": "", "type": "yes", "tagged": false}, "geometry": {"type": "Polygon", "coordinates": [[[69.400256, 53.2795222], [69.4002329, 53.2796119], [69.4004073, 53.2796279], [69.4004304, 53.2795383], [69.400256, 53.2795222]]]}}, {"type": "Feature", "properties": {"levels": 1.0, "addr": "улица Ашимова 186", "name": "", "type": "yes", "tagged": true}, "geometry": {"type": "Polygon", "coordinates": [[[69.3995529, 53.279602], [69.3997803, 53.2796217], [69.3998176, 53.2794679], [69.3995902, 53.2794482], [69.3995529, 53.279602]]]}}, {"type": "Feature", "properties": {"levels": 1.0, "addr": "улица Жумабека Ташенова 96", "name": "", "type": "yes", "tagged": true}, "geometry": {"type": "Polygon", "coordinates": [[[69.4022537, 53.2798448], [69.4024844, 53.2798648], [69.4025135, 53.2797448], [69.4022828, 53.2797248], [69.4022537, 53.2798448]]]}}, {"type": "Feature", "properties": {"levels": 2, "addr": "улица Буденного 74/1а", "name": "", "type": "yes", "tagged": false}, "geometry": {"type": "Polygon", "coordinates": [[[69.403698, 53.2797296], [69.4040673, 53.2797691], [69.4041024, 53.2796518], [69.4037331, 53.2796123], [69.403698, 53.2797296]]]}}, {"type": "Feature", "properties": {"levels": 2, "addr": "улица Буденного 70/1", "name": "", "type": "yes", "tagged": false}, "geometry": {"type": "Polygon", "coordinates": [[[69.4039413, 53.2799157], [69.4044054, 53.2799589], [69.4044283, 53.279871], [69.4039642, 53.2798277], [69.4039413, 53.2799157]]]}}, {"type": "Feature", "properties": {"levels": 2, "addr": "Сункар микрорайон 5а/1", "name": "", "type": "yes", "tagged": false}, "geometry": {"type": "Polygon", "coordinates": [[[69.4021824, 53.2770459], [69.4026628, 53.2772441], [69.4027698, 53.2769946], [69.4022062, 53.2769601], [69.4021824, 53.2770459]]]}}, {"type": "Feature", "properties": {"levels": 2, "addr": "Сункар микрорайон 5а", "name": "", "type": "yes", "tagged": false}, "geometry": {"type": "Polygon", "coordinates": [[[69.4031721, 53.277147], [69.4032603, 53.2771563], [69.4032928, 53.2770459], [69.4032046, 53.2770366], [69.4031721, 53.277147]]]}}, {"type": "Feature", "properties": {"levels": 2, "addr": "улица Валиханова 173/3", "name": "", "type": "yes", "tagged": false}, "geometry": {"type": "Polygon", "coordinates": [[[69.4026142, 53.276592], [69.4027722, 53.2766087], [69.4027832, 53.2765712], [69.4026253, 53.2765546], [69.4026142, 53.276592]]]}}, {"type": "Feature", "properties": {"levels": 2, "addr": "улица Валиханова 173/2", "name": "", "type": "yes", "tagged": false}, "geometry": {"type": "Polygon", "coordinates": [[[69.4019598, 53.2764252], [69.4024318, 53.276475], [69.4024428, 53.2764379], [69.4019707, 53.2763882], [69.4019598, 53.2764252]]]}}, {"type": "Feature", "properties": {"levels": 2, "addr": "улица Валиханова 173/1", "name": "", "type": "yes", "tagged": false}, "geometry": {"type": "Polygon", "coordinates": [[[69.4008359, 53.2763611], [69.4010857, 53.276375], [69.4010961, 53.2763082], [69.4008463, 53.2762943], [69.4008359, 53.2763611]]]}}, {"type": "Feature", "properties": {"levels": 2, "addr": "Сункар микрорайон 6а", "name": "", "type": "yes", "tagged": false}, "geometry": {"type": "Polygon", "coordinates": [[[69.4004108, 53.2788518], [69.4006299, 53.2788675], [69.4006552, 53.2787415], [69.4006001, 53.2787376], [69.4006187, 53.2786449], [69.4004546, 53.2786331], [69.4004108, 53.2788518]]]}}, {"type": "Feature", "properties": {"levels": 2, "addr": "Сункар микрорайон 5/1", "name": "", "type": "yes", "tagged": false}, "geometry": {"type": "Polygon", "coordinates": [[[69.4015481, 53.2774581], [69.4017065, 53.2774697], [69.4017253, 53.2773783], [69.4015668, 53.2773667], [69.4015481, 53.2774581]]]}}, {"type": "Feature", "properties": {"levels": 2, "addr": "Сункар микрорайон 5Б/1", "name": "", "type": "yes", "tagged": false}, "geometry": {"type": "Polygon", "coordinates": [[[69.4026491, 53.2779761], [69.4027457, 53.2780435], [69.4028095, 53.2780108], [69.4027129, 53.2779434], [69.4026491, 53.2779761]]]}}, {"type": "Feature", "properties": {"levels": 2, "addr": "улица Островского 78а", "name": "", "type": "yes", "tagged": false}, "geometry": {"type": "Polygon", "coordinates": [[[69.4015665, 53.2788062], [69.4015416, 53.2789293], [69.4025393, 53.2790015], [69.4025642, 53.2788784], [69.4015665, 53.2788062]]]}}, {"type": "Feature", "properties": {"levels": 2, "addr": "улица Ауельбекова 120Б", "name": "", "type": "yes", "tagged": false}, "geometry": {"type": "Polygon", "coordinates": [[[69.3890704, 53.2836123], [69.3891655, 53.283623], [69.3891817, 53.2835714], [69.3890866, 53.2835607], [69.3890704, 53.2836123]]]}}, {"type": "Feature", "properties": {"levels": 2, "addr": "проспект Нурсултана Назарбаева 71/1", "name": "", "type": "yes", "tagged": false}, "geometry": {"type": "Polygon", "coordinates": [[[69.3882403, 53.2831752], [69.3884177, 53.2831952], [69.3884441, 53.2831111], [69.3882667, 53.2830912], [69.3882403, 53.2831752]]]}}, {"type": "Feature", "properties": {"levels": 2, "addr": "улица Акана-серэ 87а", "name": "", "type": "yes", "tagged": false}, "geometry": {"type": "Polygon", "coordinates": [[[69.3888369, 53.2811425], [69.388994, 53.2811582], [69.3890102, 53.2811007], [69.3891129, 53.281111], [69.3891089, 53.2811253], [69.3892075, 53.2811352], [69.3892347, 53.2810385], [69.389124, 53.2810274], [69.3891191, 53.2810445], [69.3890451, 53.2810371], [69.3890508, 53.2810168], [69.3888771, 53.2809994], [69.3888369, 53.2811425]]]}}, {"type": "Feature", "properties": {"levels": 1.0, "addr": "улица Сабатаева 130", "name": "", "type": "yes", "tagged": true}, "geometry": {"type": "Polygon", "coordinates": [[[69.3891259, 53.2800601], [69.3892903, 53.2800743], [69.3893127, 53.2799819], [69.3891483, 53.2799676], [69.3891259, 53.2800601]]]}}, {"type": "Feature", "properties": {"levels": 2, "addr": "улица Акана-серэ 146Б", "name": "", "type": "yes", "tagged": false}, "geometry": {"type": "Polygon", "coordinates": [[[69.395041, 53.2817801], [69.3950359, 53.2818029], [69.3951604, 53.281813], [69.3951655, 53.2817902], [69.395041, 53.2817801]]]}}, {"type": "Feature", "properties": {"levels": 2, "addr": "улица Акана-серэ 148", "name": "", "type": "commercial", "tagged": false}, "geometry": {"type": "Polygon", "coordinates": [[[69.3953774, 53.2818572], [69.3959319, 53.2819093], [69.3959779, 53.2817341], [69.395472, 53.281688], [69.3954235, 53.281682], [69.3953774, 53.2818572]]]}}, {"type": "Feature", "properties": {"levels": 2, "addr": "улица Акана-серэ 168а", "name": "", "type": "yes", "tagged": false}, "geometry": {"type": "Polygon", "coordinates": [[[69.398424, 53.2820591], [69.3992757, 53.2821304], [69.399301, 53.2820222], [69.39865, 53.2819677], [69.398662, 53.2819166], [69.3984613, 53.2818998], [69.398424, 53.2820591]]]}}, {"type": "Feature", "properties": {"levels": 2, "addr": "улица Малика Габдуллина 9", "name": "", "type": "yes", "tagged": false}, "geometry": {"type": "Polygon", "coordinates": [[[69.3948464, 53.2954607], [69.3950818, 53.2954837], [69.3952479, 53.2948757], [69.395463, 53.2948967], [69.3954955, 53.2947777], [69.3950452, 53.2947337], [69.3948464, 53.2954607]]]}}, {"type": "Feature", "properties": {"levels": 2, "addr": "улица Ахмета Байтурсынова 163", "name": "", "type": "yes", "tagged": false}, "geometry": {"type": "Polygon", "coordinates": [[[69.3997858, 53.2931893], [69.3999145, 53.2932052], [69.3999287, 53.2931641], [69.3998, 53.2931482], [69.3997858, 53.2931893]]]}}, {"type": "Feature", "properties": {"levels": 1.0, "addr": "улица Жумабека Ташенова 7а", "name": "", "type": "yes", "tagged": true}, "geometry": {"type": "Polygon", "coordinates": [[[69.3996003, 53.2932694], [69.3996693, 53.293278], [69.3996939, 53.2932072], [69.3996249, 53.2931987], [69.3996003, 53.2932694]]]}}, {"type": "Feature", "properties": {"levels": 1.0, "addr": "улица Ахмета Байтурсынова 155", "name": "", "type": "yes", "tagged": true}, "geometry": {"type": "Polygon", "coordinates": [[[69.3992351, 53.2932426], [69.3993428, 53.2932523], [69.3993684, 53.2931504], [69.3992607, 53.2931407], [69.3992351, 53.2932426]]]}}, {"type": "Feature", "properties": {"levels": 2, "addr": "улица Ахмета Байтурсынова 137Б", "name": "", "type": "yes", "tagged": false}, "geometry": {"type": "Polygon", "coordinates": [[[69.3980951, 53.2932428], [69.3982109, 53.2932557], [69.3982337, 53.2931822], [69.3981179, 53.2931694], [69.3980951, 53.2932428]]]}}, {"type": "Feature", "properties": {"levels": 1.0, "addr": "улица Ахмета Байтурсынова 153", "name": "", "type": "yes", "tagged": true}, "geometry": {"type": "Polygon", "coordinates": [[[69.3989373, 53.2932218], [69.399045, 53.2932315], [69.3990706, 53.2931296], [69.3989629, 53.2931199], [69.3989373, 53.2932218]]]}}, {"type": "Feature", "properties": {"levels": 1.0, "addr": "улица Ахмета Байтурсынова 145", "name": "", "type": "yes", "tagged": true}, "geometry": {"type": "Polygon", "coordinates": [[[69.3987818, 53.2932057], [69.3988895, 53.2932154], [69.3989151, 53.2931135], [69.3988074, 53.2931038], [69.3987818, 53.2932057]]]}}, {"type": "Feature", "properties": {"levels": 1.0, "addr": "улица Ахмета Байтурсынова 143", "name": "", "type": "yes", "tagged": true}, "geometry": {"type": "Polygon", "coordinates": [[[69.3986074, 53.2931689], [69.3987151, 53.2931786], [69.3987407, 53.2930767], [69.398633, 53.293067], [69.3986074, 53.2931689]]]}}, {"type": "Feature", "properties": {"levels": 1.0, "addr": "улица Ахмета Байтурсынова 118", "name": "", "type": "yes", "tagged": true}, "geometry": {"type": "Polygon", "coordinates": [[[69.4003519, 53.293015], [69.4005108, 53.293023], [69.400526, 53.2929162], [69.4003671, 53.2929081], [69.4003519, 53.293015]]]}}, {"type": "Feature", "properties": {"levels": 1.0, "addr": "улица Юрия Гагарина 145", "name": "", "type": "yes", "tagged": true}, "geometry": {"type": "Polygon", "coordinates": [[[69.4011308, 53.2921625], [69.4012113, 53.2921727], [69.4012304, 53.2921191], [69.40115, 53.2921088], [69.4011308, 53.2921625]]]}}, {"type": "Feature", "properties": {"levels": 1.0, "addr": "улица Юрия Гагарина 143", "name": "", "type": "yes", "tagged": true}, "geometry": {"type": "Polygon", "coordinates": [[[69.4008827, 53.2921031], [69.4009631, 53.2921134], [69.4009823, 53.2920598], [69.4009019, 53.2920495], [69.4008827, 53.2921031]]]}}, {"type": "Feature", "properties": {"levels": 1.0, "addr": "улица Юрия Гагарина 139/2", "name": "", "type": "yes", "tagged": true}, "geometry": {"type": "Polygon", "coordinates": [[[69.4006366, 53.2920599], [69.4007326, 53.2920764], [69.400767, 53.2920053], [69.400671, 53.2919887], [69.4006366, 53.2920599]]]}}, {"type": "Feature", "properties": {"levels": 1.0, "addr": "улица Юрия Гагарина 137", "name": "", "type": "yes", "tagged": true}, "geometry": {"type": "Polygon", "coordinates": [[[69.4005409, 53.2920336], [69.4006369, 53.2920502], [69.4006712, 53.2919791], [69.4005753, 53.2919625], [69.4005409, 53.2920336]]]}}, {"type": "Feature", "properties": {"levels": 1.0, "addr": "улица Жумабека Ташенова 25", "name": "", "type": "yes", "tagged": true}, "geometry": {"type": "Polygon", "coordinates": [[[69.3996617, 53.2918743], [69.3997462, 53.2918848], [69.3997624, 53.2918381], [69.3996778, 53.2918276], [69.3996617, 53.2918743]]]}}, {"type": "Feature", "properties": {"levels": 1.0, "addr": "улица Жумабека Ташенова 23", "name": "", "type": "yes", "tagged": true}, "geometry": {"type": "Polygon", "coordinates": [[[69.3996295, 53.2919914], [69.399714, 53.2920018], [69.3997302, 53.2919551], [69.3996456, 53.2919447], [69.3996295, 53.2919914]]]}}, {"type": "Feature", "properties": {"levels": 1.0, "addr": "улица 8 Марта 27Б", "name": "", "type": "yes", "tagged": true}, "geometry": {"type": "Polygon", "coordinates": [[[69.3982188, 53.2921006], [69.3983692, 53.2921137], [69.3983891, 53.2920318], [69.3982387, 53.2920188], [69.3982188, 53.2921006]]]}}, {"type": "Feature", "properties": {"levels": 1.0, "addr": "улица 8 Марта 27/1", "name": "", "type": "yes", "tagged": true}, "geometry": {"type": "Polygon", "coordinates": [[[69.3978086, 53.2920408], [69.397959, 53.2920538], [69.3979789, 53.291972], [69.3978285, 53.2919589], [69.3978086, 53.2920408]]]}}, {"type": "Feature", "properties": {"levels": 1.0, "addr": "улица Жумабека Ташенова 26/3", "name": "", "type": "yes", "tagged": true}, "geometry": {"type": "Polygon", "coordinates": [[[69.3992706, 53.2908619], [69.3994047, 53.2908715], [69.399424, 53.2907758], [69.3992899, 53.2907662], [69.3992706, 53.2908619]]]}}, {"type": "Feature", "properties": {"levels": 2, "addr": "улица Юрия Гагарина 106", "name": "", "type": "yes", "tagged": false}, "geometry": {"type": "Polygon", "coordinates": [[[69.3987955, 53.2914654], [69.3991134, 53.2914981], [69.3991377, 53.2914135], [69.3988199, 53.2913809], [69.3987955, 53.2914654]]]}}, {"type": "Feature", "properties": {"levels": 2, "addr": "улица Юрия Гагарина 104", "name": "", "type": "yes", "tagged": false}, "geometry": {"type": "Polygon", "coordinates": [[[69.3985607, 53.2914455], [69.3987235, 53.291463], [69.3987473, 53.2913836], [69.3985845, 53.2913662], [69.3985607, 53.2914455]]]}}, {"type": "Feature", "properties": {"levels": 1.0, "addr": "улица 8 Марта 31", "name": "", "type": "yes", "tagged": true}, "geometry": {"type": "Polygon", "coordinates": [[[69.3979616, 53.2912553], [69.3980873, 53.2912735], [69.3981234, 53.2911845], [69.3979977, 53.2911663], [69.3979616, 53.2912553]]]}}, {"type": "Feature", "properties": {"levels": 2, "addr": "улица Малика Габдуллина 53в/2", "name": "", "type": "yes", "tagged": false}, "geometry": {"type": "Polygon", "coordinates": [[[69.3964123, 53.2901114], [69.3965647, 53.2901315], [69.396577, 53.2900983], [69.3964246, 53.2900782], [69.3964123, 53.2901114]]]}}, {"type": "Feature", "properties": {"levels": 2, "addr": "улица Малика Габдуллина 53в/1", "name": "", "type": "yes", "tagged": false}, "geometry": {"type": "Polygon", "coordinates": [[[69.396427, 53.2899186], [69.3965002, 53.289925], [69.3965149, 53.2898645], [69.3964417, 53.2898582], [69.396427, 53.2899186]]]}}, {"type": "Feature", "properties": {"levels": 2, "addr": "улица Буденного 26", "name": "", "type": "yes", "tagged": false}, "geometry": {"type": "Polygon", "coordinates": [[[69.4015735, 53.2904117], [69.401763, 53.290407], [69.4017546, 53.2902834], [69.4015651, 53.290288], [69.4015735, 53.2904117]]]}}, {"type": "Feature", "properties": {"levels": 2, "addr": "улица Магзи Абулкасымова 172", "name": "", "type": "yes", "tagged": false}, "geometry": {"type": "Polygon", "coordinates": [[[69.4011162, 53.2904934], [69.4012499, 53.2905155], [69.4012879, 53.2904333], [69.4011542, 53.2904112], [69.4011162, 53.2904934]]]}}, {"type": "Feature", "properties": {"levels": 2, "addr": "улица Магзи Абулкасымова 194", "name": "", "type": "yes", "tagged": false}, "geometry": {"type": "Polygon", "coordinates": [[[69.4005355, 53.2904277], [69.400688, 53.2904366], [69.4007018, 53.2903515], [69.4005494, 53.2903427], [69.4005355, 53.2904277]]]}}, {"type": "Feature", "properties": {"levels": 2, "addr": "улица Магзи Абулкасымова 131/1", "name": "", "type": "yes", "tagged": false}, "geometry": {"type": "Polygon", "coordinates": [[[69.4009493, 53.2911063], [69.4010198, 53.2911247], [69.4010795, 53.2910429], [69.4010089, 53.2910245], [69.4009493, 53.2911063]]]}}, {"type": "Feature", "properties": {"levels": 2, "addr": "улица Сулейменова 4а/6", "name": "", "type": "yes", "tagged": false}, "geometry": {"type": "Polygon", "coordinates": [[[69.4025981, 53.2908918], [69.4026306, 53.290929], [69.4026923, 53.2909098], [69.4026598, 53.2908726], [69.4025981, 53.2908918]]]}}, {"type": "Feature", "properties": {"levels": 2, "addr": "улица Сулейменова 2а/6", "name": "", "type": "yes", "tagged": false}, "geometry": {"type": "Polygon", "coordinates": [[[69.4020201, 53.2908975], [69.402031, 53.2909751], [69.4024789, 53.2909527], [69.402468, 53.290875], [69.4020201, 53.2908975]]]}}, {"type": "Feature", "properties": {"levels": 2, "addr": "улица Сулейменова 2а/4", "name": "", "type": "yes", "tagged": false}, "geometry": {"type": "Polygon", "coordinates": [[[69.4031762, 53.2921408], [69.403213, 53.2921794], [69.4032767, 53.2921576], [69.4032399, 53.292119], [69.4031762, 53.2921408]]]}}, {"type": "Feature", "properties": {"levels": 2, "addr": "улица Сулейменова 2а/5", "name": "", "type": "yes", "tagged": false}, "geometry": {"type": "Polygon", "coordinates": [[[69.4035812, 53.2918538], [69.4036381, 53.2919135], [69.4036885, 53.2918963], [69.4036315, 53.2918366], [69.4035812, 53.2918538]]]}}, {"type": "Feature", "properties": {"levels": 2, "addr": "улица Сулейменова 2а/1", "name": "", "type": "yes", "tagged": false}, "geometry": {"type": "Polygon", "coordinates": [[[69.4035731, 53.2920061], [69.4036117, 53.2920465], [69.403777, 53.2919901], [69.4037384, 53.2919497], [69.4035731, 53.2920061]]]}}, {"type": "Feature", "properties": {"levels": 2, "addr": "улица Сулейменова 4а", "name": "", "type": "yes", "tagged": false}, "geometry": {"type": "Polygon", "coordinates": [[[69.4029616, 53.2917626], [69.4029308, 53.2917731], [69.4031137, 53.2919646], [69.4031445, 53.2919541], [69.4029616, 53.2917626]]]}}, {"type": "Feature", "properties": {"levels": 2, "addr": "улица Сулейменова 4а/1", "name": "", "type": "yes", "tagged": false}, "geometry": {"type": "Polygon", "coordinates": [[[69.402686, 53.2914786], [69.4026552, 53.2914891], [69.4028308, 53.291673], [69.4028616, 53.2916625], [69.402686, 53.2914786]]]}}, {"type": "Feature", "properties": {"levels": 2, "addr": "улица Сулейменова 4а/3", "name": "", "type": "yes", "tagged": false}, "geometry": {"type": "Polygon", "coordinates": [[[69.4024385, 53.2912269], [69.4024115, 53.2912362], [69.4025619, 53.2913937], [69.402589, 53.2913844], [69.4024385, 53.2912269]]]}}, {"type": "Feature", "properties": {"levels": 2, "addr": "улица Сулейменова 4в", "name": "", "type": "yes", "tagged": false}, "geometry": {"type": "Polygon", "coordinates": [[[69.4018739, 53.2914169], [69.4020216, 53.2915715], [69.4025499, 53.2913913], [69.4024022, 53.2912367], [69.4018739, 53.2914169]]]}}, {"type": "Feature", "properties": {"levels": 2, "addr": "улица Сулейменова 4г", "name": "", "type": "yes", "tagged": false}, "geometry": {"type": "Polygon", "coordinates": [[[69.4016781, 53.2913223], [69.4017621, 53.2914102], [69.4024058, 53.2911906], [69.4023219, 53.2911027], [69.4016781, 53.2913223]]]}}, {"type": "Feature", "properties": {"levels": 2, "addr": "Городок строителей микрорайон 5Б", "name": "", "type": "yes", "tagged": false}, "geometry": {"type": "Polygon", "coordinates": [[[69.4047438, 53.2911866], [69.4049396, 53.2912065], [69.4049897, 53.291031], [69.4047939, 53.291011], [69.4047438, 53.2911866]]]}}, {"type": "Feature", "properties": {"levels": 2, "addr": "улица Мухтара Ауэзова 213к", "name": "", "type": "yes", "tagged": false}, "geometry": {"type": "Polygon", "coordinates": [[[69.4039632, 53.2906581], [69.4041952, 53.2906778], [69.40428, 53.2903227], [69.4040479, 53.2903029], [69.4039632, 53.2906581]]]}}, {"type": "Feature", "properties": {"levels": 2, "addr": "улица Малика Габдуллина 4", "name": "", "type": "yes", "tagged": false}, "geometry": {"type": "Polygon", "coordinates": [[[69.3931757, 53.2954531], [69.3937878, 53.2955206], [69.3937375, 53.2956834], [69.3939417, 53.295706], [69.3940287, 53.2954242], [69.3932124, 53.2953342], [69.3931757, 53.2954531]]]}}, {"type": "Feature", "properties": {"levels": 2, "addr": "улица Сакена Жунусова 43Б", "name": "", "type": "yes", "tagged": false}, "geometry": {"type": "Polygon", "coordinates": [[[69.3926632, 53.2950899], [69.3931107, 53.2951446], [69.3932909, 53.2946185], [69.3928434, 53.2945638], [69.3926632, 53.2950899]]]}}, {"type": "Feature", "properties": {"levels": 2, "addr": "улица Ахмета Байтурсынова 117/1", "name": "", "type": "yes", "tagged": false}, "geometry": {"type": "Polygon", "coordinates": [[[69.394345, 53.2924735], [69.3945096, 53.2924881], [69.394522, 53.2924382], [69.3943574, 53.2924235], [69.394345, 53.2924735]]]}}, {"type": "Feature", "properties": {"levels": 1.0, "addr": "улица Малика Габдуллина 26", "name": "", "type": "yes", "tagged": true}, "geometry": {"type": "Polygon", "coordinates": [[[69.3948177, 53.2928204], [69.3949967, 53.2928363], [69.3950257, 53.2927198], [69.3948467, 53.2927038], [69.3948177, 53.2928204]]]}}, {"type": "Feature", "properties": {"levels": 2, "addr": "улица Тлеулина 88", "name": "", "type": "yes", "tagged": false}, "geometry": {"type": "Polygon", "coordinates": [[[69.3884124, 53.2926195], [69.3886659, 53.2926489], [69.3887172, 53.2924911], [69.3884637, 53.2924617], [69.3884124, 53.2926195]]]}}, {"type": "Feature", "properties": {"levels": 2, "addr": "улица Потанина 21а", "name": "", "type": "yes", "tagged": false}, "geometry": {"type": "Polygon", "coordinates": [[[69.388059, 53.2921741], [69.3883809, 53.2922126], [69.3884312, 53.2920621], [69.3881094, 53.2920237], [69.388059, 53.2921741]]]}}, {"type": "Feature", "properties": {"levels": 2, "addr": "улица Потанина 21", "name": "", "type": "yes", "tagged": false}, "geometry": {"type": "Polygon", "coordinates": [[[69.3876897, 53.2921303], [69.3880116, 53.2921688], [69.3880619, 53.2920183], [69.3877401, 53.2919799], [69.3876897, 53.2921303]]]}}, {"type": "Feature", "properties": {"levels": 2, "addr": "улица Потанина 27в", "name": "", "type": "yes", "tagged": false}, "geometry": {"type": "Polygon", "coordinates": [[[69.3879747, 53.2913728], [69.3880258, 53.2913765], [69.3880364, 53.2913239], [69.3879854, 53.2913202], [69.3879747, 53.2913728]]]}}, {"type": "Feature", "properties": {"levels": 2, "addr": "улица Потанина 27", "name": "", "type": "yes", "tagged": false}, "geometry": {"type": "Polygon", "coordinates": [[[69.3879774, 53.2915011], [69.3881037, 53.2915102], [69.3881131, 53.2914637], [69.3879868, 53.2914546], [69.3879774, 53.2915011]]]}}, {"type": "Feature", "properties": {"levels": 2, "addr": "улица Юрия Гагарина 88а", "name": "", "type": "yes", "tagged": false}, "geometry": {"type": "Polygon", "coordinates": [[[69.3945619, 53.2910891], [69.3953403, 53.2911753], [69.3953711, 53.2910759], [69.3945927, 53.2909898], [69.3945619, 53.2910891]]]}}, {"type": "Feature", "properties": {"levels": 2, "addr": "улица Малика Габдуллина 38а", "name": "", "type": "yes", "tagged": false}, "geometry": {"type": "Polygon", "coordinates": [[[69.3953598, 53.2899793], [69.3958033, 53.2900175], [69.3958603, 53.2897813], [69.3954168, 53.2897431], [69.3953598, 53.2899793]]]}}, {"type": "Feature", "properties": {"levels": 2, "addr": "улица Мухтара Ауэзова 189а/4", "name": "", "type": "yes", "tagged": false}, "geometry": {"type": "Polygon", "coordinates": [[[69.3917372, 53.2888792], [69.391904, 53.288896], [69.391929, 53.2888078], [69.3917622, 53.2887909], [69.3917372, 53.2888792]]]}}, {"type": "Feature", "properties": {"levels": 2, "addr": "улица Мухтара Ауэзова 189г", "name": "", "type": "yes", "tagged": false}, "geometry": {"type": "Polygon", "coordinates": [[[69.39145, 53.2888037], [69.3915263, 53.2888115], [69.3915398, 53.2887637], [69.3914635, 53.2887559], [69.39145, 53.2888037]]]}}, {"type": "Feature", "properties": {"levels": 2, "addr": "улица Мухтара Ауэзова 189а к7", "name": "", "type": "yes", "tagged": false}, "geometry": {"type": "Polygon", "coordinates": [[[69.3911057, 53.2889142], [69.3912846, 53.2889323], [69.3912988, 53.2888821], [69.3911199, 53.288864], [69.3911057, 53.2889142]]]}}, {"type": "Feature", "properties": {"levels": 2, "addr": "улица Мухтара Ауэзова 189е", "name": "", "type": "yes", "tagged": false}, "geometry": {"type": "Polygon", "coordinates": [[[69.3887459, 53.2883203], [69.3886855, 53.288524], [69.3889725, 53.2885544], [69.3889947, 53.2884799], [69.389929, 53.288579], [69.3899673, 53.2884498], [69.3887459, 53.2883203]]]}}, {"type": "Feature", "properties": {"levels": 2, "addr": "проспект Нурсултана Назарбаева 29в", "name": "", "type": "yes", "tagged": false}, "geometry": {"type": "Polygon", "coordinates": [[[69.3862823, 53.2918137], [69.3864757, 53.2918324], [69.3865263, 53.2916454], [69.3863329, 53.2916267], [69.3862823, 53.2918137]]]}}, {"type": "Feature", "properties": {"levels": 2, "addr": "проспект Нурсултана Назарбаева 29в/1", "name": "", "type": "yes", "tagged": false}, "geometry": {"type": "Polygon", "coordinates": [[[69.3860784, 53.2916093], [69.3861531, 53.2916165], [69.3861612, 53.2915866], [69.3860865, 53.2915794], [69.3860784, 53.2916093]]]}}, {"type": "Feature", "properties": {"levels": 2, "addr": "проспект Нурсултана Назарбаева 33а", "name": "", "type": "yes", "tagged": false}, "geometry": {"type": "Polygon", "coordinates": [[[69.3866008, 53.2903828], [69.3866781, 53.290391], [69.3866953, 53.2903331], [69.386618, 53.2903249], [69.3866008, 53.2903828]]]}}, {"type": "Feature", "properties": {"levels": 2, "addr": "улица Пушкина 8/1", "name": "", "type": "yes", "tagged": false}, "geometry": {"type": "Polygon", "coordinates": [[[69.4038748, 53.2879874], [69.403937, 53.2879923], [69.4039504, 53.2879322], [69.4038883, 53.2879272], [69.4038748, 53.2879874]]]}}, {"type": "Feature", "properties": {"levels": 2, "addr": "улица Пушкина 8а/1", "name": "", "type": "yes", "tagged": false}, "geometry": {"type": "Polygon", "coordinates": [[[69.4027403, 53.2876955], [69.4029175, 53.2876996], [69.4029227, 53.2876186], [69.4027454, 53.2876146], [69.4027403, 53.2876955]]]}}, {"type": "Feature", "properties": {"levels": 2, "addr": "улица Мухтара Ауэзова 278/1", "name": "", "type": "yes", "tagged": false}, "geometry": {"type": "Polygon", "coordinates": [[[69.4021799, 53.2892324], [69.402417, 53.2892548], [69.4024454, 53.2891474], [69.4022083, 53.289125], [69.4021799, 53.2892324]]]}}, {"type": "Feature", "properties": {"levels": 2, "addr": "улица 8 Марта 53а", "name": "", "type": "yes", "tagged": false}, "geometry": {"type": "Polygon", "coordinates": [[[69.3989981, 53.287917], [69.3993528, 53.2879467], [69.3993795, 53.2878329], [69.3990247, 53.2878032], [69.3989981, 53.287917]]]}}, {"type": "Feature", "properties": {"levels": 2, "addr": "улица Мухтара Ауэзова 252", "name": "", "type": "yes", "tagged": false}, "geometry": {"type": "Polygon", "coordinates": [[[69.3976008, 53.2886954], [69.3983083, 53.2887559], [69.3984444, 53.288187], [69.3982681, 53.288172], [69.3981561, 53.2886406], [69.3976248, 53.2885952], [69.3976008, 53.2886954]]]}}, {"type": "Feature", "properties": {"levels": 2, "addr": "улица 8 Марта 61/1", "name": "", "type": "yes", "tagged": false}, "geometry": {"type": "Polygon", "coordinates": [[[69.3997645, 53.2854723], [69.3998907, 53.2854833], [69.3999362, 53.2852959], [69.39981, 53.285285], [69.3997645, 53.2854723]]]}}, {"type": "Feature", "properties": {"levels": 2, "addr": "улица Жумабека Ташенова 56а/1", "name": "", "type": "yes", "tagged": false}, "geometry": {"type": "Polygon", "coordinates": [[[69.4005704, 53.2856054], [69.4006326, 53.2856119], [69.4006487, 53.2855566], [69.4005865, 53.2855501], [69.4005704, 53.2856054]]]}}, {"type": "Feature", "properties": {"levels": 2, "addr": "улица Ауельбекова 157а", "name": "", "type": "yes", "tagged": false}, "geometry": {"type": "Polygon", "coordinates": [[[69.4019253, 53.2857451], [69.4026551, 53.2858112], [69.4027316, 53.285509], [69.4024822, 53.2854864], [69.4024389, 53.2856576], [69.4019585, 53.2856141], [69.4019253, 53.2857451]]]}}, {"type": "Feature", "properties": {"levels": 2, "addr": "улица Ауельбекова 157а/1", "name": "", "type": "yes", "tagged": false}, "geometry": {"type": "Polygon", "coordinates": [[[69.4028074, 53.2856167], [69.4028616, 53.2856197], [69.4028744, 53.2855365], [69.4028202, 53.2855335], [69.4028074, 53.2856167]]]}}, {"type": "Feature", "properties": {"levels": 2, "addr": "улица Пушкина 16а/1", "name": "", "type": "yes", "tagged": false}, "geometry": {"type": "Polygon", "coordinates": [[[69.4033545, 53.2857931], [69.4035304, 53.2858027], [69.4035356, 53.285769], [69.4033597, 53.2857593], [69.4033545, 53.2857931]]]}}, {"type": "Feature", "properties": {"levels": 2, "addr": "улица Ахмета Байтурсынова 59/2", "name": "", "type": "yes", "tagged": false}, "geometry": {"type": "Polygon", "coordinates": [[[69.3812504, 53.2909087], [69.3813124, 53.2909158], [69.3813229, 53.290883], [69.3812609, 53.2908759], [69.3812504, 53.2909087]]]}}, {"type": "Feature", "properties": {"levels": 2, "addr": "улица Ахмета Байтурсынова 59/1", "name": "", "type": "yes", "tagged": false}, "geometry": {"type": "Polygon", "coordinates": [[[69.3812478, 53.2909496], [69.3813097, 53.2909566], [69.3813202, 53.2909239], [69.3812582, 53.2909168], [69.3812478, 53.2909496]]]}}, {"type": "Feature", "properties": {"levels": 2, "addr": "улица Ахмета Байтурсынова 60/1", "name": "", "type": "yes", "tagged": false}, "geometry": {"type": "Polygon", "coordinates": [[[69.3805873, 53.2909488], [69.3808693, 53.290981], [69.3809149, 53.2908383], [69.3806329, 53.2908061], [69.3805873, 53.2909488]]]}}, {"type": "Feature", "properties": {"levels": 2, "addr": "улица Осипенко 12/4", "name": "", "type": "yes", "tagged": false}, "geometry": {"type": "Polygon", "coordinates": [[[69.3778487, 53.2917051], [69.3778116, 53.2918144], [69.3778621, 53.2918205], [69.3778992, 53.2917112], [69.3778487, 53.2917051]]]}}, {"type": "Feature", "properties": {"levels": 2, "addr": "улица Осипенко 12/2", "name": "", "type": "yes", "tagged": false}, "geometry": {"type": "Polygon", "coordinates": [[[69.377779, 53.2918939], [69.3777419, 53.2920032], [69.3777924, 53.2920093], [69.3778295, 53.2919], [69.377779, 53.2918939]]]}}, {"type": "Feature", "properties": {"levels": 2, "addr": "улица Зарапа Темирбекова 2Б", "name": "", "type": "yes", "tagged": false}, "geometry": {"type": "Polygon", "coordinates": [[[69.3721386, 53.2876154], [69.3721099, 53.2877221], [69.3722143, 53.2877321], [69.3721941, 53.2878074], [69.3723826, 53.2878254], [69.3724314, 53.2876435], [69.3721386, 53.2876154]]]}}, {"type": "Feature", "properties": {"levels": 2, "addr": "улица Зарапа Темирбекова 2а", "name": "", "type": "yes", "tagged": false}, "geometry": {"type": "Polygon", "coordinates": [[[69.3721041, 53.2881467], [69.3722943, 53.2881649], [69.3723831, 53.2878341], [69.3721929, 53.2878158], [69.3721041, 53.2881467]]]}}, {"type": "Feature", "properties": {"levels": 2, "addr": "улица Бауржана Момышулы 30а", "name": "", "type": "apartments", "tagged": false}, "geometry": {"type": "Polygon", "coordinates": [[[69.3761489, 53.2879601], [69.3766598, 53.2880162], [69.3767457, 53.2877368], [69.3765354, 53.2877137], [69.3764857, 53.2878756], [69.376185, 53.2878426], [69.3761489, 53.2879601]]]}}, {"type": "Feature", "properties": {"levels": 2, "addr": "улица Биржан сала 30", "name": "", "type": "yes", "tagged": false}, "geometry": {"type": "Polygon", "coordinates": [[[69.3783766, 53.2877197], [69.3783123, 53.2879474], [69.3784352, 53.2879598], [69.3784996, 53.2877321], [69.3783766, 53.2877197]]]}}, {"type": "Feature", "properties": {"levels": 2, "addr": "улица Юрия Гагарина 60", "name": "", "type": "yes", "tagged": false}, "geometry": {"type": "Polygon", "coordinates": [[[69.381304, 53.2889902], [69.3812714, 53.2890923], [69.3812969, 53.2890952], [69.3812363, 53.2892846], [69.3812967, 53.2892915], [69.3812525, 53.28943], [69.3815356, 53.2894623], [69.381673, 53.2890323], [69.381385, 53.2889995], [69.381304, 53.2889902]]]}}, {"type": "Feature", "properties": {"levels": 2, "addr": "улица Осипенко 21", "name": "", "type": "yes", "tagged": false}, "geometry": {"type": "Polygon", "coordinates": [[[69.3806817, 53.2893251], [69.3808879, 53.2893488], [69.3809877, 53.2893009], [69.3810792, 53.288966], [69.381304, 53.2889902], [69.381385, 53.2889995], [69.3814147, 53.288899], [69.3811031, 53.2888605], [69.3811468, 53.2886614], [69.3810971, 53.2886048], [69.3809373, 53.28859], [69.3808103, 53.2886402], [69.3808561, 53.2886821], [69.3808404, 53.2887295], [69.3807715, 53.2887544], [69.3808206, 53.2887932], [69.3808113, 53.2888261], [69.3807367, 53.2888528], [69.3807836, 53.2889006], [69.3808775, 53.2889124], [69.3808691, 53.2889528], [69.3807916, 53.2889443], [69.3807113, 53.2889663], [69.3806956, 53.2890272], [69.3807574, 53.2890539], [69.3806943, 53.2890823], [69.3807409, 53.289114], [69.38068, 53.2891356], [69.3807215, 53.2891647], [69.3806646, 53.2891837], [69.3807118, 53.2892205], [69.380645, 53.2892481], [69.3806937, 53.2892947], [69.3806817, 53.2893251]]]}}, {"type": "Feature", "properties": {"levels": 2, "addr": "улица Осипенко 23", "name": "", "type": "yes", "tagged": false}, "geometry": {"type": "Polygon", "coordinates": [[[69.3809996, 53.289355], [69.3809765, 53.2894292], [69.3811498, 53.2894485], [69.3811729, 53.2893743], [69.3809996, 53.289355]]]}}, {"type": "Feature", "properties": {"levels": 2, "addr": "улица Магзи Абулкасымова 132а", "name": "", "type": "yes", "tagged": false}, "geometry": {"type": "Polygon", "coordinates": [[[69.3836671, 53.2886929], [69.3841484, 53.2887446], [69.3843216, 53.2881686], [69.3838403, 53.2881168], [69.3836671, 53.2886929]]]}}, {"type": "Feature", "properties": {"levels": 2, "addr": "улица Магзи Абулкасымова 36/1", "name": "", "type": "yes", "tagged": false}, "geometry": {"type": "Polygon", "coordinates": [[[69.3840292, 53.2887786], [69.3841264, 53.2887891], [69.3841385, 53.288749], [69.3840413, 53.2887385], [69.3840292, 53.2887786]]]}}, {"type": "Feature", "properties": {"levels": 2, "addr": "улица Магзи Абулкасымова 95/5", "name": "", "type": "yes", "tagged": false}, "geometry": {"type": "Polygon", "coordinates": [[[69.384565, 53.2891979], [69.3846067, 53.2892025], [69.3846475, 53.2890693], [69.3846057, 53.2890647], [69.384565, 53.2891979]]]}}, {"type": "Feature", "properties": {"levels": 2, "addr": "улица Магзи Абулкасымова 95/1", "name": "", "type": "yes", "tagged": false}, "geometry": {"type": "Polygon", "coordinates": [[[69.3844231, 53.2890785], [69.384436, 53.289034], [69.3843703, 53.2890272], [69.3843574, 53.2890716], [69.3844231, 53.2890785]]]}}, {"type": "Feature", "properties": {"levels": 2, "addr": "улица Магзи Абулкасымова 95/4", "name": "", "type": "yes", "tagged": false}, "geometry": {"type": "Polygon", "coordinates": [[[69.384516, 53.2889775], [69.3845625, 53.2889825], [69.3845724, 53.2889502], [69.3845259, 53.2889451], [69.384516, 53.2889775]]]}}, {"type": "Feature", "properties": {"levels": 2, "addr": "улица Юрия Гагарина 13а", "name": "", "type": "yes", "tagged": false}, "geometry": {"type": "Polygon", "coordinates": [[[69.3719607, 53.2890471], [69.3721556, 53.2890665], [69.3722267, 53.2888114], [69.3720799, 53.2887968], [69.3720553, 53.288885], [69.3720073, 53.2888802], [69.3719607, 53.2890471]]]}}, {"type": "Feature", "properties": {"levels": 2, "addr": "улица Юрия Гагарина 11а", "name": "", "type": "yes", "tagged": false}, "geometry": {"type": "Polygon", "coordinates": [[[69.3716749, 53.2886456], [69.3716417, 53.2887647], [69.3720236, 53.2888027], [69.3720568, 53.2886837], [69.3716749, 53.2886456]]]}}, {"type": "Feature", "properties": {"levels": 2, "addr": "улица Юрия Гагарина 47е", "name": "", "type": "yes", "tagged": false}, "geometry": {"type": "Polygon", "coordinates": [[[69.3796565, 53.2895495], [69.3796467, 53.2895827], [69.3797067, 53.289589], [69.3797165, 53.2895558], [69.3796565, 53.2895495]]]}}, {"type": "Feature", "properties": {"levels": 2, "addr": "улица Осипенко 18/3", "name": "", "type": "yes", "tagged": false}, "geometry": {"type": "Polygon", "coordinates": [[[69.3790604, 53.2898753], [69.3790087, 53.2900179], [69.3791208, 53.2900325], [69.3791725, 53.2898899], [69.3790604, 53.2898753]]]}}, {"type": "Feature", "properties": {"levels": 2, "addr": "улица Бауржана Момышулы 20", "name": "", "type": "yes", "tagged": false}, "geometry": {"type": "Polygon", "coordinates": [[[69.3759447, 53.2893583], [69.3760445, 53.2893679], [69.3760687, 53.2892781], [69.3759689, 53.2892685], [69.3759447, 53.2893583]]]}}, {"type": "Feature", "properties": {"levels": 2, "addr": "улица Бауржана Момышулы 18", "name": "", "type": "yes", "tagged": false}, "geometry": {"type": "Polygon", "coordinates": [[[69.3759394, 53.2894529], [69.3760392, 53.2894625], [69.3760634, 53.2893727], [69.3759636, 53.2893631], [69.3759394, 53.2894529]]]}}, {"type": "Feature", "properties": {"levels": 2, "addr": "Сагдиева 1а", "name": "", "type": "yes", "tagged": false}, "geometry": {"type": "Polygon", "coordinates": [[[69.3745611, 53.2907676], [69.3746991, 53.2907848], [69.3747301, 53.2906962], [69.3745921, 53.290679], [69.3745611, 53.2907676]]]}}, {"type": "Feature", "properties": {"levels": 2, "addr": "Сагдиева 2", "name": "", "type": "yes", "tagged": false}, "geometry": {"type": "Polygon", "coordinates": [[[69.3734801, 53.2907836], [69.3736157, 53.2908006], [69.3736477, 53.2907091], [69.3735121, 53.2906921], [69.3734801, 53.2907836]]]}}, {"type": "Feature", "properties": {"levels": 2, "addr": "Сагдиева 8", "name": "", "type": "yes", "tagged": false}, "geometry": {"type": "Polygon", "coordinates": [[[69.3736008, 53.2899683], [69.3735728, 53.2900484], [69.3737148, 53.2900661], [69.3737428, 53.2899861], [69.3736008, 53.2899683]]]}}, {"type": "Feature", "properties": {"levels": 2, "addr": "улица Калинина 16а", "name": "", "type": "yes", "tagged": false}, "geometry": {"type": "Polygon", "coordinates": [[[69.3812571, 53.291833], [69.381359, 53.2918457], [69.3813725, 53.2918073], [69.3812706, 53.2917946], [69.3812571, 53.291833]]]}}, {"type": "Feature", "properties": {"levels": 2, "addr": "улица Ахмета Байтурсынова 44а/1", "name": "", "type": "yes", "tagged": false}, "geometry": {"type": "Polygon", "coordinates": [[[69.3791315, 53.2903411], [69.379266, 53.2903537], [69.3792772, 53.2903109], [69.3794316, 53.2903253], [69.3794434, 53.2902802], [69.3791545, 53.2902532], [69.3791315, 53.2903411]]]}}, {"type": "Feature", "properties": {"levels": 2, "addr": "улица Юрия Гагарина 53/2", "name": "", "type": "yes", "tagged": false}, "geometry": {"type": "Polygon", "coordinates": [[[69.383193, 53.2899627], [69.3833642, 53.2899811], [69.3833768, 53.2899395], [69.3832056, 53.2899211], [69.383193, 53.2899627]]]}}, {"type": "Feature", "properties": {"levels": 2, "addr": "улица Юрия Гагарина 53а", "name": "", "type": "yes", "tagged": false}, "geometry": {"type": "Polygon", "coordinates": [[[69.3833613, 53.2902658], [69.3837637, 53.290309], [69.3838322, 53.2900815], [69.3834298, 53.2900382], [69.3833613, 53.2902658]]]}}, {"type": "Feature", "properties": {"levels": 2, "addr": "улица Юрия Гагарина 53Б", "name": "", "type": "yes", "tagged": false}, "geometry": {"type": "Polygon", "coordinates": [[[69.3830877, 53.2902293], [69.3833485, 53.2902551], [69.3834069, 53.2900441], [69.3831462, 53.2900183], [69.3830877, 53.2902293]]]}}, {"type": "Feature", "properties": {"levels": 2, "addr": "улица Ильяса Есенберлина 16", "name": "", "type": "yes", "tagged": false}, "geometry": {"type": "Polygon", "coordinates": [[[69.3830824, 53.2904317], [69.3833785, 53.2904708], [69.3834418, 53.2902994], [69.3831457, 53.2902603], [69.3830824, 53.2904317]]]}}, {"type": "Feature", "properties": {"levels": 2, "addr": "улица Ильяса Есенберлина 16/1", "name": "", "type": "yes", "tagged": false}, "geometry": {"type": "Polygon", "coordinates": [[[69.3831374, 53.2905199], [69.383368, 53.2905503], [69.3833937, 53.2904809], [69.383163, 53.2904505], [69.3831374, 53.2905199]]]}}, {"type": "Feature", "properties": {"levels": 2, "addr": "улица Юрия Гагарина 53/3", "name": "", "type": "yes", "tagged": false}, "geometry": {"type": "Polygon", "coordinates": [[[69.3829375, 53.2907002], [69.3831046, 53.2907195], [69.3831655, 53.2905303], [69.3829984, 53.2905111], [69.3829375, 53.2907002]]]}}, {"type": "Feature", "properties": {"levels": 2, "addr": "улица Юрия Гагарина 69а", "name": "", "type": "yes", "tagged": false}, "geometry": {"type": "Polygon", "coordinates": [[[69.3837704, 53.2909544], [69.3838384, 53.2909624], [69.3839487, 53.2906297], [69.3838807, 53.2906216], [69.3837704, 53.2909544]]]}}, {"type": "Feature", "properties": {"levels": 2, "addr": "улица Юрия Гагарина 69а/1", "name": "", "type": "yes", "tagged": false}, "geometry": {"type": "Polygon", "coordinates": [[[69.383755, 53.2910069], [69.3838076, 53.2910131], [69.3838205, 53.2909742], [69.3837679, 53.2909679], [69.383755, 53.2910069]]]}}, {"type": "Feature", "properties": {"levels": 2, "addr": "улица Ахмета Байтурсынова 69/3", "name": "", "type": "yes", "tagged": false}, "geometry": {"type": "Polygon", "coordinates": [[[69.3831347, 53.2911428], [69.3833068, 53.2911607], [69.3833171, 53.2911255], [69.383145, 53.2911076], [69.3831347, 53.2911428]]]}}, {"type": "Feature", "properties": {"levels": 2, "addr": "улица Ильяса Есенберлина 14/1", "name": "", "type": "yes", "tagged": false}, "geometry": {"type": "Polygon", "coordinates": [[[69.3830401, 53.2909776], [69.3834672, 53.2910254], [69.3834887, 53.2909569], [69.3830616, 53.290909], [69.3830401, 53.2909776]]]}}, {"type": "Feature", "properties": {"levels": 2, "addr": "улица Ахмета Байтурсынова 60/2", "name": "", "type": "yes", "tagged": false}, "geometry": {"type": "Polygon", "coordinates": [[[69.3811807, 53.290681], [69.3813364, 53.2907005], [69.3813926, 53.2905399], [69.3812369, 53.2905204], [69.3811807, 53.290681]]]}}, {"type": "Feature", "properties": {"levels": 2, "addr": "улица Осипенко 16/3", "name": "", "type": "yes", "tagged": false}, "geometry": {"type": "Polygon", "coordinates": [[[69.3794614, 53.2913921], [69.3795756, 53.2914071], [69.379677, 53.2911327], [69.3795629, 53.2911177], [69.3794614, 53.2913921]]]}}, {"type": "Feature", "properties": {"levels": 1.0, "addr": "улица Бауржана Момышулы 7", "name": "", "type": "yes", "tagged": true}, "geometry": {"type": "Polygon", "coordinates": [[[69.3763336, 53.2904451], [69.3764416, 53.2904537], [69.3764577, 53.2903815], [69.3763497, 53.2903729], [69.3763336, 53.2904451]]]}}, {"type": "Feature", "properties": {"levels": 2, "addr": "улица Осипенко 16/1", "name": "", "type": "yes", "tagged": false}, "geometry": {"type": "Polygon", "coordinates": [[[69.379617, 53.2909616], [69.3796913, 53.2909701], [69.3797109, 53.2909087], [69.3796365, 53.2909002], [69.379617, 53.2909616]]]}}, {"type": "Feature", "properties": {"levels": 2, "addr": "улица Калинина 16/1", "name": "", "type": "yes", "tagged": false}, "geometry": {"type": "Polygon", "coordinates": [[[69.3813658, 53.2911941], [69.3815564, 53.2912111], [69.3815853, 53.2910953], [69.3817006, 53.2911056], [69.3817252, 53.2910071], [69.3814192, 53.2909799], [69.3813658, 53.2911941]]]}}, {"type": "Feature", "properties": {"levels": 2, "addr": "улица Ахмета Байтурсынова 69/1а", "name": "", "type": "yes", "tagged": false}, "geometry": {"type": "Polygon", "coordinates": [[[69.3827954, 53.2912069], [69.3829281, 53.2912204], [69.3829401, 53.2911786], [69.3828074, 53.2911651], [69.3827954, 53.2912069]]]}}, {"type": "Feature", "properties": {"levels": 2, "addr": "улица Калинина 12/1", "name": "", "type": "yes", "tagged": false}, "geometry": {"type": "Polygon", "coordinates": [[[69.3797564, 53.2928967], [69.3799351, 53.2929128], [69.3799549, 53.2928342], [69.3797763, 53.2928181], [69.3797564, 53.2928967]]]}}, {"type": "Feature", "properties": {"levels": 2, "addr": "улица Осипенко 2г", "name": "", "type": "yes", "tagged": false}, "geometry": {"type": "Polygon", "coordinates": [[[69.3792173, 53.2924655], [69.3793455, 53.292477], [69.3793836, 53.292326], [69.3792555, 53.2923144], [69.3792173, 53.2924655]]]}}, {"type": "Feature", "properties": {"levels": 2, "addr": "улица Сакена Жунусова 5/1", "name": "", "type": "yes", "tagged": false}, "geometry": {"type": "Polygon", "coordinates": [[[69.3782678, 53.293215], [69.3784478, 53.2932336], [69.3784636, 53.2931789], [69.3782836, 53.2931603], [69.3782678, 53.293215]]]}}, {"type": "Feature", "properties": {"levels": 2, "addr": "улица Сакена Жунусова 5/3", "name": "", "type": "yes", "tagged": false}, "geometry": {"type": "Polygon", "coordinates": [[[69.3789934, 53.2934306], [69.3790853, 53.2934401], [69.3791141, 53.2933408], [69.3790221, 53.2933313], [69.3789934, 53.2934306]]]}}, {"type": "Feature", "properties": {"levels": 2, "addr": "улица Осипенко 2д", "name": "", "type": "yes", "tagged": false}, "geometry": {"type": "Polygon", "coordinates": [[[69.3779414, 53.2942599], [69.3779753, 53.2944589], [69.3787425, 53.2944121], [69.3787086, 53.2942131], [69.3779414, 53.2942599]]]}}, {"type": "Feature", "properties": {"levels": 2, "addr": "улица Сакена Жунусова 5e/21", "name": "", "type": "yes", "tagged": false}, "geometry": {"type": "Polygon", "coordinates": [[[69.3813806, 53.2936516], [69.3814667, 53.2936573], [69.381415, 53.2934213], [69.3813467, 53.2934283], [69.3813806, 53.2936516]]]}}, {"type": "Feature", "properties": {"levels": 2, "addr": "улица Алимжана Баймуканова 64/3", "name": "", "type": "yes", "tagged": false}, "geometry": {"type": "Polygon", "coordinates": [[[69.3733616, 53.2809846], [69.3735127, 53.2809999], [69.3735359, 53.2809173], [69.3733848, 53.2809021], [69.3733616, 53.2809846]]]}}, {"type": "Feature", "properties": {"levels": 2, "addr": "улица Магжана Жумабаева 70а", "name": "", "type": "yes", "tagged": false}, "geometry": {"type": "Polygon", "coordinates": [[[69.374207, 53.2818379], [69.374525, 53.2818663], [69.3745637, 53.2817112], [69.3742457, 53.2816828], [69.374207, 53.2818379]]]}}, {"type": "Feature", "properties": {"levels": 2, "addr": "Сагдиева 44а", "name": "", "type": "yes", "tagged": false}, "geometry": {"type": "Polygon", "coordinates": [[[69.3760523, 53.2816707], [69.3761301, 53.281678], [69.3761462, 53.2816166], [69.3760684, 53.2816093], [69.3760523, 53.2816707]]]}}, {"type": "Feature", "properties": {"levels": 2, "addr": "улица Ауельбекова 76", "name": "", "type": "yes", "tagged": false}, "geometry": {"type": "Polygon", "coordinates": [[[69.3756905, 53.282361], [69.3758472, 53.2823757], [69.3758702, 53.282288], [69.3757134, 53.2822734], [69.3756905, 53.282361]]]}}, {"type": "Feature", "properties": {"levels": 2, "addr": "улица Биржан сала 46/1", "name": "", "type": "yes", "tagged": false}, "geometry": {"type": "Polygon", "coordinates": [[[69.3793502, 53.2818984], [69.3793316, 53.2819633], [69.3793662, 53.2819668], [69.3793847, 53.281902], [69.3793502, 53.2818984]]]}}, {"type": "Feature", "properties": {"levels": 2, "addr": "улица Алимжана Баймуканова 81/1", "name": "", "type": "yes", "tagged": false}, "geometry": {"type": "Polygon", "coordinates": [[[69.3811828, 53.2817495], [69.3811407, 53.2819235], [69.3812877, 53.2819362], [69.3813298, 53.2817622], [69.3811828, 53.2817495]]]}}, {"type": "Feature", "properties": {"levels": 2, "addr": "улица Алимжана Баймуканова 86а", "name": "", "type": "yes", "tagged": false}, "geometry": {"type": "Polygon", "coordinates": [[[69.3805383, 53.2816182], [69.3806222, 53.2816259], [69.3806429, 53.2815452], [69.380559, 53.2815375], [69.3805383, 53.2816182]]]}}, {"type": "Feature", "properties": {"levels": 2, "addr": "улица Алимжана Баймуканова 103Б", "name": "", "type": "yes", "tagged": false}, "geometry": {"type": "Polygon", "coordinates": [[[69.3869313, 53.2824445], [69.3872127, 53.2824734], [69.3872461, 53.2823568], [69.3869648, 53.2823279], [69.3869313, 53.2824445]]]}}, {"type": "Feature", "properties": {"levels": 2, "addr": "улица Абая 82/1", "name": "", "type": "yes", "tagged": false}, "geometry": {"type": "Polygon", "coordinates": [[[69.3754486, 53.2841607], [69.3754312, 53.284225], [69.3754935, 53.284231], [69.3755109, 53.2841668], [69.3754486, 53.2841607]]]}}, {"type": "Feature", "properties": {"levels": 2, "addr": "улица Абая 82/2", "name": "", "type": "yes", "tagged": false}, "geometry": {"type": "Polygon", "coordinates": [[[69.375127, 53.2842737], [69.3751198, 53.2843003], [69.375219, 53.2843099], [69.3752262, 53.2842833], [69.375127, 53.2842737]]]}}, {"type": "Feature", "properties": {"levels": 2, "addr": "улица Дзержинского 76", "name": "", "type": "yes", "tagged": false}, "geometry": {"type": "Polygon", "coordinates": [[[69.3743346, 53.2830352], [69.3744677, 53.2830492], [69.3744924, 53.2829658], [69.3743593, 53.2829517], [69.3743346, 53.2830352]]]}}, {"type": "Feature", "properties": {"levels": 2, "addr": "улица Дзержинского 78", "name": "", "type": "yes", "tagged": false}, "geometry": {"type": "Polygon", "coordinates": [[[69.3745717, 53.2830622], [69.3747048, 53.2830763], [69.3747295, 53.2829928], [69.3745964, 53.2829788], [69.3745717, 53.2830622]]]}}, {"type": "Feature", "properties": {"levels": 2, "addr": "улица Ауельбекова 93", "name": "", "type": "religious", "tagged": false}, "geometry": {"type": "Polygon", "coordinates": [[[69.3791385, 53.2830659], [69.3790551, 53.2830843], [69.3789717, 53.2831415], [69.378935, 53.2831928], [69.3792434, 53.2833559], [69.379337, 53.283336], [69.3794142, 53.2832821], [69.3794346, 53.2832326], [69.3791385, 53.2830659]]]}}, {"type": "Feature", "properties": {"levels": 2, "addr": "улица Дзержинского 100", "name": "", "type": "yes", "tagged": false}, "geometry": {"type": "Polygon", "coordinates": [[[69.382605, 53.2837157], [69.3825824, 53.2838064], [69.3831682, 53.2838584], [69.3831907, 53.2837677], [69.382605, 53.2837157]]]}}, {"type": "Feature", "properties": {"levels": 2, "addr": "улица Дзержинского 117/2", "name": "", "type": "yes", "tagged": false}, "geometry": {"type": "Polygon", "coordinates": [[[69.3832125, 53.2844629], [69.3833959, 53.2844812], [69.3834284, 53.2843643], [69.3832449, 53.2843461], [69.3832125, 53.2844629]]]}}, {"type": "Feature", "properties": {"levels": 2, "addr": "улица Дзержинского 117/1", "name": "", "type": "yes", "tagged": false}, "geometry": {"type": "Polygon", "coordinates": [[[69.3829233, 53.2843198], [69.383007, 53.2843281], [69.383032, 53.284238], [69.3829484, 53.2842297], [69.3829233, 53.2843198]]]}}, {"type": "Feature", "properties": {"levels": 2, "addr": "улица Ильяса Есенберлина 36", "name": "", "type": "yes", "tagged": false}, "geometry": {"type": "Polygon", "coordinates": [[[69.3844597, 53.2868666], [69.3844335, 53.2869494], [69.3846931, 53.2869788], [69.3847193, 53.286896], [69.3844597, 53.2868666]]]}}, {"type": "Feature", "properties": {"levels": 2, "addr": "улица Мухтара Ауэзова 220а/1", "name": "", "type": "yes", "tagged": false}, "geometry": {"type": "Polygon", "coordinates": [[[69.3842331, 53.287524], [69.3844729, 53.287552], [69.3844852, 53.2875144], [69.3842454, 53.2874863], [69.3842331, 53.287524]]]}}, {"type": "Feature", "properties": {"levels": 2, "addr": "улица Кудайбердиева 62", "name": "", "type": "yes", "tagged": false}, "geometry": {"type": "Polygon", "coordinates": [[[69.3854293, 53.2862869], [69.3853886, 53.2864311], [69.3854972, 53.286442], [69.3855379, 53.2862979], [69.3854293, 53.2862869]]]}}, {"type": "Feature", "properties": {"levels": 1.0, "addr": "улица Биржан сала 109", "name": "", "type": "yes", "tagged": true}, "geometry": {"type": "Polygon", "coordinates": [[[69.3822666, 53.2758398], [69.3824355, 53.2758526], [69.3824498, 53.2757854], [69.3822808, 53.2757726], [69.3822666, 53.2758398]]]}}, {"type": "Feature", "properties": {"levels": 2, "addr": "улица Калинина 96", "name": "", "type": "yes", "tagged": false}, "geometry": {"type": "Polygon", "coordinates": [[[69.3855264, 53.2759792], [69.3855121, 53.276039], [69.3856811, 53.2760534], [69.3856953, 53.2759937], [69.3855264, 53.2759792]]]}}, {"type": "Feature", "properties": {"levels": 1.0, "addr": "проспект Нурсултана Назарбаева 122", "name": "", "type": "yes", "tagged": true}, "geometry": {"type": "Polygon", "coordinates": [[[69.3894869, 53.275564], [69.3896333, 53.275572], [69.389649, 53.2754695], [69.3895026, 53.2754614], [69.3894869, 53.275564]]]}}, {"type": "Feature", "properties": {"levels": 2, "addr": "улица Косшигулова 98", "name": "", "type": "yes", "tagged": false}, "geometry": {"type": "Polygon", "coordinates": [[[69.3882054, 53.2754838], [69.3883603, 53.2754959], [69.3883717, 53.2754437], [69.3882168, 53.2754316], [69.3882054, 53.2754838]]]}}, {"type": "Feature", "properties": {"levels": 1.0, "addr": "улица Косшигулова 102/1", "name": "", "type": "yes", "tagged": true}, "geometry": {"type": "Polygon", "coordinates": [[[69.3891339, 53.2755218], [69.3892492, 53.2755308], [69.3892585, 53.2754882], [69.3891432, 53.2754792], [69.3891339, 53.2755218]]]}}, {"type": "Feature", "properties": {"levels": 1.0, "addr": "улица Косшигулова 92", "name": "", "type": "yes", "tagged": true}, "geometry": {"type": "Polygon", "coordinates": [[[69.3868502, 53.2751874], [69.3870219, 53.2752066], [69.3870553, 53.2751], [69.3868837, 53.2750808], [69.3868502, 53.2751874]]]}}, {"type": "Feature", "properties": {"levels": 2, "addr": "Сагдиева 79/1", "name": "", "type": "yes", "tagged": false}, "geometry": {"type": "Polygon", "coordinates": [[[69.3789116, 53.2752281], [69.3791717, 53.2752602], [69.3792011, 53.2751749], [69.378941, 53.2751428], [69.3789116, 53.2752281]]]}}, {"type": "Feature", "properties": {"levels": 2, "addr": "улица Наурызбай батыра 78", "name": "", "type": "yes", "tagged": false}, "geometry": {"type": "Polygon", "coordinates": [[[69.3803701, 53.275782], [69.3807537, 53.2758141], [69.3807766, 53.2757161], [69.380393, 53.275684], [69.3803701, 53.275782]]]}}, {"type": "Feature", "properties": {"levels": 1.0, "addr": "улица Наурызбай батыра 116", "name": "", "type": "yes", "tagged": true}, "geometry": {"type": "Polygon", "coordinates": [[[69.3882812, 53.2764477], [69.3884475, 53.2764606], [69.3884676, 53.2763675], [69.3883013, 53.2763547], [69.3882812, 53.2764477]]]}}, {"type": "Feature", "properties": {"levels": 1, "addr": "улица Наурызбай батыра 107а", "name": "", "type": "house", "tagged": false}, "geometry": {"type": "Polygon", "coordinates": [[[69.3857977, 53.2767045], [69.3859312, 53.2767181], [69.3859541, 53.2766385], [69.3858205, 53.2766248], [69.3857977, 53.2767045]]]}}, {"type": "Feature", "properties": {"levels": 2, "addr": "улица Островского 104", "name": "", "type": "yes", "tagged": false}, "geometry": {"type": "Polygon", "coordinates": [[[69.3846999, 53.2772961], [69.3848204, 53.2773091], [69.3848552, 53.2771936], [69.3847348, 53.2771806], [69.3846999, 53.2772961]]]}}, {"type": "Feature", "properties": {"levels": 1.0, "addr": "улица Каныша Сатпаева 43", "name": "", "type": "yes", "tagged": true}, "geometry": {"type": "Polygon", "coordinates": [[[69.3840485, 53.2767729], [69.3842148, 53.2767889], [69.3842353, 53.2767127], [69.384069, 53.2766967], [69.3840485, 53.2767729]]]}}, {"type": "Feature", "properties": {"levels": 1.0, "addr": "улица Биржан сала 92", "name": "", "type": "yes", "tagged": true}, "geometry": {"type": "Polygon", "coordinates": [[[69.3811961, 53.2768391], [69.3813651, 53.2768487], [69.3813799, 53.2767556], [69.3812109, 53.276746], [69.3811961, 53.2768391]]]}}, {"type": "Feature", "properties": {"levels": 1.0, "addr": "улица Наурызбай батыра 67", "name": "", "type": "yes", "tagged": true}, "geometry": {"type": "Polygon", "coordinates": [[[69.3785891, 53.2759798], [69.3785607, 53.276088], [69.3786975, 53.2761008], [69.3787259, 53.2759926], [69.3785891, 53.2759798]]]}}, {"type": "Feature", "properties": {"levels": 2, "addr": "улица Каныша Сатпаева 27", "name": "", "type": "yes", "tagged": false}, "geometry": {"type": "Polygon", "coordinates": [[[69.3836986, 53.2781473], [69.3838264, 53.2781576], [69.3838392, 53.2781011], [69.3837114, 53.2780907], [69.3836986, 53.2781473]]]}}, {"type": "Feature", "properties": {"levels": 2, "addr": "улица Ашимова 106", "name": "", "type": "yes", "tagged": false}, "geometry": {"type": "Polygon", "coordinates": [[[69.3828157, 53.2783152], [69.3828533, 53.2781917], [69.3826649, 53.2781712], [69.3826274, 53.2782947], [69.3828157, 53.2783152]]]}}, {"type": "Feature", "properties": {"levels": 2, "addr": "улица Акана-серэ 76", "name": "", "type": "yes", "tagged": false}, "geometry": {"type": "Polygon", "coordinates": [[[69.3776921, 53.2801478], [69.377782, 53.2801554], [69.3778028, 53.2800673], [69.3777129, 53.2800597], [69.3776921, 53.2801478]]]}}, {"type": "Feature", "properties": {"levels": 2, "addr": "улица Сабатаева 98", "name": "", "type": "yes", "tagged": false}, "geometry": {"type": "Polygon", "coordinates": [[[69.3813162, 53.2793092], [69.3815818, 53.2793344], [69.3816199, 53.2792085], [69.3813567, 53.27918], [69.3813162, 53.2793092]]]}}, {"type": "Feature", "properties": {"levels": 1.0, "addr": "улица Магжана Жумабаева 65", "name": "", "type": "yes", "tagged": true}, "geometry": {"type": "Polygon", "coordinates": [[[69.375543, 53.27854], [69.3755236, 53.278617], [69.3756658, 53.2786298], [69.3756852, 53.2785529], [69.375543, 53.27854]]]}}, {"type": "Feature", "properties": {"levels": 2, "addr": "улица Островского 65", "name": "", "type": "yes", "tagged": false}, "geometry": {"type": "Polygon", "coordinates": [[[69.3724384, 53.27672], [69.37261, 53.276736], [69.3726442, 53.2766052], [69.3724726, 53.2765892], [69.3724384, 53.27672]]]}}, {"type": "Feature", "properties": {"levels": 1.0, "addr": "улица Ашимова 82", "name": "", "type": "yes", "tagged": true}, "geometry": {"type": "Polygon", "coordinates": [[[69.3770719, 53.2777882], [69.3771899, 53.277801], [69.3772161, 53.2777151], [69.377098, 53.2777023], [69.3770719, 53.2777882]]]}}, {"type": "Feature", "properties": {"levels": 1.0, "addr": "Алихана 99", "name": "", "type": "house", "tagged": true}, "geometry": {"type": "Polygon", "coordinates": [[[69.3722984, 53.2755], [69.372423, 53.2755086], [69.3724408, 53.2754161], [69.3723162, 53.2754076], [69.3722984, 53.2755]]]}}, {"type": "Feature", "properties": {"levels": 1.0, "addr": "Алихана 91", "name": "", "type": "house", "tagged": true}, "geometry": {"type": "Polygon", "coordinates": [[[69.3719331, 53.2760521], [69.3720722, 53.2760651], [69.372095, 53.2759778], [69.3719559, 53.2759648], [69.3719331, 53.2760521]]]}}, {"type": "Feature", "properties": {"levels": 1.0, "addr": "улица Островского 46", "name": "", "type": "yes", "tagged": true}, "geometry": {"type": "Polygon", "coordinates": [[[69.3723015, 53.2762623], [69.3724571, 53.2762783], [69.3724861, 53.2761778], [69.3723305, 53.2761617], [69.3723015, 53.2762623]]]}}, {"type": "Feature", "properties": {"levels": 2, "addr": "улица Зарапа Темирбекова 89а", "name": "", "type": "yes", "tagged": false}, "geometry": {"type": "Polygon", "coordinates": [[[69.3739396, 53.2757324], [69.374136, 53.2757515], [69.3741557, 53.2756793], [69.3739593, 53.2756602], [69.3739396, 53.2757324]]]}}, {"type": "Feature", "properties": {"levels": 1.0, "addr": "улица Островского 60", "name": "", "type": "yes", "tagged": true}, "geometry": {"type": "Polygon", "coordinates": [[[69.3747154, 53.2763962], [69.3746857, 53.2764991], [69.3748413, 53.2765152], [69.3748709, 53.2764123], [69.3747154, 53.2763962]]]}}, {"type": "Feature", "properties": {"levels": 2, "addr": "улица Наурызбай батыра 36", "name": "", "type": "yes", "tagged": false}, "geometry": {"type": "Polygon", "coordinates": [[[69.3717391, 53.2750472], [69.3717733, 53.2749291], [69.3716233, 53.2749136], [69.3715892, 53.2750317], [69.3717391, 53.2750472]]]}}, {"type": "Feature", "properties": {"levels": 2, "addr": "улица Мухтара Ауэзова 119", "name": "", "type": "kindergarten", "tagged": false}, "geometry": {"type": "Polygon", "coordinates": [[[69.3690866, 53.2869868], [69.3693866, 53.2870171], [69.3694423, 53.2868199], [69.3697754, 53.2868535], [69.3697197, 53.2870507], [69.3699952, 53.2870785], [69.3701139, 53.2866581], [69.3692054, 53.2865664], [69.3690866, 53.2869868]]]}}, {"type": "Feature", "properties": {"levels": 2, "addr": "улица Кудайбердиева 67 стр", "name": "", "type": "yes", "tagged": false}, "geometry": {"type": "Polygon", "coordinates": [[[69.3738149, 53.2859078], [69.3741868, 53.2859453], [69.3742354, 53.2857729], [69.3738634, 53.2857355], [69.3738149, 53.2859078]]]}}, {"type": "Feature", "properties": {"levels": 2, "addr": "Алихана 70а", "name": "", "type": "yes", "tagged": false}, "geometry": {"type": "Polygon", "coordinates": [[[69.370252, 53.2800229], [69.3704003, 53.2800372], [69.3704183, 53.2799704], [69.3702701, 53.2799561], [69.370252, 53.2800229]]]}}, {"type": "Feature", "properties": {"levels": 1.0, "addr": "Алихана 53а", "name": "", "type": "yes", "tagged": true}, "geometry": {"type": "Polygon", "coordinates": [[[69.3708074, 53.2801088], [69.3707887, 53.2802012], [69.3708489, 53.2802056], [69.3708676, 53.2801132], [69.3708074, 53.2801088]]]}}, {"type": "Feature", "properties": {"levels": 2, "addr": "улица Ауельбекова 62а", "name": "", "type": "yes", "tagged": false}, "geometry": {"type": "Polygon", "coordinates": [[[69.3717822, 53.2816763], [69.3717609, 53.2817501], [69.3719043, 53.2817649], [69.3719256, 53.281691], [69.3717822, 53.2816763]]]}}, {"type": "Feature", "properties": {"levels": 2, "addr": "Сагдиева 45а", "name": "", "type": "yes", "tagged": false}, "geometry": {"type": "Polygon", "coordinates": [[[69.3771735, 53.2794099], [69.3772124, 53.2794135], [69.3772258, 53.2793618], [69.3771869, 53.2793582], [69.3771735, 53.2794099]]]}}, {"type": "Feature", "properties": {"levels": 1.0, "addr": "улица Сабатаева 61", "name": "", "type": "yes", "tagged": true}, "geometry": {"type": "Polygon", "coordinates": [[[69.3716192, 53.2788652], [69.3717667, 53.2788796], [69.3718004, 53.2787565], [69.3716529, 53.2787421], [69.3716192, 53.2788652]]]}}, {"type": "Feature", "properties": {"levels": 1.0, "addr": "Алихана 63", "name": "", "type": "yes", "tagged": true}, "geometry": {"type": "Polygon", "coordinates": [[[69.3711664, 53.2790206], [69.3713182, 53.2790357], [69.3713466, 53.2789338], [69.3711948, 53.2789187], [69.3711664, 53.2790206]]]}}, {"type": "Feature", "properties": {"levels": 2, "addr": "улица Сулейменова 8в/1", "name": "", "type": "yes", "tagged": false}, "geometry": {"type": "Polygon", "coordinates": [[[69.4017184, 53.2950746], [69.4018484, 53.2951044], [69.4019034, 53.2950185], [69.4017735, 53.2949887], [69.4017184, 53.2950746]]]}}, {"type": "Feature", "properties": {"levels": 2, "addr": "улица Сулейменова 8в", "name": "", "type": "yes", "tagged": false}, "geometry": {"type": "Polygon", "coordinates": [[[69.4019342, 53.2951171], [69.4021819, 53.2951739], [69.4022418, 53.2950805], [69.4019941, 53.2950237], [69.4019342, 53.2951171]]]}}, {"type": "Feature", "properties": {"levels": 2, "addr": "Мадениет 4а", "name": "", "type": "yes", "tagged": false}, "geometry": {"type": "Polygon", "coordinates": [[[69.3999025, 53.2946698], [69.400104, 53.2947123], [69.4003236, 53.2943396], [69.4001221, 53.2942972], [69.3999025, 53.2946698]]]}}, {"type": "Feature", "properties": {"levels": 2, "addr": "улица Исмаилова 20/1", "name": "", "type": "yes", "tagged": false}, "geometry": {"type": "Polygon", "coordinates": [[[69.3961582, 53.2974745], [69.3962625, 53.2975294], [69.3963459, 53.2974729], [69.3962415, 53.2974179], [69.3961582, 53.2974745]]]}}, {"type": "Feature", "properties": {"levels": 2, "addr": "проспект Абылай-хана 14а", "name": "", "type": "yes", "tagged": false}, "geometry": {"type": "Polygon", "coordinates": [[[69.38739, 53.29933], [69.3874946, 53.2993322], [69.3875026, 53.2991975], [69.3873981, 53.2991953], [69.38739, 53.29933]]]}}, {"type": "Feature", "properties": {"levels": 1.0, "addr": "Акбидай 10", "name": "", "type": "yes", "tagged": true}, "geometry": {"type": "Polygon", "coordinates": [[[69.3984114, 53.2993693], [69.3985371, 53.2994575], [69.3986632, 53.2993934], [69.3985375, 53.2993051], [69.3984114, 53.2993693]]]}}, {"type": "Feature", "properties": {"levels": 1.0, "addr": "Кулагер 14", "name": "", "type": "yes", "tagged": true}, "geometry": {"type": "Polygon", "coordinates": [[[69.3964263, 53.299419], [69.3965229, 53.2993693], [69.396421, 53.2992986], [69.3963245, 53.2993483], [69.3964263, 53.299419]]]}}, {"type": "Feature", "properties": {"levels": 5.0, "addr": "проспект Нурсултана Назарбаева 2/7", "name": "Мәсіхтің қайта тірілу шіркеуі", "type": "cathedral", "tagged": true}, "geometry": {"type": "Polygon", "coordinates": [[[69.3810945, 53.2988269], [69.3813292, 53.2988458], [69.3813513, 53.2988899], [69.381656, 53.2988987], [69.3816625, 53.2988348], [69.3817454, 53.2988245], [69.3817778, 53.2987904], [69.3817437, 53.2987578], [69.3816617, 53.2987451], [69.3816604, 53.2986811], [69.3813553, 53.298681], [69.3813297, 53.2987244], [69.3810937, 53.2987364], [69.3810945, 53.2988269]]]}}, {"type": "Feature", "properties": {"levels": 2, "addr": "улица Сулейменова 16/1", "name": "", "type": "yes", "tagged": false}, "geometry": {"type": "Polygon", "coordinates": [[[69.4012557, 53.2978985], [69.4013508, 53.297922], [69.4013871, 53.2978696], [69.401292, 53.2978461], [69.4012557, 53.2978985]]]}}, {"type": "Feature", "properties": {"levels": 2, "addr": "Нұрсұлтан Назарбаев даңғылы 2/6", "name": "Жексенбілік мектеп", "type": "yes", "tagged": false}, "geometry": {"type": "Polygon", "coordinates": [[[69.3811533, 53.299211], [69.381151, 53.2993715], [69.3820108, 53.2993759], [69.3820131, 53.2992154], [69.3811533, 53.299211]]]}}, {"type": "Feature", "properties": {"levels": 1, "addr": "", "name": "ARMAN Tower", "type": "house", "tagged": false}, "geometry": {"type": "Polygon", "coordinates": [[[69.3859196, 53.2798389], [69.3861511, 53.2798587], [69.3862146, 53.2795924], [69.3859833, 53.2795726], [69.3859196, 53.2798389]]]}}, {"type": "Feature", "properties": {"levels": 2, "addr": "", "name": "", "type": "yes", "tagged": false}, "geometry": {"type": "Polygon", "coordinates": [[[69.4001953, 53.2845513], [69.4002953, 53.2842112], [69.4004737, 53.2842299], [69.4003739, 53.2845701], [69.4001953, 53.2845513]]]}}, {"type": "Feature", "properties": {"levels": 2, "addr": "", "name": "", "type": "yes", "tagged": false}, "geometry": {"type": "Polygon", "coordinates": [[[69.4031464, 53.2927665], [69.403463, 53.2925828], [69.4029593, 53.2922727], [69.4026427, 53.2924564], [69.4031464, 53.2927665]]]}}, {"type": "Feature", "properties": {"levels": 2, "addr": "", "name": "ЖК Алма-Ата", "type": "apartments", "tagged": false}, "geometry": {"type": "Polygon", "coordinates": [[[69.4040287, 53.2825578], [69.4041563, 53.2820879], [69.4043774, 53.2821093], [69.4042989, 53.282398], [69.4048625, 53.2824563], [69.4048129, 53.2826316], [69.4040287, 53.2825578]]]}}, {"type": "Feature", "properties": {"levels": 2, "addr": "", "name": "ЖК Альянс", "type": "apartments", "tagged": false}, "geometry": {"type": "Polygon", "coordinates": [[[69.4048129, 53.2826316], [69.4048625, 53.2824563], [69.4052516, 53.2824957], [69.4053235, 53.2822422], [69.4055912, 53.2822693], [69.4054698, 53.2826981], [69.4048129, 53.2826316]]]}}, {"type": "Feature", "properties": {"levels": 2, "addr": "", "name": "", "type": "yes", "tagged": false}, "geometry": {"type": "Polygon", "coordinates": [[[69.3722065, 53.2773618], [69.3722358, 53.2772379], [69.3723741, 53.2772495], [69.3723449, 53.2773734], [69.3722065, 53.2773618]]]}}, {"type": "Feature", "properties": {"levels": 1.0, "addr": "", "name": "", "type": "yes", "tagged": true}, "geometry": {"type": "Polygon", "coordinates": [[[69.3699631, 53.2758968], [69.370132, 53.2759139], [69.3701616, 53.2758102], [69.3699926, 53.275793], [69.3699631, 53.2758968]]]}}, {"type": "Feature", "properties": {"levels": 1.0, "addr": "", "name": "", "type": "yes", "tagged": true}, "geometry": {"type": "Polygon", "coordinates": [[[69.3701989, 53.2759114], [69.3703678, 53.2759285], [69.3703974, 53.2758248], [69.3702284, 53.2758076], [69.3701989, 53.2759114]]]}}, {"type": "Feature", "properties": {"levels": 2, "addr": "", "name": "", "type": "yes", "tagged": false}, "geometry": {"type": "Polygon", "coordinates": [[[69.3739038, 53.2872718], [69.3738699, 53.287381], [69.3742025, 53.2874083], [69.3742353, 53.2873018], [69.3739038, 53.2872718]]]}}, {"type": "Feature", "properties": {"levels": 2, "addr": "", "name": "", "type": "yes", "tagged": false}, "geometry": {"type": "Polygon", "coordinates": [[[69.385558, 53.2803355], [69.3855293, 53.2804366], [69.3859232, 53.2804766], [69.3860365, 53.2800783], [69.3859459, 53.2800691], [69.3858519, 53.2804002], [69.3856587, 53.2803806], [69.3856683, 53.2803467], [69.385558, 53.2803355]]]}}, {"type": "Feature", "properties": {"levels": 2, "addr": "", "name": "", "type": "yes", "tagged": false}, "geometry": {"type": "Polygon", "coordinates": [[[69.386853, 53.2810005], [69.3868907, 53.280852], [69.3871398, 53.2808746], [69.3871021, 53.2810231], [69.386853, 53.2810005]]]}}, {"type": "Feature", "properties": {"levels": 2, "addr": "", "name": "", "type": "yes", "tagged": false}, "geometry": {"type": "Polygon", "coordinates": [[[69.3891539, 53.2809894], [69.3892311, 53.2807135], [69.389382, 53.2807286], [69.3893048, 53.2810045], [69.3891539, 53.2809894]]]}}, {"type": "Feature", "properties": {"levels": 2, "addr": "", "name": "", "type": "yes", "tagged": false}, "geometry": {"type": "Polygon", "coordinates": [[[69.3918167, 53.2806627], [69.3918475, 53.2805474], [69.392226, 53.2805836], [69.3921952, 53.2806988], [69.3918167, 53.2806627]]]}}, {"type": "Feature", "properties": {"levels": 2, "addr": "", "name": "", "type": "yes", "tagged": false}, "geometry": {"type": "Polygon", "coordinates": [[[69.3987112, 53.288774], [69.3987454, 53.288648], [69.3990975, 53.2886822], [69.3990633, 53.2888082], [69.3987112, 53.288774]]]}}, {"type": "Feature", "properties": {"levels": 2, "addr": "", "name": "", "type": "yes", "tagged": false}, "geometry": {"type": "Polygon", "coordinates": [[[69.3928188, 53.2897888], [69.3928929, 53.2894887], [69.393164, 53.2895125], [69.39309, 53.2898127], [69.3928188, 53.2897888]]]}}, {"type": "Feature", "properties": {"levels": 2, "addr": "", "name": "", "type": "yes", "tagged": false}, "geometry": {"type": "Polygon", "coordinates": [[[69.3749655, 53.2804805], [69.3749828, 53.2804097], [69.3757697, 53.2804767], [69.3757517, 53.2805439], [69.3749655, 53.2804805]]]}}, {"type": "Feature", "properties": {"levels": 2, "addr": "", "name": "", "type": "yes", "tagged": false}, "geometry": {"type": "Polygon", "coordinates": [[[69.3800743, 53.2792696], [69.379963, 53.2792536], [69.3800851, 53.2788316], [69.3794009, 53.2787608], [69.3794189, 53.2786986], [69.3802164, 53.2787763], [69.3800743, 53.2792696]]]}}, {"type": "Feature", "properties": {"levels": 2, "addr": "", "name": "", "type": "yes", "tagged": false}, "geometry": {"type": "Polygon", "coordinates": [[[69.3800743, 53.2792696], [69.380188, 53.2792813], [69.3803155, 53.2788391], [69.3809969, 53.2789093], [69.3810117, 53.2788582], [69.3802164, 53.2787763], [69.3800743, 53.2792696]]]}}, {"type": "Feature", "properties": {"levels": 2, "addr": "", "name": "", "type": "apartments", "tagged": false}, "geometry": {"type": "Polygon", "coordinates": [[[69.3930326, 53.2766109], [69.393288, 53.2766372], [69.393213, 53.2768976], [69.3925292, 53.2768267], [69.3925608, 53.2766962], [69.3929963, 53.2767369], [69.3930326, 53.2766109]]]}}, {"type": "Feature", "properties": {"levels": 2, "addr": "", "name": "", "type": "apartments", "tagged": false}, "geometry": {"type": "Polygon", "coordinates": [[[69.3925292, 53.2768267], [69.3919102, 53.2767731], [69.3920086, 53.276367], [69.3922636, 53.2763891], [69.3921968, 53.2766647], [69.3925608, 53.2766962], [69.3925292, 53.2768267]]]}}, {"type": "Feature", "properties": {"levels": 2, "addr": "", "name": "", "type": "yes", "tagged": false}, "geometry": {"type": "Polygon", "coordinates": [[[69.3908504, 53.2766974], [69.39089, 53.2765291], [69.391317, 53.2765649], [69.3912774, 53.2767333], [69.3908504, 53.2766974]]]}}, {"type": "Feature", "properties": {"levels": 2, "addr": "", "name": "", "type": "yes", "tagged": false}, "geometry": {"type": "Polygon", "coordinates": [[[69.3902185, 53.2761413], [69.3904696, 53.2761644], [69.3905513, 53.275847], [69.3903001, 53.2758239], [69.3902185, 53.2761413]]]}}, {"type": "Feature", "properties": {"levels": 2, "addr": "", "name": "", "type": "yes", "tagged": false}, "geometry": {"type": "Polygon", "coordinates": [[[69.390853, 53.2760496], [69.3909084, 53.2758744], [69.3917164, 53.2759658], [69.3915986, 53.2763382], [69.3913216, 53.2763069], [69.391384, 53.2761096], [69.390853, 53.2760496]]]}}, {"type": "Feature", "properties": {"levels": 2, "addr": "", "name": "", "type": "yes", "tagged": false}, "geometry": {"type": "Polygon", "coordinates": [[[69.3920247, 53.2763234], [69.3921137, 53.2760113], [69.3926776, 53.2760688], [69.3926222, 53.276263], [69.3923639, 53.2762367], [69.3923303, 53.2763545], [69.3920247, 53.2763234]]]}}, {"type": "Feature", "properties": {"levels": 2, "addr": "", "name": "", "type": "yes", "tagged": false}, "geometry": {"type": "Polygon", "coordinates": [[[69.3775704, 53.287416], [69.3777556, 53.2874394], [69.3778372, 53.2871987], [69.3776563, 53.2871789], [69.3776367, 53.2872431], [69.3775704, 53.287416]]]}}, {"type": "Feature", "properties": {"levels": 2, "addr": "", "name": "", "type": "yes", "tagged": false}, "geometry": {"type": "Polygon", "coordinates": [[[69.3776367, 53.2872431], [69.3775525, 53.287234], [69.3775846, 53.2871289], [69.3778497, 53.2871579], [69.3778372, 53.2871987], [69.3776563, 53.2871789], [69.3776367, 53.2872431]]]}}, {"type": "Feature", "properties": {"levels": 2, "addr": "", "name": "", "type": "yes", "tagged": false}, "geometry": {"type": "Polygon", "coordinates": [[[69.3778251, 53.2873723], [69.3779838, 53.2873888], [69.3780436, 53.2871835], [69.3778849, 53.287167], [69.3778251, 53.2873723]]]}}, {"type": "Feature", "properties": {"levels": 2, "addr": "", "name": "", "type": "yes", "tagged": false}, "geometry": {"type": "Polygon", "coordinates": [[[69.3929635, 53.2892805], [69.3930056, 53.2891314], [69.393186, 53.2891496], [69.3931439, 53.2892987], [69.3929635, 53.2892805]]]}}, {"type": "Feature", "properties": {"levels": 2, "addr": "", "name": "", "type": "yes", "tagged": false}, "geometry": {"type": "Polygon", "coordinates": [[[69.4039942, 53.2814368], [69.4039762, 53.2815089], [69.4036074, 53.281476], [69.4036257, 53.2814027], [69.4037519, 53.2814139], [69.4037795, 53.2813031], [69.4038638, 53.2813106], [69.4040221, 53.2813247], [69.4039942, 53.2814368]]]}}, {"type": "Feature", "properties": {"levels": 2, "addr": "", "name": "", "type": "yes", "tagged": false}, "geometry": {"type": "Polygon", "coordinates": [[[69.3807192, 53.2766574], [69.3804528, 53.276633], [69.3804601, 53.2766044], [69.3804047, 53.2765993], [69.3804152, 53.2765582], [69.3804684, 53.276563], [69.3804783, 53.2765243], [69.380747, 53.2765489], [69.3807192, 53.2766574]]]}}, {"type": "Feature", "properties": {"levels": 2, "addr": "Біржан сал көшесі 108", "name": "Дарын ЖК", "type": "apartments", "tagged": false}, "geometry": {"type": "Polygon", "coordinates": [[[69.3815495, 53.2755466], [69.3816539, 53.2751466], [69.3819369, 53.2751731], [69.3818322, 53.275573], [69.3815495, 53.2755466]]]}}, {"type": "Feature", "properties": {"levels": 2, "addr": "улица Шаймердена Косшигулова 69/1", "name": "", "type": "apartments", "tagged": false}, "geometry": {"type": "Polygon", "coordinates": [[[69.3819369, 53.2751731], [69.3819799, 53.2750087], [69.3811902, 53.2749348], [69.3811472, 53.2750991], [69.3816539, 53.2751466], [69.3819369, 53.2751731]]]}}, {"type": "Feature", "properties": {"levels": 2, "addr": "", "name": "", "type": "detached", "tagged": false}, "geometry": {"type": "Polygon", "coordinates": [[[69.3958198, 53.2764949], [69.395839, 53.2764207], [69.3960609, 53.2764413], [69.3960416, 53.2765155], [69.3958198, 53.2764949]]]}}, {"type": "Feature", "properties": {"levels": 2, "addr": "", "name": "", "type": "detached", "tagged": false}, "geometry": {"type": "Polygon", "coordinates": [[[69.3945102, 53.277855], [69.3945291, 53.2777483], [69.3947054, 53.2777595], [69.3946865, 53.2778662], [69.3945102, 53.277855]]]}}, {"type": "Feature", "properties": {"levels": 2, "addr": "", "name": "", "type": "yes", "tagged": false}, "geometry": {"type": "Polygon", "coordinates": [[[69.403391, 53.2795238], [69.4033126, 53.279516], [69.4033199, 53.2794899], [69.4031065, 53.2794685], [69.4031235, 53.279408], [69.4032855, 53.2794243], [69.4032963, 53.2793859], [69.403426, 53.2793989], [69.403391, 53.2795238]]]}}, {"type": "Feature", "properties": {"levels": 2, "addr": "", "name": "", "type": "yes", "tagged": false}, "geometry": {"type": "Polygon", "coordinates": [[[69.4024066, 53.2802693], [69.4023863, 53.2803578], [69.4026223, 53.2803771], [69.4026426, 53.2802887], [69.4024066, 53.2802693]]]}}, {"type": "Feature", "properties": {"levels": 2, "addr": "", "name": "", "type": "yes", "tagged": false}, "geometry": {"type": "Polygon", "coordinates": [[[69.3727399, 53.2754286], [69.3728454, 53.2754379], [69.372778, 53.2757108], [69.3726724, 53.2757015], [69.3727399, 53.2754286]]]}}, {"type": "Feature", "properties": {"levels": 2, "addr": "", "name": "", "type": "yes", "tagged": false}, "geometry": {"type": "Polygon", "coordinates": [[[69.3748641, 53.275801], [69.3748928, 53.2756911], [69.3750948, 53.27571], [69.3750661, 53.2758199], [69.3748641, 53.275801]]]}}, {"type": "Feature", "properties": {"levels": 2, "addr": "", "name": "", "type": "yes", "tagged": false}, "geometry": {"type": "Polygon", "coordinates": [[[69.3721183, 53.2760944], [69.3721458, 53.2759905], [69.3723128, 53.2760063], [69.3722852, 53.2761102], [69.3721183, 53.2760944]]]}}, {"type": "Feature", "properties": {"levels": 2, "addr": "", "name": "", "type": "yes", "tagged": false}, "geometry": {"type": "Polygon", "coordinates": [[[69.3734121, 53.2855049], [69.3732928, 53.2854941], [69.373196, 53.2854853], [69.373093, 53.285476], [69.3731536, 53.2852371], [69.3730201, 53.285225], [69.3731148, 53.2848513], [69.3732576, 53.2848642], [69.3733308, 53.2845758], [69.3736409, 53.2846039], [69.3734121, 53.2855049]]]}}, {"type": "Feature", "properties": {"levels": 2, "addr": "", "name": "", "type": "yes", "tagged": false}, "geometry": {"type": "Polygon", "coordinates": [[[69.3720744, 53.2837213], [69.3720066, 53.2837139], [69.3719419, 53.2839497], [69.3735564, 53.2841118], [69.3735764, 53.2840372], [69.3734457, 53.284019], [69.3720304, 53.2838787], [69.3720744, 53.2837213]]]}}, {"type": "Feature", "properties": {"levels": 2, "addr": "", "name": "", "type": "yes", "tagged": false}, "geometry": {"type": "Polygon", "coordinates": [[[69.3791543, 53.2809318], [69.379061, 53.2809246], [69.3790914, 53.2808323], [69.3794919, 53.2806633], [69.3796606, 53.2806755], [69.3796463, 53.280702], [69.3792021, 53.2808877], [69.3791543, 53.2809318]]]}}, {"type": "Feature", "properties": {"levels": 2, "addr": "", "name": "", "type": "yes", "tagged": false}, "geometry": {"type": "Polygon", "coordinates": [[[69.3839981, 53.2783099], [69.3840259, 53.2781817], [69.384275, 53.2782009], [69.3842472, 53.2783292], [69.3839981, 53.2783099]]]}}, {"type": "Feature", "properties": {"levels": 2, "addr": "", "name": "", "type": "yes", "tagged": false}, "geometry": {"type": "Polygon", "coordinates": [[[69.3865638, 53.2784005], [69.386594, 53.2782519], [69.3871379, 53.2782913], [69.3871222, 53.2783687], [69.3867075, 53.2783386], [69.3866931, 53.2784099], [69.3865638, 53.2784005]]]}}, {"type": "Feature", "properties": {"levels": 2, "addr": "", "name": "", "type": "yes", "tagged": false}, "geometry": {"type": "Polygon", "coordinates": [[[69.387158, 53.2849481], [69.3871508, 53.2849745], [69.3866755, 53.2849278], [69.3866891, 53.2848784], [69.3867969, 53.284889], [69.3869024, 53.2845058], [69.3870099, 53.2845164], [69.3869996, 53.2845537], [69.387064, 53.28456], [69.3869626, 53.2849289], [69.387158, 53.2849481]]]}}, {"type": "Feature", "properties": {"levels": 2, "addr": "", "name": "", "type": "yes", "tagged": false}, "geometry": {"type": "Polygon", "coordinates": [[[69.3864971, 53.2845605], [69.3865234, 53.2844623], [69.3866466, 53.2844741], [69.386682, 53.284342], [69.3867975, 53.2843531], [69.3868273, 53.2843559], [69.3867658, 53.2845862], [69.3864971, 53.2845605]]]}}, {"type": "Feature", "properties": {"levels": 2, "addr": "", "name": "", "type": "yes", "tagged": false}, "geometry": {"type": "Polygon", "coordinates": [[[69.3859999, 53.2848439], [69.3859341, 53.2848724], [69.3856136, 53.2848392], [69.3857153, 53.2844635], [69.3856783, 53.2844598], [69.3857091, 53.2843566], [69.3858619, 53.2843763], [69.3859433, 53.2843837], [69.3858304, 53.2848294], [69.3859999, 53.2848439]]]}}, {"type": "Feature", "properties": {"levels": 2, "addr": "", "name": "", "type": "yes", "tagged": false}, "geometry": {"type": "Polygon", "coordinates": [[[69.3848449, 53.2972106], [69.3847364, 53.2972003], [69.3847487, 53.297157], [69.3847256, 53.2971423], [69.3847579, 53.2971276], [69.3847148, 53.297099], [69.3847718, 53.2970649], [69.3847918, 53.2969904], [69.3848596, 53.2969913], [69.384875, 53.2969664], [69.3849228, 53.296971], [69.3849243, 53.2969913], [69.3851893, 53.2970171], [69.3852093, 53.296983], [69.385502, 53.2969609], [69.3855544, 53.2969885], [69.3857731, 53.2969342], [69.3857701, 53.2969112], [69.3858301, 53.2968955], [69.3858779, 53.2969517], [69.3859349, 53.296937], [69.3859796, 53.2969931], [69.3860335, 53.2970079], [69.3860104, 53.2970502], [69.3859333, 53.2970715], [69.3858386, 53.2970966], [69.3858225, 53.2970742], [69.3856409, 53.2971212], [69.3856669, 53.2971463], [69.3854961, 53.2971677], [69.3854952, 53.2971447], [69.3853048, 53.2971528], [69.3853048, 53.2971768], [69.3851439, 53.297172], [69.3851492, 53.2971528], [69.3849596, 53.2971308], [69.3849481, 53.2971582], [69.3848598, 53.2971401], [69.3848449, 53.2972106]]]}}, {"type": "Feature", "properties": {"levels": 2, "addr": "", "name": "", "type": "yes", "tagged": false}, "geometry": {"type": "Polygon", "coordinates": [[[69.4016538, 53.2949905], [69.4012825, 53.294895], [69.401374, 53.294768], [69.4017452, 53.2948635], [69.4016538, 53.2949905]]]}}, {"type": "Feature", "properties": {"levels": 2, "addr": "", "name": "", "type": "yes", "tagged": false}, "geometry": {"type": "Polygon", "coordinates": [[[69.3797508, 53.2958978], [69.3797694, 53.2958361], [69.3810647, 53.2959759], [69.381046, 53.2960377], [69.3797508, 53.2958978]]]}}, {"type": "Feature", "properties": {"levels": 2, "addr": "", "name": "", "type": "yes", "tagged": false}, "geometry": {"type": "Polygon", "coordinates": [[[69.3811706, 53.2959465], [69.3811891, 53.2958934], [69.3818274, 53.2959727], [69.381809, 53.2960257], [69.3811706, 53.2959465]]]}}, {"type": "Feature", "properties": {"levels": 2, "addr": "", "name": "", "type": "yes", "tagged": false}, "geometry": {"type": "Polygon", "coordinates": [[[69.4007165, 53.292628], [69.4005787, 53.2925835], [69.4007075, 53.2924409], [69.4007872, 53.2924667], [69.4007216, 53.2925392], [69.4007797, 53.292558], [69.4007165, 53.292628]]]}}, {"type": "Feature", "properties": {"levels": 2, "addr": "", "name": "", "type": "yes", "tagged": false}, "geometry": {"type": "Polygon", "coordinates": [[[69.3800218, 53.2898559], [69.3796013, 53.2898147], [69.3795662, 53.2899428], [69.3798639, 53.289972], [69.3798449, 53.2900411], [69.3799677, 53.2900532], [69.3800218, 53.2898559]]]}}, {"type": "Feature", "properties": {"levels": 2, "addr": "", "name": "", "type": "yes", "tagged": false}, "geometry": {"type": "Polygon", "coordinates": [[[69.3836242, 53.2845865], [69.3835008, 53.2845768], [69.3835442, 53.2843793], [69.3836677, 53.284389], [69.3836242, 53.2845865]]]}}, {"type": "Feature", "properties": {"levels": 2, "addr": "", "name": "", "type": "yes", "tagged": false}, "geometry": {"type": "Polygon", "coordinates": [[[69.3838247, 53.2846011], [69.3837107, 53.2845917], [69.3837412, 53.2844606], [69.3838551, 53.2844701], [69.3838247, 53.2846011]]]}}, {"type": "Feature", "properties": {"levels": 6.0, "addr": "Әшімов көшесі 171", "name": "", "type": "apartments", "tagged": true}, "geometry": {"type": "Polygon", "coordinates": [[[69.393049, 53.279631], [69.3941846, 53.2797193], [69.3942066, 53.2796005], [69.393075, 53.2794976], [69.393049, 53.279631]]]}}, {"type": "Feature", "properties": {"levels": 5.0, "addr": "Елемесов көшесі 47", "name": "", "type": "apartments", "tagged": true}, "geometry": {"type": "Polygon", "coordinates": [[[69.392184, 53.2819926], [69.3922317, 53.2818009], [69.3923968, 53.2818163], [69.3923524, 53.2820069], [69.392184, 53.2819926]]]}}, {"type": "Feature", "properties": {"levels": 2, "addr": "", "name": "", "type": "yes", "tagged": false}, "geometry": {"type": "Polygon", "coordinates": [[[69.3925324, 53.2835152], [69.3926119, 53.2835179], [69.3926172, 53.2834648], [69.3925371, 53.2834609], [69.3925324, 53.2835152]]]}}, {"type": "Feature", "properties": {"levels": 2, "addr": "", "name": "", "type": "yes", "tagged": false}, "geometry": {"type": "Polygon", "coordinates": [[[69.3901905, 53.2946348], [69.3900396, 53.294618], [69.3901011, 53.2944147], [69.3902537, 53.2944318], [69.3901905, 53.2946348]]]}}, {"type": "Feature", "properties": {"levels": 2, "addr": "", "name": "", "type": "yes", "tagged": false}, "geometry": {"type": "Polygon", "coordinates": [[[69.3738208, 53.281484], [69.3739476, 53.2814968], [69.3739799, 53.2815001], [69.3740132, 53.2813828], [69.3738541, 53.2813666], [69.3738208, 53.281484]]]}}, {"type": "Feature", "properties": {"levels": 2, "addr": "улица Сакена Жунусова 7/1", "name": "", "type": "yes", "tagged": false}, "geometry": {"type": "Polygon", "coordinates": [[[69.3793347, 53.2941003], [69.3795499, 53.2932759], [69.3801609, 53.2933329], [69.3803744, 53.2933528], [69.3807131, 53.2933844], [69.3804976, 53.2942088], [69.3793347, 53.2941003]]]}}, {"type": "Feature", "properties": {"levels": 2, "addr": "", "name": "", "type": "yes", "tagged": false}, "geometry": {"type": "Polygon", "coordinates": [[[69.3922216, 53.291994], [69.3927305, 53.2920465], [69.3928565, 53.2916092], [69.3926073, 53.2915836], [69.3925319, 53.2918454], [69.3922721, 53.2918187], [69.3922216, 53.291994]]]}}, {"type": "Feature", "properties": {"levels": 2, "addr": "улица Малика Габдуллина 27", "name": "", "type": "apartments", "tagged": false}, "geometry": {"type": "Polygon", "coordinates": [[[69.3957601, 53.2931398], [69.3955151, 53.2931135], [69.39565, 53.2926647], [69.3962019, 53.292724], [69.3961567, 53.2928745], [69.3958497, 53.2928415], [69.3957601, 53.2931398]]]}}, {"type": "Feature", "properties": {"levels": 2, "addr": "", "name": "", "type": "apartments", "tagged": false}, "geometry": {"type": "Polygon", "coordinates": [[[69.3962647, 53.2924249], [69.3957686, 53.2923741], [69.3959051, 53.2918984], [69.3961308, 53.2919215], [69.396035, 53.2922561], [69.3963052, 53.2922837], [69.3962647, 53.2924249]]]}}, {"type": "Feature", "properties": {"levels": 2, "addr": "", "name": "", "type": "apartments", "tagged": false}, "geometry": {"type": "Polygon", "coordinates": [[[69.3965588, 53.2914495], [69.3960628, 53.2913987], [69.3959263, 53.2918744], [69.3961521, 53.2918976], [69.3962482, 53.291563], [69.3965183, 53.2915907], [69.3965588, 53.2914495]]]}}, {"type": "Feature", "properties": {"levels": 2, "addr": "", "name": "", "type": "apartments", "tagged": false}, "geometry": {"type": "Polygon", "coordinates": [[[69.3969043, 53.2914983], [69.3974004, 53.2915492], [69.397264, 53.2920249], [69.3970382, 53.2920018], [69.397134, 53.2916672], [69.3968638, 53.2916395], [69.3969043, 53.2914983]]]}}, {"type": "Feature", "properties": {"levels": 2, "addr": "", "name": "", "type": "apartments", "tagged": false}, "geometry": {"type": "Polygon", "coordinates": [[[69.3966093, 53.2924819], [69.3971054, 53.2925328], [69.3972418, 53.2920571], [69.397016, 53.2920339], [69.39692, 53.2923685], [69.3966498, 53.2923408], [69.3966093, 53.2924819]]]}}, {"type": "Feature", "properties": {"levels": 2, "addr": "", "name": "", "type": "apartments", "tagged": false}, "geometry": {"type": "Polygon", "coordinates": [[[69.3969865, 53.2904847], [69.3970297, 53.2903283], [69.3977823, 53.2904025], [69.3976744, 53.2907935], [69.3974107, 53.2907675], [69.3974755, 53.290533], [69.3969865, 53.2904847]]]}}, {"type": "Feature", "properties": {"levels": 2, "addr": "", "name": "", "type": "apartments", "tagged": false}, "geometry": {"type": "Polygon", "coordinates": [[[69.3961204, 53.2909087], [69.3963876, 53.290933], [69.3963683, 53.2910088], [69.3968332, 53.291053], [69.3967982, 53.2911934], [69.3960645, 53.2911293], [69.3961204, 53.2909087]]]}}, {"type": "Feature", "properties": {"levels": 2, "addr": "", "name": "", "type": "apartments", "tagged": false}, "geometry": {"type": "Polygon", "coordinates": [[[69.3968332, 53.291053], [69.3975159, 53.2911136], [69.397481, 53.2912541], [69.3967982, 53.2911934], [69.3968332, 53.291053]]]}}, {"type": "Feature", "properties": {"levels": 2, "addr": "", "name": "", "type": "apartments", "tagged": false}, "geometry": {"type": "Polygon", "coordinates": [[[69.3981309, 53.2908706], [69.3983863, 53.2908954], [69.3984454, 53.2906786], [69.3988019, 53.2907133], [69.3988425, 53.2905641], [69.3982305, 53.2905046], [69.3981309, 53.2908706]]]}}, {"type": "Feature", "properties": {"levels": 2, "addr": "", "name": "", "type": "apartments", "tagged": false}, "geometry": {"type": "Polygon", "coordinates": [[[69.3933435, 53.2897853], [69.3933849, 53.2896362], [69.3947436, 53.289771], [69.3947021, 53.2899203], [69.3933435, 53.2897853]]]}}, {"type": "Feature", "properties": {"levels": 2, "addr": "Мұхтар Әуезов көшесі 213А", "name": "Сокол ЖК", "type": "apartments", "tagged": false}, "geometry": {"type": "Polygon", "coordinates": [[[69.4033041, 53.2905449], [69.4030326, 53.2905191], [69.4031499, 53.2900791], [69.4023246, 53.2900005], [69.4023599, 53.2898681], [69.4034568, 53.2899727], [69.4033041, 53.2905449]]]}}, {"type": "Feature", "properties": {"levels": 2, "addr": "", "name": "", "type": "yes", "tagged": false}, "geometry": {"type": "Polygon", "coordinates": [[[69.389301, 53.2888269], [69.3893324, 53.2887309], [69.3899856, 53.2888074], [69.3899541, 53.2889035], [69.389301, 53.2888269]]]}}, {"type": "Feature", "properties": {"levels": 2, "addr": "", "name": "", "type": "yes", "tagged": false}, "geometry": {"type": "Polygon", "coordinates": [[[69.3791249, 53.290171], [69.3794219, 53.2902022], [69.3795052, 53.2899194], [69.3792082, 53.2898881], [69.3791249, 53.290171]]]}}, {"type": "Feature", "properties": {"levels": 2, "addr": "", "name": "", "type": "apartments", "tagged": false}, "geometry": {"type": "Polygon", "coordinates": [[[69.3915977, 53.2765997], [69.3913375, 53.2765689], [69.3914031, 53.2763707], [69.3916633, 53.2764015], [69.3915977, 53.2765997]]]}}, {"type": "Feature", "properties": {"levels": 3.0, "addr": "", "name": "Дворец Студентов", "type": "university", "tagged": true}, "geometry": {"type": "Polygon", "coordinates": [[[69.3915142, 53.2901494], [69.3916133, 53.2897749], [69.3926718, 53.2898642], [69.3925773, 53.2902456], [69.3915142, 53.2901494]]]}}, {"type": "Feature", "properties": {"levels": 2, "addr": "Абылай хан даңғылы 10", "name": "", "type": "yes", "tagged": false}, "geometry": {"type": "Polygon", "coordinates": [[[69.3869574, 53.2987346], [69.386975, 53.2984403], [69.3869793, 53.2983217], [69.3865873, 53.2983166], [69.3865829, 53.2984352], [69.3867175, 53.2984369], [69.3866977, 53.2987284], [69.3869574, 53.2987346]]]}}, {"type": "Feature", "properties": {"levels": 2, "addr": "улица Магзи Абулкасымова 84/1", "name": "", "type": "apartments", "tagged": false}, "geometry": {"type": "Polygon", "coordinates": [[[69.3729168, 53.2870309], [69.372842, 53.2872841], [69.3723719, 53.2872345], [69.3723306, 53.2873741], [69.3730369, 53.2874486], [69.3731528, 53.2870558], [69.3729168, 53.2870309]]]}}, {"type": "Feature", "properties": {"levels": 2, "addr": "", "name": "", "type": "yes", "tagged": false}, "geometry": {"type": "Polygon", "coordinates": [[[69.3701183, 53.2864222], [69.3699865, 53.2864099], [69.3699727, 53.2864628], [69.3701044, 53.2864751], [69.3701183, 53.2864222]]]}}, {"type": "Feature", "properties": {"levels": 2, "addr": "", "name": "", "type": "yes", "tagged": false}, "geometry": {"type": "Polygon", "coordinates": [[[69.3702942, 53.2864384], [69.3701625, 53.2864261], [69.3701486, 53.286479], [69.3702804, 53.2864913], [69.3702942, 53.2864384]]]}}, {"type": "Feature", "properties": {"levels": 2, "addr": "", "name": "", "type": "yes", "tagged": false}, "geometry": {"type": "Polygon", "coordinates": [[[69.370257, 53.2870635], [69.3702341, 53.2871421], [69.3703223, 53.2871513], [69.3703452, 53.2870728], [69.370257, 53.2870635]]]}}, {"type": "Feature", "properties": {"levels": 2, "addr": "", "name": "", "type": "yes", "tagged": false}, "geometry": {"type": "Polygon", "coordinates": [[[69.3703026, 53.2869266], [69.3702796, 53.2870051], [69.3703679, 53.2870143], [69.3703908, 53.2869358], [69.3703026, 53.2869266]]]}}, {"type": "Feature", "properties": {"levels": 2, "addr": "", "name": "", "type": "yes", "tagged": false}, "geometry": {"type": "Polygon", "coordinates": [[[69.370333, 53.2867959], [69.37031, 53.2868745], [69.3703983, 53.2868837], [69.3704212, 53.2868052], [69.370333, 53.2867959]]]}}, {"type": "Feature", "properties": {"levels": 2, "addr": "", "name": "", "type": "yes", "tagged": false}, "geometry": {"type": "Polygon", "coordinates": [[[69.3703715, 53.286666], [69.3703486, 53.2867445], [69.3704368, 53.2867537], [69.3704598, 53.2866752], [69.3703715, 53.286666]]]}}, {"type": "Feature", "properties": {"levels": 2, "addr": "", "name": "", "type": "yes", "tagged": false}, "geometry": {"type": "Polygon", "coordinates": [[[69.3704089, 53.2865332], [69.370386, 53.2866117], [69.3704742, 53.286621], [69.3704972, 53.2865424], [69.3704089, 53.2865332]]]}}]}